id,program,title,link,upvotes,bounty,vuln_type,date
110,HackerOne,Login page password-guessing attack,hackerone.com/reports/110,22,0.0,,2014-01-16
120,HackerOne,Missing SPF for hackerone.com,hackerone.com/reports/120,48,0.0,Violation of Secure Design Principles,2014-01-09
263,HackerOne,Report title autocompletion,hackerone.com/reports/263,8,0.0,Information Disclosure,2015-06-08
275,HackerOne,Flawed account creation process allows registration of usernames corresponding to existing file names,hackerone.com/reports/275,15,0.0,,2015-06-08
280,HackerOne,Real impersonation,hackerone.com/reports/280,48,0.0,,2013-11-30
284,HackerOne,Broken Authentication and session management OWASP A2,hackerone.com/reports/284,35,0.0,Improper Authentication - Generic,2014-01-09
288,HackerOne,Session Management,hackerone.com/reports/288,14,0.0,,2014-04-19
298,HackerOne,RTL override symbol not stripped from file names,hackerone.com/reports/298,11,0.0,Violation of Secure Design Principles,2015-05-28
321,HackerOne,CSP not consistently applied,hackerone.com/reports/321,34,0.0,Cross-site Scripting (XSS) - Generic,2013-11-30
345,HackerOne,"Privilege escalation..., or not?!",hackerone.com/reports/345,11,0.0,Violation of Secure Design Principles,2015-06-08
353,HackerOne,Session not expired on logout,hackerone.com/reports/353,22,100.0,,2014-04-19
390,HackerOne,Pixel flood attack,hackerone.com/reports/390,66,500.0,Uncontrolled Resource Consumption,2013-11-30
400,HackerOne,GIF flooding,hackerone.com/reports/400,51,250.0,Uncontrolled Resource Consumption,2013-11-30
454,HackerOne,PNG compression DoS,hackerone.com/reports/454,18,500.0,Uncontrolled Resource Consumption,2015-05-28
477,HackerOne,Flawed account creation process allows registration of usernames corresponding to existing file names,hackerone.com/reports/477,11,100.0,,2014-04-19
487,HackerOne,DNS Cache Poisoning,hackerone.com/reports/487,41,100.0,,2014-01-09
499,Ruby,Ruby: Heap Overflow in Floating Point Parsing,hackerone.com/reports/499,26,0.0,,2013-11-22
500,Internet Bug Bounty,OpenSSH: Memory corruption in AES-GCM support,hackerone.com/reports/500,23,0.0,,2013-11-07
501,Internet Bug Bounty,TLS Virtual Host Confusion,hackerone.com/reports/501,23,0.0,,2014-11-10
523,Internet Bug Bounty,PHP openssl_x509_parse() Memory Corruption Vulnerability,hackerone.com/reports/523,16,0.0,Code Injection,2013-12-13
546,HackerOne,Logical issues with account settings,hackerone.com/reports/546,15,0.0,Violation of Secure Design Principles,2015-05-28
547,HackerOne,CSRF login,hackerone.com/reports/547,24,0.0,Cross-Site Request Forgery (CSRF),2014-01-13
575,HackerOne,Email spoofing ,hackerone.com/reports/575,28,0.0,Violation of Secure Design Principles,2015-05-28
713,HackerOne,Upload profile photo from URL,hackerone.com/reports/713,43,0.0,Server-Side Request Forgery (SSRF),2014-02-15
727,HackerOne,Switching the user to the attacker's account,hackerone.com/reports/727,27,150.0,Cross-Site Request Forgery (CSRF),2014-02-20
737,HackerOne,Improper session management,hackerone.com/reports/737,24,100.0,Improper Authentication - Generic,2014-02-19
738,HackerOne,Information disclosure (reset password token) and changing the user's password,hackerone.com/reports/738,24,100.0,Cross-Site Request Forgery (CSRF),2014-02-19
742,HackerOne,A password reset page does not properly validate the authenticity token at the server side.,hackerone.com/reports/742,10,100.0,Cross-Site Request Forgery (CSRF),2014-04-19
761,HackerOne,Enumeration of users,hackerone.com/reports/761,20,0.0,Violation of Secure Design Principles,2014-10-03
774,Phabricator,Log in a user to another account,hackerone.com/reports/774,21,300.0,Cross-Site Request Forgery (CSRF),2014-02-22
809,Phabricator,Improperly implemented password recovery link functionality,hackerone.com/reports/809,14,300.0,Improper Authentication - Generic,2014-02-27
842,HackerOne,Autocomplete enabled in Paypal preferences,hackerone.com/reports/842,8,0.0,Violation of Secure Design Principles,2015-05-28
1093,HackerOne,LinkedIN URL should be HTTPS,hackerone.com/reports/1093,10,0.0,,2016-05-18
1356,Internet Bug Bounty,PHP Heap Overflow Vulnerability in imagecrop(),hackerone.com/reports/1356,8,0.0,,2014-02-06
1409,Factlink,Proxy discloses internal web servers,hackerone.com/reports/1409,10,0.0,Information Disclosure,2014-04-08
1425,Secret,SSL Not Enforced,hackerone.com/reports/1425,7,0.0,,2014-03-16
1498,Secret,Strict Transport Security on secret.ly,hackerone.com/reports/1498,3,0.0,,2014-04-22
1509,HackerOne,DNS Misconfiguration,hackerone.com/reports/1509,19,0.0,,2014-02-15
2106,Internet Bug Bounty,Flash type confusion vulnerability leads to code execution,hackerone.com/reports/2106,8,0.0,,2013-12-10
2107,Internet Bug Bounty,Handling of jar: URIs bypasses AllowScriptAccess=never,hackerone.com/reports/2107,6,2000.0,,2014-01-14
2140,Internet Bug Bounty,Flash local-with-fileaccess Sandbox Bypass,hackerone.com/reports/2140,6,0.0,Information Disclosure,2014-04-17
2170,Internet Bug Bounty,Flash double free vulnerability leads to code execution,hackerone.com/reports/2170,5,0.0,Memory Corruption - Generic,2014-02-27
2193,HackerOne,harvesting attack on user registration,hackerone.com/reports/2193,6,0.0,,2014-05-19
2221,HackerOne,CSS leaks SCSS debug info,hackerone.com/reports/2221,13,0.0,Information Disclosure,2014-02-28
2224,Phabricator,Bypass auth.email-domains,hackerone.com/reports/2224,15,1000.0,Improper Authentication - Generic,2014-03-25
2228,Phabricator,Login CSRF using Twitter OAuth,hackerone.com/reports/2228,14,0.0,Cross-Site Request Forgery (CSRF),2014-03-26
2233,Phabricator,Bypass auth.email-domains (2),hackerone.com/reports/2233,13,500.0,Improper Authentication - Generic,2014-03-26
2293,Internet Bug Bounty,Widespread failure of certificate validation in Android apps,hackerone.com/reports/2293,5,0.0,Cryptographic Issues - Generic,2019-11-12
2414,RelateIQ,open redirect,hackerone.com/reports/2414,1,0.0,Open Redirect,2014-05-19
2421,RelateIQ,Value of JSESSIONID  and XSRF token parameter in cookie remains same before and after login,hackerone.com/reports/2421,5,0.0,Violation of Secure Design Principles,2014-05-14
2427,RelateIQ,XSRF token problem,hackerone.com/reports/2427,1,0.0,Violation of Secure Design Principles,2014-04-20
2429,HackerOne,Hackerone Email Addresses Enumeration,hackerone.com/reports/2429,24,0.0,Information Disclosure,2016-06-17
2439,RelateIQ,Cross Site Scripting (XSS) - app.relateiq.com,hackerone.com/reports/2439,5,0.0,Cross-site Scripting (XSS) - Generic,2014-08-07
2497,Slack,Reflective XSS can be triggered in IE,hackerone.com/reports/2497,4,150.0,Cross-site Scripting (XSS) - Generic,2015-03-15
2559,Slack,Broken Authentication (including Slack OAuth bugs),hackerone.com/reports/2559,8,0.0,Violation of Secure Design Principles,2014-08-30
2575,Slack,"Slack OAuth2 ""redirect_uri"" Bypass ",hackerone.com/reports/2575,10,0.0,Improper Authentication - Generic,2014-05-29
2582,Slack,Session Fixation disclosing email address,hackerone.com/reports/2582,7,0.0,Information Disclosure,2014-03-31
2584,HackerOne,Weird Bug - Ability to see partial of other user's notification,hackerone.com/reports/2584,8,0.0,,2014-04-19
2617,Slack,Stored XSS in www.slack-files.com,hackerone.com/reports/2617,8,0.0,Cross-site Scripting (XSS) - Generic,2014-05-23
2622,Slack,URL redirection flaw,hackerone.com/reports/2622,5,0.0,Open Redirect,2014-08-30
2625,Slack,Stored XSS in username.slack.com,hackerone.com/reports/2625,4,0.0,Cross-site Scripting (XSS) - Generic,2014-08-07
2628,Slack,CSRF vulnerability on https://sehacure.slack.com/account/settings,hackerone.com/reports/2628,5,0.0,Cross-Site Request Forgery (CSRF),2014-07-26
2635,Slack,csrf,hackerone.com/reports/2635,4,0.0,Cross-Site Request Forgery (CSRF),2014-04-06
2638,Slack,CSRF on add comment section,hackerone.com/reports/2638,2,0.0,Cross-Site Request Forgery (CSRF),2014-04-12
2639,Slack,Stored XSS on this link https://sehacure.slack.com/help/requests/,hackerone.com/reports/2639,6,0.0,Cross-site Scripting (XSS) - Generic,2014-08-30
2652,Slack,Stored XSS in Channel Chat ,hackerone.com/reports/2652,3,0.0,Cross-site Scripting (XSS) - Generic,2014-05-21
2688,Slack,State parameter missing on google OAuth,hackerone.com/reports/2688,6,0.0,Cross-Site Request Forgery (CSRF),2014-04-06
2731,Slack,Open redirect vulnerability ,hackerone.com/reports/2731,11,0.0,Open Redirect,2014-04-06
2735,RelateIQ,"HTML injection in ""Invite Collaborators""",hackerone.com/reports/2735,9,0.0,Cross-site Scripting (XSS) - Generic,2014-04-06
2746,Slack,Data exports stored on S3 can be scraped easily,hackerone.com/reports/2746,9,0.0,Improper Authentication - Generic,2014-12-09
2766,Slack,Email enumeration,hackerone.com/reports/2766,8,0.0,Information Disclosure,2014-04-02
2777,Slack,Reflected Xss,hackerone.com/reports/2777,3,500.0,Cross-site Scripting (XSS) - Generic,2014-05-19
2857,Phabricator,CSRF token valid even after the session logout of a particular user,hackerone.com/reports/2857,2,0.0,Cross-Site Request Forgery (CSRF),2014-06-26
2926,Slack,Stored XSS ,hackerone.com/reports/2926,4,0.0,Cross-site Scripting (XSS) - Generic,2014-04-06
2975,Slack,Deleting Teams implemenation,hackerone.com/reports/2975,2,0.0,Improper Authentication - Generic,2014-08-21
2979,Slack,Content Spoofing,hackerone.com/reports/2979,3,0.0,Violation of Secure Design Principles,2014-08-11
3227,HackerOne,Control Characters Not Stripped From Username on Signup,hackerone.com/reports/3227,14,0.0,Violation of Secure Design Principles,2014-03-11
3356,Phabricator,UnAuthorized Editorial Publishing to Blogs,hackerone.com/reports/3356,7,300.0,Improper Authentication - Generic,2014-04-05
3370,Ruby on Rails,Directory traversal attack in view resolver,hackerone.com/reports/3370,8,0.0,Information Disclosure,2015-07-09
3432,RelateIQ,RelateIQ GWT based application visible to unauthenticated users,hackerone.com/reports/3432,3,0.0,Information Disclosure,2014-04-11
3441,RelateIQ,Captcha Bypass With Extension,hackerone.com/reports/3441,4,0.0,Cryptographic Issues - Generic,2014-04-20
3455,Slack,flash content type sniff vulnerability in api.slack.com,hackerone.com/reports/3455,2,0.0,Cross-Site Request Forgery (CSRF),2014-04-08
3596,Phabricator,OAuth access_token stealing in Phabricator,hackerone.com/reports/3596,9,450.0,Open Redirect,2014-04-11
3709,HackerOne,Criptographic Issue: Strisct Transport Security with not good max age..(TOO SHORT!),hackerone.com/reports/3709,4,0.0,Cryptographic Issues - Generic,2014-04-22
3722,Slack,User impersonation is possible with incoming webhooks,hackerone.com/reports/3722,3,0.0,Violation of Secure Design Principles,2014-04-10
3921,Phabricator,Control character allowed in username,hackerone.com/reports/3921,8,300.0,,2014-04-12
3923,HackerOne,Adding an user email address to the list before confirming.,hackerone.com/reports/3923,8,0.0,Violation of Secure Design Principles,2014-06-11
3930,Phabricator,OAuth Stealing Attack (New),hackerone.com/reports/3930,10,400.0,Open Redirect,2014-04-13
3986,HackerOne,Securing sensitive pages from SearchBots,hackerone.com/reports/3986,6,100.0,Violation of Secure Design Principles,2014-04-20
3991,HackerOne,Accepting Invalid characters on email address,hackerone.com/reports/3991,7,0.0,Violation of Secure Design Principles,2016-04-25
4114,Phabricator,Persistent XSS: Editor link,hackerone.com/reports/4114,8,300.0,Cross-site Scripting (XSS) - Generic,2014-04-16
4184,HackerOne,javascript: and mailto: links are allowed on users' profiles,hackerone.com/reports/4184,8,0.0,Cross-site Scripting (XSS) - Generic,2015-05-13
4276,MoneyStream,Here is another XSS i got for you,hackerone.com/reports/4276,7,0.0,Cross-site Scripting (XSS) - Generic,2014-08-06
4409,RelateIQ,TRACE disclosure attack may be possible,hackerone.com/reports/4409,6,0.0,Information Disclosure,2014-07-25
4549,Slack,Open Redirect in Slack,hackerone.com/reports/4549,2,0.0,Open Redirect,2014-05-21
4561,Slack,Stored XSS in Slackbot Direct Messages,hackerone.com/reports/4561,8,0.0,Cross-site Scripting (XSS) - Generic,2014-05-04
4638,Slack,Duplicate of #4550,hackerone.com/reports/4638,3,0.0,,2014-05-21
4689,Internet Bug Bounty,SPDY memory corruption,hackerone.com/reports/4689,18,0.0,,2014-03-24
4690,Internet Bug Bounty,SPDY heap buffer overflow,hackerone.com/reports/4690,14,0.0,,2014-03-24
4777,Concrete CMS,XSS in Theme Preview Tools File,hackerone.com/reports/4777,2,0.0,Cross-site Scripting (XSS) - Generic,2014-08-28
4792,Concrete CMS,HttpOnly flag not set for cookie on concrete5.org,hackerone.com/reports/4792,10,0.0,Violation of Secure Design Principles,2014-04-16
4795,Concrete CMS,Bypass auth.email-domains,hackerone.com/reports/4795,11,0.0,Improper Authentication - Generic,2014-04-30
4808,Concrete CMS,/index.php/dashboard/sitemap/explore/ Cross-site scripting,hackerone.com/reports/4808,4,0.0,Cross-site Scripting (XSS) - Generic,2014-06-09
4811,Concrete CMS,dashboard/pages/types [Unknown column 'Array' in 'where clause'] disclosure.,hackerone.com/reports/4811,2,0.0,Information Disclosure,2014-06-09
4826,Concrete CMS,XSS in private message,hackerone.com/reports/4826,7,0.0,Cross-site Scripting (XSS) - Generic,2014-05-14
4839,Concrete CMS,XSS IN member List (Because of City Textbox),hackerone.com/reports/4839,6,0.0,Cross-site Scripting (XSS) - Generic,2014-04-16
4931,Concrete CMS,CONCRETE5 - path disclosure.,hackerone.com/reports/4931,2,0.0,Information Disclosure,2014-06-09
4938,Concrete CMS,page_controls_menu_js can reveal collection version of page,hackerone.com/reports/4938,4,0.0,Information Disclosure,2014-03-31
5073,Coinbase,Information Disclosure That shows the webroot of CoinBase Server,hackerone.com/reports/5073,3,0.0,Information Disclosure,2014-05-04
5199,Coinbase,Improper Validation of the Referrer header leading to Open URL Redirection,hackerone.com/reports/5199,2,0.0,Open Redirect,2014-04-29
5200,Coinbase,"User Enumeration, Information Disclosure and Lack of Rate Limitation on API",hackerone.com/reports/5200,4,0.0,Violation of Secure Design Principles,2014-03-31
5204,Coinbase, Cookie missing the HttpOnly flag  ,hackerone.com/reports/5204,2,0.0,,2014-04-30
5205,Coinbase,IFRAME loaded from External Domains  ,hackerone.com/reports/5205,2,0.0,,2014-04-30
5314,Coinbase,Coinbase Android Application - Bitcoin Wallet Leaks OAuth Response Code,hackerone.com/reports/5314,14,0.0,Information Disclosure,2014-11-26
5426,MS-DOS,CRITICAL BUG!,hackerone.com/reports/5426,5,0.0,Violation of Secure Design Principles,2014-04-01
5437,MS-DOS,Please contact me @sehacure otherwise i am going to disclose in Full disclosure mailing list :p ,hackerone.com/reports/5437,10,0.0,Uncontrolled Resource Consumption,2014-04-02
5441,MS-DOS,Hack administrator password even if you are a guest,hackerone.com/reports/5441,7,0.0,Improper Authentication - Generic,2014-04-01
5466,MS-DOS,Bug in Source Code Files(v1.1),hackerone.com/reports/5466,6,0.0,Memory Corruption - Generic,2014-04-01
5499,MS-DOS,Arbitrary command execution in MS-DOS,hackerone.com/reports/5499,5,0.0,Command Injection - Generic,2014-04-01
5534,MS-DOS,Permanent Denial of Service ,hackerone.com/reports/5534,19,0.0,Uncontrolled Resource Consumption,2014-04-01
5549,MS-DOS,History Disclosure of MS-Dos,hackerone.com/reports/5549,3,0.0,Information Disclosure,2014-07-20
5559,MS-DOS,Injecting Distrust and Disbelief in Addicted Gamers ,hackerone.com/reports/5559,3,0.0,,2014-06-04
5596,MS-DOS,एमएस  डॉस प्राणघाती है।  ,hackerone.com/reports/5596,5,0.0,Improper Authentication - Generic,2014-04-04
5617,Slack,TLS1/SSLv3 Renegotiation Vulnerability,hackerone.com/reports/5617,2,0.0,,2014-08-14
5654,C2FO,OPTIONS Method Enabled,hackerone.com/reports/5654,4,0.0,,2014-04-07
5688,C2FO,User guessing/enumeration at  https://app.c2fo.com/api/password-reset,hackerone.com/reports/5688,4,0.0,Information Disclosure,2014-05-19
5691,C2FO,Password reset token leakage through referrer at https://app.c2fo.com/password/reset/,hackerone.com/reports/5691,4,0.0,Information Disclosure,2014-04-15
5786,Coinbase,Coinbase Android Security Vulnerabilities,hackerone.com/reports/5786,9,0.0,Cryptographic Issues - Generic,2014-05-07
5928,Internet Bug Bounty,Uncontrolled Resource Consumption with XMPP-Layer Compression,hackerone.com/reports/5928,3,500.0,Uncontrolled Resource Consumption,2014-04-20
5933,Coinbase,Multiple Issues related to registering applications,hackerone.com/reports/5933,3,1000.0,Violation of Secure Design Principles,2014-05-29
5946,HackerOne,Marking notifications as read CSRF bug,hackerone.com/reports/5946,4,0.0,Cross-Site Request Forgery (CSRF),2015-04-28
6002,Slack,Stored XSS in Slack.com,hackerone.com/reports/6002,5,0.0,Cross-site Scripting (XSS) - Generic,2015-03-09
6017,Slack,Facebook Takeover using Slack using 302 from files.slack.com with access_token,hackerone.com/reports/6017,17,0.0,Open Redirect,2015-01-11
6035,Slack,open redirect in https://slack.com,hackerone.com/reports/6035,2,0.0,Open Redirect,2014-05-31
6344,Khan Academy,http://smarthistory.khanacademy.org/search-results.html XSS,hackerone.com/reports/6344,4,0.0,Cross-site Scripting (XSS) - Generic,2014-04-09
6350,HackerOne,creating titleless and non-closable bugs ,hackerone.com/reports/6350,6,0.0,,2014-04-17
6352,Khan Academy,Dom based XSS https://www.khanacademy.org/,hackerone.com/reports/6352,4,0.0,Cross-site Scripting (XSS) - Generic,2014-04-09
6353,RelateIQ,Wildcard DNS in website,hackerone.com/reports/6353,7,0.0,Violation of Secure Design Principles,2014-06-01
6357,Khan Academy,https://www.khanacademy.org/login open-redirect,hackerone.com/reports/6357,3,0.0,Open Redirect,2014-04-09
6362,Khan Academy,Full Path Disclosure on [smarthistory.khanacademy.org],hackerone.com/reports/6362,3,0.0,Information Disclosure,2014-04-11
6369,Khan Academy,Stored XSS {dangerous?} https://www.khanacademy.org/coach/roster/?listId=allStudents,hackerone.com/reports/6369,4,0.0,Cross-site Scripting (XSS) - Generic,2014-04-09
6370,Khan Academy,Possible clickjacking at shop.khanacademy.org,hackerone.com/reports/6370,2,0.0,UI Redressing (Clickjacking),2014-05-08
6371,Khan Academy,Lighttpd version disclosure / directory listing,hackerone.com/reports/6371,4,0.0,Information Disclosure,2014-04-12
6376,Khan Academy,User guessing/enumeration at sw.khanacademy.org,hackerone.com/reports/6376,3,0.0,Information Disclosure,2014-04-15
6378,Khan Academy,CSRF - Adding/Removing items to cart - shop.khanacademy.org,hackerone.com/reports/6378,4,0.0,Cross-Site Request Forgery (CSRF),2014-05-08
6380,Internet Bug Bounty,Same Origin Security Bypass Vulnerability,hackerone.com/reports/6380,3,2000.0,,2014-03-11
6389,Internet Bug Bounty,Integer overflow in strop.expandtabs,hackerone.com/reports/6389,4,0.0,,2014-03-31
6409,Khan Academy,https://www.khanacademy.org/coach/reports/activity XSS,hackerone.com/reports/6409,3,0.0,Cross-site Scripting (XSS) - Generic,2014-04-09
6412,Khan Academy,Persistent class XSS [the fuck],hackerone.com/reports/6412,5,0.0,Cross-site Scripting (XSS) - Generic,2014-04-09
6475,Concrete CMS,https://concrete5.org ::: HeartBleed Attack (CVE-2014-0160),hackerone.com/reports/6475,3,0.0,Information Disclosure,2014-04-09
6488,Khan Academy,Weak Ciphers Enabled,hackerone.com/reports/6488,10,0.0,Information Disclosure,2014-04-09
6491,C2FO,c2fo.com is releasing sensitive Information about Database Configuration.,hackerone.com/reports/6491,4,0.0,Information Disclosure,2014-05-08
6504,ReddAPI,Session Fixation Found,hackerone.com/reports/6504,5,0.0,,2014-04-20
6547,HackerOne,(lack of) smtp transport layer security,hackerone.com/reports/6547,4,0.0,Cryptographic Issues - Generic,2015-05-05
6564,Khan Academy,Open Redirection in SmartHistory KhanAcademy,hackerone.com/reports/6564,5,0.0,Open Redirect,2014-04-09
6574,ReddAPI,Login page password-guessing attack,hackerone.com/reports/6574,6,0.0,,2014-05-09
6575,Khan Academy,XSS at  http://smarthistory.khanacademy.org,hackerone.com/reports/6575,7,0.0,Cross-site Scripting (XSS) - Generic,2014-04-09
6626,Internet Bug Bounty,TLS heartbeat read overrun,hackerone.com/reports/6626,10,0.0,,2014-04-07
6697,ReddAPI,No Captcha or rate limit on Login Page,hackerone.com/reports/6697,7,0.0,Improper Authentication - Generic,2014-04-23
6794,C2FO,The server supports only older protocols for HTTPS connections,hackerone.com/reports/6794,2,0.0,Cryptographic Issues - Generic,2014-05-15
6826,Faceless,Blocking yourself,hackerone.com/reports/6826,2,0.0,Violation of Secure Design Principles,2014-04-11
6843,Concrete CMS,Cross-Site Scripting in getMarketplacePurchaseFrame,hackerone.com/reports/6843,2,0.0,Cross-site Scripting (XSS) - Generic,2014-08-18
6853,Concrete CMS,XSS on [/concrete/concrete/elements/dashboard/sitemap.php],hackerone.com/reports/6853,6,0.0,Cross-site Scripting (XSS) - Generic,2014-08-28
6871,IRCCloud,Login CSRF,hackerone.com/reports/6871,2,100.0,Cross-Site Request Forgery (CSRF),2014-04-21
6872,IRCCloud,Sign up CSRF,hackerone.com/reports/6872,4,100.0,Cross-Site Request Forgery (CSRF),2014-05-14
6877,IRCCloud,"Unsecure cookies, cookie flag secure not set",hackerone.com/reports/6877,3,100.0,Violation of Secure Design Principles,2014-05-15
6883,IRCCloud,Bruteforcing irccloud login,hackerone.com/reports/6883,3,100.0,Violation of Secure Design Principles,2014-05-26
6884,IRCCloud,Leaking Referrer in Reset Password Link,hackerone.com/reports/6884,5,100.0,Violation of Secure Design Principles,2014-04-12
6888,IRCCloud,HTML Form without CSRF protection,hackerone.com/reports/6888,3,0.0,Cross-Site Request Forgery (CSRF),2014-05-14
6907,IRCCloud,Session Token is not Verified while changing Account Setting's which Result In account Takeover,hackerone.com/reports/6907,5,0.0,Cross-Site Request Forgery (CSRF),2014-04-23
6910,IRCCloud,Full account takeover using CSRF and password reset,hackerone.com/reports/6910,16,0.0,Cross-Site Request Forgery (CSRF),2014-04-14
6927,IRCCloud,Session cookie can be leaked over an unencrypted HTTP connection,hackerone.com/reports/6927,1,0.0,Violation of Secure Design Principles,2014-05-15
6935,IRCCloud,Missing X-Content-Type-Options,hackerone.com/reports/6935,6,0.0,Violation of Secure Design Principles,2014-05-15
7033,IRCCloud,"""SESSION""  Cookie without HttpOnly flag set",hackerone.com/reports/7033,5,0.0,Improper Authentication - Generic,2014-05-11
7036,IRCCloud,Bug in iOS application which could lead to unauthorised access.,hackerone.com/reports/7036,6,0.0,Improper Authentication - Generic,2014-05-15
7041,IRCCloud,iOS application does not destroy session upon logout.,hackerone.com/reports/7041,5,0.0,Improper Authentication - Generic,2014-05-22
7051,IRCCloud, User Account Creation CSRF ,hackerone.com/reports/7051,3,0.0,Cross-Site Request Forgery (CSRF),2014-06-25
7085,IRCCloud,DNS Misconfiguration,hackerone.com/reports/7085,5,0.0,,2014-04-11
7116,IRCCloud,CSRF to Account Take Over Bug ,hackerone.com/reports/7116,4,0.0,Cross-Site Request Forgery (CSRF),2014-09-08
7121,IRCCloud,Persistent Cross Site Scripting within the IRCCloud Pastebin ,hackerone.com/reports/7121,3,500.0,Cross-site Scripting (XSS) - Generic,2014-10-01
7226,IRCCloud,Login page password-guessing attack(Brute-force attack-High).,hackerone.com/reports/7226,8,0.0,Improper Authentication - Generic,2014-04-26
7270,Faceless,Bruteforce attack in login panel,hackerone.com/reports/7270,4,0.0,Violation of Secure Design Principles,2014-04-15
7277,Internet Bug Bounty,TLS Triple Handshake Attack,hackerone.com/reports/7277,14,0.0,,2014-03-03
7332,IRCCloud,CSRF - Creating accounts,hackerone.com/reports/7332,1,0.0,Cross-Site Request Forgery (CSRF),2014-05-14
7357,IRCCloud,Host Header is not validated resulting in Open Redirect,hackerone.com/reports/7357,4,100.0,Violation of Secure Design Principles,2014-04-24
7369,Coinbase,2 factor authentication design flaw,hackerone.com/reports/7369,2,0.0,Violation of Secure Design Principles,2014-06-06
7436,IRCCloud,Unwanted Spamming Using CSRF [LOGGED IN USER],hackerone.com/reports/7436,4,0.0,Cross-Site Request Forgery (CSRF),2014-05-17
7441,IRCCloud,Dangerous Persistent xss,hackerone.com/reports/7441,4,0.0,Cross-site Scripting (XSS) - Generic,2014-05-13
7516,IRCCloud,Log Out Cross site Request Forgery,hackerone.com/reports/7516,1,0.0,Cross-Site Request Forgery (CSRF),2014-06-13
7531,IRCCloud,Login CSRF can be bypassed (Similar approach to previous one).,hackerone.com/reports/7531,8,0.0,Cross-Site Request Forgery (CSRF),2014-05-20
7571,Automattic,Simplenote Silverlight cross-domain policy misconfiguration,hackerone.com/reports/7571,1,0.0,Cross-Site Request Forgery (CSRF),2014-05-17
7680,Automattic,Session Cookie without Secure flag set,hackerone.com/reports/7680,2,0.0,,2014-05-21
7736,Concrete CMS,FULL PATH DISCLOSUR ,hackerone.com/reports/7736,6,0.0,Information Disclosure,2014-04-17
7803,Internet Bug Bounty,Security bypass could lead to information disclosure,hackerone.com/reports/7803,3,2000.0,,2014-04-08
7843,Automattic,Session Cookie without Secure flag set,hackerone.com/reports/7843,1,0.0,,2014-05-21
7849,Automattic,HTML form without CSRF protection,hackerone.com/reports/7849,4,0.0,Cross-Site Request Forgery (CSRF),2014-07-08
7862,Localize,ClickJacking,hackerone.com/reports/7862,2,0.0,UI Redressing (Clickjacking),2014-05-17
7863,Localize,HTML Form Without CSRF protection,hackerone.com/reports/7863,3,0.0,Cryptographic Issues - Generic,2014-04-18
7865,Localize,Sign-up Form CSRF,hackerone.com/reports/7865,9,0.0,Cross-Site Request Forgery (CSRF),2014-04-18
7868,Localize,XSS in Groups,hackerone.com/reports/7868,10,0.0,Cross-site Scripting (XSS) - Generic,2014-04-18
7869,Localize,No BruteForce Protection,hackerone.com/reports/7869,2,0.0,Cryptographic Issues - Generic,2014-04-22
7870,Localize,Change user settings through CSRF,hackerone.com/reports/7870,2,0.0,Cross-Site Request Forgery (CSRF),2014-05-18
7873,Localize,Stored XSS,hackerone.com/reports/7873,3,0.0,Cross-site Scripting (XSS) - Generic,2014-04-20
7876,Localize,XSS & HTML injection,hackerone.com/reports/7876,11,0.0,Cross-Site Request Forgery (CSRF),2014-04-18
7882,Localize,XSS in main page,hackerone.com/reports/7882,10,0.0,Cross-site Scripting (XSS) - Generic,2014-04-18
7883,Localize,Password Policy,hackerone.com/reports/7883,2,0.0,Violation of Secure Design Principles,2014-05-18
7886,Localize,XSS in main page (invitation),hackerone.com/reports/7886,7,0.0,Cross-site Scripting (XSS) - Generic,2014-04-18
7887,Localize,XSS in invite approval,hackerone.com/reports/7887,10,0.0,Cross-site Scripting (XSS) - Generic,2014-04-18
7888,Localize,Unexpected array leaks information about the system,hackerone.com/reports/7888,4,0.0,Information Disclosure,2014-04-18
7890,Localize,XSS in Localize.io,hackerone.com/reports/7890,4,0.0,Cross-site Scripting (XSS) - Generic,2014-04-18
7894,Localize,Full path disclosure,hackerone.com/reports/7894,3,0.0,Information Disclosure,2014-04-18
7897,Localize,"HTML/Javascript possible in ""Discussion"" section of reviews",hackerone.com/reports/7897,6,0.0,Cross-site Scripting (XSS) - Generic,2014-04-19
7898,Respondly,Persistent Cross-site scripting vulnerability settings.,hackerone.com/reports/7898,2,0.0,Cross-site Scripting (XSS) - Generic,2014-04-21
7900,Respondly,OAuth open redirect,hackerone.com/reports/7900,8,0.0,Open Redirect,2014-04-22
7903,Localize,Path Disclosure (Info Disclosure) in  http://www.localize.io,hackerone.com/reports/7903,4,0.0,Information Disclosure,2014-04-18
7909,Localize,Business logic Failure - Browser cache management and logout vulnerability.,hackerone.com/reports/7909,13,0.0,Improper Authentication - Generic,2014-05-18
7913,Respondly,Import emails from Gmail are activate XSS,hackerone.com/reports/7913,2,0.0,Cross-site Scripting (XSS) - Generic,2014-04-21
7914,Localize,Server header - information disclosure ,hackerone.com/reports/7914,3,0.0,Information Disclosure,2014-05-19
7915,Localize,Uninitialized variable error message leaks information ,hackerone.com/reports/7915,4,0.0,Information Disclosure,2014-04-18
7916,Localize,No Cross-Site Request Forgery protection at multiple locations,hackerone.com/reports/7916,3,0.0,Cross-Site Request Forgery (CSRF),2014-04-18
7917,Respondly,"Find, private notes Cross-site scripting.",hackerone.com/reports/7917,2,0.0,Cross-site Scripting (XSS) - Generic,2014-04-21
7919,Respondly,XSS via Email,hackerone.com/reports/7919,4,0.0,Cross-site Scripting (XSS) - Generic,2014-04-21
7921,Localize,Assigning a non-existing role to user causes exception when opening project page,hackerone.com/reports/7921,3,0.0,Uncontrolled Resource Consumption,2014-04-19
7923,Localize,Apache2 /icons/ folder accessible,hackerone.com/reports/7923,4,0.0,Information Disclosure,2014-05-18
7924,Respondly,Clickjacking - changing role,hackerone.com/reports/7924,1,0.0,UI Redressing (Clickjacking),2014-04-21
7929,HackerOne,Arbitrary file uploads to Amazon WS.,hackerone.com/reports/7929,4,0.0,Violation of Secure Design Principles,2014-04-26
7930,Localize,Information Disclosure (Directory Structure),hackerone.com/reports/7930,4,0.0,Information Disclosure,2014-04-18
7931,HackerOne,Issue with remember_user_token,hackerone.com/reports/7931,4,150.0,Violation of Secure Design Principles,2015-05-28
7936,Secret,Login CSRF in Secret.ly,hackerone.com/reports/7936,5,0.0,Cross-Site Request Forgery (CSRF),2014-06-09
7941,Localize,A Serious Bug on SIGNUP Process!,hackerone.com/reports/7941,4,0.0,Memory Corruption - Generic,2014-04-22
7945,Respondly,x-frame options-sameorigin warning,hackerone.com/reports/7945,4,0.0,Violation of Secure Design Principles,2014-05-18
7949,Respondly,DNS Misconfiguration,hackerone.com/reports/7949,2,0.0,,2014-05-18
7950,Localize,User credentials are sent in clear text,hackerone.com/reports/7950,2,0.0,Information Disclosure,2014-04-18
7954,Localize,Password type input with auto-complete enabled,hackerone.com/reports/7954,4,0.0,Improper Authentication - Generic,2014-04-19
7962,Localize,CSRF in adding phrase.,hackerone.com/reports/7962,12,0.0,Cross-Site Request Forgery (CSRF),2014-04-19
7968,Localize,Sensitive file,hackerone.com/reports/7968,5,0.0,Violation of Secure Design Principles,2014-04-18
7969,Respondly,HTTP Strict transport security policy not enabled,hackerone.com/reports/7969,2,0.0,Violation of Secure Design Principles,2014-04-21
7972,Localize,Full Path Disclosure,hackerone.com/reports/7972,4,0.0,Information Disclosure,2014-04-19
7995,Localize,XSS in password,hackerone.com/reports/7995,5,0.0,Cross-site Scripting (XSS) - Generic,2014-05-11
8010,Respondly,XSS via Email Link,hackerone.com/reports/8010,4,0.0,Cross-site Scripting (XSS) - Generic,2014-04-21
8013,Localize,Full Path Disclosure (2),hackerone.com/reports/8013,3,0.0,Information Disclosure,2014-04-19
8017,Localize,Login page password-guessing attack,hackerone.com/reports/8017,6,0.0,,2014-04-20
8019,Localize,Possible sensitive files,hackerone.com/reports/8019,7,0.0,Information Disclosure,2014-04-20
8053,Respondly,X-Content-Type-Options header missing,hackerone.com/reports/8053,1,0.0,Violation of Secure Design Principles,2014-05-21
8055,Localize,Apache Documentation,hackerone.com/reports/8055,5,0.0,Information Disclosure,2014-04-18
8059,Localize,X-Content-Type-Options header missing,hackerone.com/reports/8059,2,0.0,Violation of Secure Design Principles,2014-05-19
8064,Localize,Numerous open ports/services,hackerone.com/reports/8064,5,0.0,Information Disclosure,2014-04-21
8082,HackerOne,Password Reset Bug,hackerone.com/reports/8082,15,100.0,Violation of Secure Design Principles,2014-09-25
8088,Localize,Full Path Disclosure (FPD) in www.localize.io,hackerone.com/reports/8088,3,0.0,Information Disclosure,2014-04-19
8090,Localize,Full Path Disclosure / Info Disclosure in Creating New Group,hackerone.com/reports/8090,12,0.0,Information Disclosure,2014-04-19
8091,Localize,Full Path Disclosure / Info Disclosure in Importing XML Section!,hackerone.com/reports/8091,3,0.0,Information Disclosure,2014-04-19
8093,Localize,infinite number of new project creation!,hackerone.com/reports/8093,3,0.0,Memory Corruption - Generic,2014-04-22
8102,Localize,Making groups in any project without permission ,hackerone.com/reports/8102,3,0.0,Privilege Escalation,2014-04-20
8104,Localize,Deleting groups in any project without permission ,hackerone.com/reports/8104,3,0.0,Privilege Escalation,2014-04-20
8184,Localize,OPTIONS Method Enabled,hackerone.com/reports/8184,3,0.0,,2014-04-21
8216,Localize,Group Creation Via CSRF,hackerone.com/reports/8216,2,0.0,Cross-Site Request Forgery (CSRF),2014-04-21
8218,Localize,Group Deletion Via CSRF,hackerone.com/reports/8218,2,0.0,Cross-Site Request Forgery (CSRF),2014-04-21
8224,Localize, Private Project Access Request Accpeted Via CSRF ,hackerone.com/reports/8224,2,0.0,Cross-Site Request Forgery (CSRF),2014-04-21
8226,Localize,Private Project Access Request Invitation Sent Via CSRF ,hackerone.com/reports/8226,9,0.0,Cross-Site Request Forgery (CSRF),2014-04-21
8239,Localize,No Wildcard DNS,hackerone.com/reports/8239,2,0.0,Violation of Secure Design Principles,2014-04-21
8242,Respondly,Allowed method disclosure,hackerone.com/reports/8242,2,0.0,Violation of Secure Design Principles,2014-04-21
8273,Localize,Projects Watch or Notifications Settings Change Via CSRF,hackerone.com/reports/8273,3,0.0,Cross-Site Request Forgery (CSRF),2014-05-21
8737,Respondly,Deleting team members,hackerone.com/reports/8737,8,0.0,Cross-site Scripting (XSS) - Generic,2014-04-23
8780,StopTheHacker,Information Disclosure (FPD) - stopthehacker.com,hackerone.com/reports/8780,4,0.0,Information Disclosure,2014-07-08
8843,StopTheHacker,CSRF - Disabling orders at https://panel.stopthehacker.com/manage/disable-order/order/ID,hackerone.com/reports/8843,2,0.0,Cross-Site Request Forgery (CSRF),2014-07-19
8862,StopTheHacker,XSS in Stopthehacker support,hackerone.com/reports/8862,3,0.0,Cross-site Scripting (XSS) - Generic,2014-07-19
8996,Respondly,No Bruteforce Protection,hackerone.com/reports/8996,4,0.0,Improper Authentication - Generic,2014-05-22
9008,Localize,Criptographic Issue: Strisct Transport Security with not good max age..(TOO SHORT!),hackerone.com/reports/9008,3,0.0,Cryptographic Issues - Generic,2014-04-23
9088,Localize,"Atttacker can send ""Invitation Request"" to a Project that is not even created yet!",hackerone.com/reports/9088,5,0.0,Improper Authentication - Generic,2014-04-23
9137,Respondly,Full Path Disclosure,hackerone.com/reports/9137,3,0.0,Information Disclosure,2014-04-23
9148,StopTheHacker,XSS Reflected - https://www.stopthehacker.com/,hackerone.com/reports/9148,2,0.0,Cross-site Scripting (XSS) - Generic,2014-08-08
9230,StopTheHacker,XSS 1,hackerone.com/reports/9230,7,0.0,Cross-site Scripting (XSS) - Generic,2014-07-18
9256,Localize,Full Path Disclosure (FPD) in www.localize.im,hackerone.com/reports/9256,3,0.0,Information Disclosure,2014-04-23
9375,Ian Dunn,Stored XSS in all fields in Basic Google Maps Placemarks Settings,hackerone.com/reports/9375,2,25.0,Cross-site Scripting (XSS) - Generic,2014-04-23
9391,Ian Dunn,Xss in CampTix Event Ticketing,hackerone.com/reports/9391,4,0.0,Cross-site Scripting (XSS) - Generic,2014-04-24
9460,Respondly,OAuth Bug,hackerone.com/reports/9460,5,0.0,Improper Authentication - Generic,2014-04-30
9479,HackerOne,Anti-MIME-Sniffing header X-Content-Type-Options header has not been set.,hackerone.com/reports/9479,9,0.0,Violation of Secure Design Principles,2015-04-28
9485,Ian Dunn,Multiple Path Disclosure,hackerone.com/reports/9485,9,0.0,Information Disclosure,2016-07-16
9516,Ian Dunn,PHP and Wordpress version disclosure,hackerone.com/reports/9516,2,0.0,Information Disclosure,2014-06-11
9522,Automattic,https://polldaddy.com storage.swf XSS,hackerone.com/reports/9522,4,0.0,Cross-site Scripting (XSS) - Generic,2014-07-08
9735,StopTheHacker,Reflected cross site scripting in login page ,hackerone.com/reports/9735,5,0.0,Cross-site Scripting (XSS) - Generic,2014-09-07
9745,Localize,Full Path Disclosure (FPD) in www.localize.im,hackerone.com/reports/9745,4,0.0,Information Disclosure,2014-07-08
9774,Slack,Stored XSS Found,hackerone.com/reports/9774,9,0.0,Cross-site Scripting (XSS) - Generic,2014-06-01
9950,HackerOne,All Active user sessions should be deleted when user change his password!,hackerone.com/reports/9950,11,100.0,Violation of Secure Design Principles,2016-04-25
10109,HackerOne,Flooding mailbox of user,hackerone.com/reports/10109,6,0.0,Violation of Secure Design Principles,2014-04-30
10186,RelateIQ,Old Sessions remain valid after the password change.,hackerone.com/reports/10186,3,0.0,Improper Authentication - Generic,2014-06-11
10297,Slack,Stored XSS in slack.com (integrations),hackerone.com/reports/10297,2,0.0,Cross-site Scripting (XSS) - Generic,2014-05-29
10373,Internet Bug Bounty,Bypassing Same Origin Policy With JSONP APIs and Flash,hackerone.com/reports/10373,5,0.0,,2014-07-19
10377,C2FO,All Active user sessions should be destroyed when user change his password!,hackerone.com/reports/10377,1,0.0,Violation of Secure Design Principles,2014-09-23
10554,Coinbase,Bypassing 2FA for BTC transfers,hackerone.com/reports/10554,18,1000.0,Improper Authentication - Generic,2014-09-25
10563,Coinbase,"CSRF on ""Set as primary"" option on the accounts page",hackerone.com/reports/10563,3,100.0,Cross-Site Request Forgery (CSRF),2014-07-26
10577,Localize,XSS in Team Only Area,hackerone.com/reports/10577,4,0.0,Cross-site Scripting (XSS) - Generic,2014-07-08
10829,Coinbase,"CSRF in function ""Set as primary"" on  accounts page",hackerone.com/reports/10829,1,0.0,Cross-Site Request Forgery (CSRF),2014-06-06
11073,Slack,XSS in gist integration,hackerone.com/reports/11073,157,500.0,Cross-site Scripting (XSS) - Generic,2019-04-28
11625,Hubdia,Subscribe User bug,hackerone.com/reports/11625,2,0.0,Violation of Secure Design Principles,2014-07-08
11722,Coinbase,Simultaneous Session Logon : Improper Session Management,hackerone.com/reports/11722,4,0.0,Improper Authentication - Generic,2014-08-26
11729,Ian Dunn,Path Disclosure Vulnerability,hackerone.com/reports/11729,6,0.0,Information Disclosure,2016-08-18
11945,joola.io,HTTP Strict Transport Security (HSTS) Policy Not Enabled,hackerone.com/reports/11945,1,0.0,Violation of Secure Design Principles,2014-07-08
11951,joola.io,SSH Port Wide Open,hackerone.com/reports/11951,2,0.0,Information Disclosure,2014-07-08
12042,joola.io,Login password guessing attack,hackerone.com/reports/12042,3,0.0,Violation of Secure Design Principles,2014-05-19
12297,Internet Bug Bounty,Python vulnerability: reading arbitrary process memory,hackerone.com/reports/12297,1,0.0,,2014-06-20
12341,Kadira,MISSING SPF (Sender Policy Framework) for meteorapm.com,hackerone.com/reports/12341,4,0.0,Information Disclosure,2014-07-08
12355,Kadira,Undeletable File,hackerone.com/reports/12355,2,0.0,Cryptographic Issues - Generic,2014-07-08
12389,Respondly,XSS in the input,hackerone.com/reports/12389,3,0.0,Cross-site Scripting (XSS) - Generic,2014-07-08
12425,Kadira,API keys being cached ,hackerone.com/reports/12425,3,0.0,Violation of Secure Design Principles,2014-07-08
12453,ReddAPI,Strict Transport Security Misconfiguration,hackerone.com/reports/12453,5,0.0,Cryptographic Issues - Generic,2014-10-28
12454,ReddAPI,Browser cross-site scripting filter misconfiguration,hackerone.com/reports/12454,3,0.0,Violation of Secure Design Principles,2014-10-28
12457,ReddAPI, Content Sniffing not disabled,hackerone.com/reports/12457,2,0.0,Violation of Secure Design Principles,2014-10-28
12497,Internet Bug Bounty,Adobe Flash Player FileReference Use-after-Free Vulnerability,hackerone.com/reports/12497,4,7500.0,Memory Corruption - Generic,2014-10-07
12506,Secret,Content Sniffing not disabled,hackerone.com/reports/12506,2,0.0,Violation of Secure Design Principles,2014-07-08
12613,joola.io,X-Content-Type-Options header missing,hackerone.com/reports/12613,2,0.0,Violation of Secure Design Principles,2014-07-08
12617,Faceless,Account hijacking possible through ADB backup feature,hackerone.com/reports/12617,2,0.0,Information Disclosure,2014-05-21
12782,HackerOne,Spamming any user from Reset Password Function,hackerone.com/reports/12782,5,0.0,Violation of Secure Design Principles,2016-05-03
12815,HackerOne,Improper filtering of classes used in codeblocks in Markdown,hackerone.com/reports/12815,5,0.0,Cross-site Scripting (XSS) - Generic,2014-07-08
12836,Localize,missing sender policy framework (SPF),hackerone.com/reports/12836,4,0.0,Violation of Secure Design Principles,2014-08-09
12949,Urban Dictionary,Open Redirection,hackerone.com/reports/12949,2,0.0,Open Redirect,2014-07-08
12964,Urban Dictionary,Open URL Redirection,hackerone.com/reports/12964,4,0.0,Open Redirect,2014-07-08
12977,Secret,secret app for iOS and android is sending some info over HTTP,hackerone.com/reports/12977,3,0.0,Cryptographic Issues - Generic,2014-08-16
13237,Localize,full path disclosure from false language,hackerone.com/reports/13237,3,0.0,Information Disclosure,2014-08-06
13285,Khan Academy,Suffix of url-path is vulnerable to XSS-attack,hackerone.com/reports/13285,3,0.0,Cross-site Scripting (XSS) - Generic,2014-09-16
13286,IRCCloud,Host Header Injection - irccloud.com,hackerone.com/reports/13286,10,100.0,Violation of Secure Design Principles,2014-07-08
13314,Khan Academy,CRLF Injection,hackerone.com/reports/13314,2,0.0,Cross-Site Request Forgery (CSRF),2014-08-07
13506,Khan Academy,Unchecking hidden parameter is vulnerable to XSS-attack,hackerone.com/reports/13506,3,0.0,Cross-site Scripting (XSS) - Generic,2014-08-07
13550,Factlink,Click jacking,hackerone.com/reports/13550,2,0.0,UI Redressing (Clickjacking),2014-07-08
13551,Factlink,HTML5 cross-origin resource sharing,hackerone.com/reports/13551,4,0.0,,2014-07-08
13553,Factlink,Url Redirection,hackerone.com/reports/13553,2,0.0,Open Redirect,2014-06-10
13555,Factlink,Login CSRF using Twitter oauth,hackerone.com/reports/13555,7,0.0,Cross-Site Request Forgery (CSRF),2014-07-05
13557,Factlink,Leaking of password reset token through referer,hackerone.com/reports/13557,4,0.0,Information Disclosure,2014-07-08
13563,Factlink,Missing SPF for factlink.com and Staging.factlink.com,hackerone.com/reports/13563,4,0.0,Cryptographic Issues - Generic,2014-07-08
13567,Factlink,Password Complexity very low.,hackerone.com/reports/13567,5,0.0,Improper Authentication - Generic,2014-07-08
13583,Factlink,Sign  up CSRF,hackerone.com/reports/13583,3,0.0,Cross-Site Request Forgery (CSRF),2014-06-05
13602,Factlink,Session not expired on logout,hackerone.com/reports/13602,5,0.0,,2014-07-08
13628,IRCCloud,Password type input with auto-complete enabled,hackerone.com/reports/13628,3,0.0,Violation of Secure Design Principles,2014-11-17
13634,IRCCloud,Missing Character Restriction,hackerone.com/reports/13634,2,0.0,Violation of Secure Design Principles,2014-11-17
13639,Factlink,X/Csrf token problem,hackerone.com/reports/13639,3,0.0,Improper Authentication - Generic,2014-05-30
13652,Factlink,Proxy service crash DoS,hackerone.com/reports/13652,9,0.0,Uncontrolled Resource Consumption,2014-06-04
13679,Factlink,Meta characters not filtered on signup,hackerone.com/reports/13679,7,0.0,Violation of Secure Design Principles,2014-07-08
13703,Automattic,xss in app.simplenote.com,hackerone.com/reports/13703,3,0.0,Cross-site Scripting (XSS) - Generic,2014-07-08
13705,Automattic,logout csrf app.simplenote.com/logout,hackerone.com/reports/13705,4,0.0,Cross-Site Request Forgery (CSRF),2014-07-08
13746,Automattic,xss in simperium.com,hackerone.com/reports/13746,2,0.0,Cross-site Scripting (XSS) - Generic,2014-08-10
13748,HackerOne,Potential denial of service in hackerone.com/teams/new,hackerone.com/reports/13748,3,0.0,Uncontrolled Resource Consumption,2014-06-20
13794,Automattic,XSS on gravatar,hackerone.com/reports/13794,2,0.0,Cross-site Scripting (XSS) - Generic,2014-09-07
13856,X / xAI,CSRF   in crashlytics.com,hackerone.com/reports/13856,1,0.0,Cross-Site Request Forgery (CSRF),2014-09-08
13939,Automattic,information disclosure,hackerone.com/reports/13939,1,0.0,Information Disclosure,2014-07-16
13959,Automattic,privilege escalation,hackerone.com/reports/13959,9,0.0,Improper Authentication - Generic,2014-08-10
14092,Slack,Remote file Inclusion - RFI in upload,hackerone.com/reports/14092,7,0.0,Code Injection,2014-07-08
14127,Slack,SSRF on https://whitehataudit.slack.com/account/photo,hackerone.com/reports/14127,5,0.0,Command Injection - Generic,2014-12-21
14177,X / xAI,Token remains alive ever after logging out!,hackerone.com/reports/14177,3,0.0,Improper Authentication - Generic,2014-11-17
14199,X / xAI,uclfinal.twitter.com and euro2012.twitter.com are vulnerable to CRIME attack,hackerone.com/reports/14199,3,0.0,Cryptographic Issues - Generic,2014-08-16
14303,Automattic,http://jetpack.me/ Self XSS,hackerone.com/reports/14303,2,0.0,Cross-site Scripting (XSS) - Generic,2014-07-08
14305,Automattic,genericons.com - DOM based XSS.,hackerone.com/reports/14305,2,0.0,Cross-site Scripting (XSS) - Generic,2014-07-08
14461,Factlink,Password reset link doesn't expire.,hackerone.com/reports/14461,2,0.0,Violation of Secure Design Principles,2014-06-05
14494,Mavenlink,Clickjacking & CSRF attack can be done at https://app.mavenlink.com/login,hackerone.com/reports/14494,3,0.0,Cross-Site Request Forgery (CSRF),2014-09-19
14529,Mavenlink,The web application https://mavenlink.com discloses version details of the underlying Platform / Server,hackerone.com/reports/14529,3,0.0,Information Disclosure,2014-07-08
14570,Mavenlink,Login password guessing attack,hackerone.com/reports/14570,6,0.0,Violation of Secure Design Principles,2014-07-22
14631,Mavenlink,Clickjacking at https://www.mavenlink.com/ main website ,hackerone.com/reports/14631,4,0.0,UI Redressing (Clickjacking),2014-09-19
14747,Factlink,Anonymous Proxy and IP leak ,hackerone.com/reports/14747,2,0.0,,2014-06-04
14803,Automattic,Serving Transitions From: HTTP Protocol (not secure),hackerone.com/reports/14803,2,0.0,Information Disclosure,2014-06-04
14883,X / xAI,[mobile.twitter.com / twitter.com] CSRF protection bypass,hackerone.com/reports/14883,6,0.0,Cross-Site Request Forgery (CSRF),2015-05-04
15047,X / xAI,Captcha bypass with extension at http://www.mopub.com/about/contact/,hackerone.com/reports/15047,1,0.0,Cryptographic Issues - Generic,2014-09-22
15125,X / xAI,XSS vulnerability in video player page,hackerone.com/reports/15125,2,0.0,Cross-site Scripting (XSS) - Generic,2014-08-02
15166,Mavenlink,Password reset token not expiring,hackerone.com/reports/15166,6,0.0,Improper Authentication - Generic,2014-07-10
15232,X / xAI,Cookie not marked as secure.,hackerone.com/reports/15232,2,0.0,,2014-08-04
15356,X / xAI,XSS ON MOPUB.COM,hackerone.com/reports/15356,4,0.0,Cross-site Scripting (XSS) - Generic,2014-08-15
15362,Internet Bug Bounty,Flash Sandbox Bypass,hackerone.com/reports/15362,5,0.0,Information Disclosure,2014-06-19
15412,Coinbase,Leaking CSRF token over HTTP resulting in CSRF protection bypass,hackerone.com/reports/15412,6,1000.0,Cross-Site Request Forgery (CSRF),2014-10-16
15454,FanFootage,NO CSRF token found on user details update,hackerone.com/reports/15454,1,0.0,Cross-Site Request Forgery (CSRF),2014-07-07
15476,FanFootage,Session Token is not Verified while changing Account Setting's which Result In account Takeover,hackerone.com/reports/15476,3,0.0,Cross-Site Request Forgery (CSRF),2014-06-14
15518,Factlink,Criptographic Issue: Strisct Transport Security with not good max age..(TOO SHORT!),hackerone.com/reports/15518,1,0.0,Cryptographic Issues - Generic,2014-07-13
15574,FanFootage,Reporting Bugs,hackerone.com/reports/15574,2,0.0,,2016-06-16
15578,FanFootage,Same user name and uuid for multiple user names,hackerone.com/reports/15578,1,0.0,Violation of Secure Design Principles,2014-07-13
15619,FanFootage,Cookie fixation,hackerone.com/reports/15619,3,0.0,Uncontrolled Resource Consumption,2014-08-07
15679,Localize,Bug on registration as new Translator user,hackerone.com/reports/15679,4,0.0,,2014-08-06
15777,Automattic,Process of changing email address and password does not asks old Password.,hackerone.com/reports/15777,3,0.0,Improper Authentication - Generic,2014-07-11
15785,HackerOne,Session not invalidated after password reset,hackerone.com/reports/15785,15,0.0,Violation of Secure Design Principles,2014-06-10
15852,Mavenlink,Non Validation of session after password reset,hackerone.com/reports/15852,5,0.0,Violation of Secure Design Principles,2014-07-22
15899,Localize,PHP PDOException and Full Path Disclosure,hackerone.com/reports/15899,3,0.0,Information Disclosure,2014-07-07
16315,Phabricator,Abusing VCS control on phabricator,hackerone.com/reports/16315,1,600.0,Privilege Escalation,2014-06-13
16330,Internet Bug Bounty,Multiple issues in looking-glass software (aka from web to BGP injections),hackerone.com/reports/16330,2,0.0,Cross-site Scripting (XSS) - Generic,2014-09-17
16392,Phabricator,Abusing daemon logs for Privilege escalation under certain scenarios,hackerone.com/reports/16392,2,300.0,Privilege Escalation,2014-06-18
16439,Automattic,User Enumeration and Guessable User Account Attack on WORDPRESS,hackerone.com/reports/16439,2,0.0,,2014-09-13
16568,RelateIQ,Failed Certificate Validation On Custom Server (Register),hackerone.com/reports/16568,3,0.0,Cryptographic Issues - Generic,2014-08-25
16571,RelateIQ,SSRF (Portscan) via Register Function (Custom Server),hackerone.com/reports/16571,3,0.0,Violation of Secure Design Principles,2014-07-26
16696,Coinbase,2FA settings allowed to be changed with no delay/freeze on funds,hackerone.com/reports/16696,5,0.0,Violation of Secure Design Principles,2014-08-25
16718,Slack,Open Redirect login account,hackerone.com/reports/16718,7,100.0,Open Redirect,2014-08-25
16910,Internet Bug Bounty,Cross-site information assertion leak via Content Security Policy,hackerone.com/reports/16910,13,0.0,Information Disclosure,2018-09-05
17105,HackerOne,Cache leads to Privacy leaks,hackerone.com/reports/17105,4,0.0,Improper Authentication - Generic,2014-07-17
17160,Slack,Password Policy issue (Weak Protect),hackerone.com/reports/17160,5,0.0,Violation of Secure Design Principles,2014-09-04
17225,Uzbey,"SQL injection, tile ID",hackerone.com/reports/17225,2,0.0,Command Injection - Generic,2014-08-07
17227,Uzbey,"SQL injection, time zoom script, tile ID",hackerone.com/reports/17227,2,0.0,SQL Injection,2014-07-18
17235,Uzbey,Album image XSS,hackerone.com/reports/17235,2,0.0,Cross-site Scripting (XSS) - Generic,2014-07-18
17239,Uzbey,Missing HSTS (Strict Transport Security),hackerone.com/reports/17239,2,0.0,Violation of Secure Design Principles,2014-08-29
17241,Uzbey,Cross-site scripting  vulnerability detected,hackerone.com/reports/17241,1,0.0,Uncontrolled Resource Consumption,2014-07-08
17252,Uzbey,All Active user sessions should be destroyed when user change his password!,hackerone.com/reports/17252,3,0.0,Improper Authentication - Generic,2014-07-30
17256,Uzbey,Language version disclosure in response header ,hackerone.com/reports/17256,2,0.0,Violation of Secure Design Principles,2014-07-23
17287,Uzbey,email field doesn't filtered against XSS,hackerone.com/reports/17287,2,0.0,Cross-site Scripting (XSS) - Generic,2014-07-08
17297,Uzbey,CMS Information Disclosure,hackerone.com/reports/17297,3,0.0,Information Disclosure,2014-08-07
17299,Uzbey,Cross site scripting in type parameter,hackerone.com/reports/17299,2,0.0,Cross-site Scripting (XSS) - Generic,2014-08-07
17311,Uzbey,Breach Attack Vulnerability,hackerone.com/reports/17311,1,0.0,Information Disclosure,2014-07-23
17312,Uzbey,HTML Form Without CSRF Protection Vulnerability,hackerone.com/reports/17312,3,0.0,Cross-Site Request Forgery (CSRF),2014-07-23
17315,Uzbey,Clickjacking at https://staging.uzbey.com/,hackerone.com/reports/17315,1,0.0,UI Redressing (Clickjacking),2014-08-07
17321,Uzbey,Email Flooding Vuln,hackerone.com/reports/17321,3,0.0,Violation of Secure Design Principles,2014-08-07
17383,HackerOne,Category- Broken Authentication and Session Management (leads to account compromise if some conditions are met),hackerone.com/reports/17383,15,0.0,Improper Authentication - Generic,2014-07-26
17390,Uzbey,Flash Content-Type Sniffing Vulnerability ,hackerone.com/reports/17390,1,0.0,,2014-07-23
17474,Phabricator,Broken Authentication and Session Management,hackerone.com/reports/17474,26,0.0,Improper Authentication - Generic,2014-08-05
17502,Uzbey,Price Manipulation,hackerone.com/reports/17502,2,0.0,Violation of Secure Design Principles,2014-08-29
17512,HackerOne,Account takeover,hackerone.com/reports/17512,16,0.0,Improper Authentication - Generic,2014-07-17
17514,Uzbey,Information Disclosure (phpinfo()),hackerone.com/reports/17514,6,0.0,Information Disclosure,2014-06-28
17540,IRCCloud,Reflected XSS in Pastebin-view,hackerone.com/reports/17540,3,0.0,Cross-site Scripting (XSS) - Generic,2014-06-28
17638,Uzbey,Mass invitation send,hackerone.com/reports/17638,2,0.0,,2014-09-29
17664,Factlink,Click-Jacking due to missing X-frame header,hackerone.com/reports/17664,4,0.0,Violation of Secure Design Principles,2014-08-13
17688,Internet Bug Bounty,LZ4 Core,hackerone.com/reports/17688,1,0.0,Memory Corruption - Generic,2014-07-25
17766,Faceless,Tap Jacking Attack on Button Tags,hackerone.com/reports/17766,2,0.0,,2014-07-07
17785,HackerOne,Denial of Service,hackerone.com/reports/17785,4,100.0,Uncontrolled Resource Consumption,2015-04-28
18371,jsDelivr,Directory Traversal at http://staging.jsdelivr.net/,hackerone.com/reports/18371,4,0.0,Command Injection - Generic,2014-08-20
18372,jsDelivr,XSS,hackerone.com/reports/18372,2,0.0,Cross-site Scripting (XSS) - Generic,2014-07-29
18382,jsDelivr,Using nmap revealing sensitive information ,hackerone.com/reports/18382,6,0.0,Information Disclosure,2014-08-28
18398,jsDelivr,HSTS Policy not enabled on cdn.jsdelivr.net,hackerone.com/reports/18398,3,0.0,Violation of Secure Design Principles,2014-07-29
18503,Automattic,Top 10 2013-A2-Broken Authentication and Session Management - wordpress.com,hackerone.com/reports/18503,4,0.0,Improper Authentication - Generic,2014-08-16
18691,Phabricator,XSS in editor by any user,hackerone.com/reports/18691,3,1000.0,Cross-site Scripting (XSS) - Generic,2014-08-13
18698,RelateIQ,Resubmitted with POC #18685 Password reset CSRF,hackerone.com/reports/18698,5,0.0,Cross-Site Request Forgery (CSRF),2014-09-16
18805,Factlink,XSS 01 on staging.fct.li,hackerone.com/reports/18805,3,0.0,Cross-site Scripting (XSS) - Generic,2014-07-07
18843,Internet Bug Bounty,use-after-free vulnerability in Flash Player,hackerone.com/reports/18843,1,0.0,Memory Corruption - Generic,2019-11-12
18846,HackerOne,Email changing,hackerone.com/reports/18846,8,0.0,,2014-08-28
19210,Secret,ClientId gives away platform (iOS/Android) from which a secret was posted.,hackerone.com/reports/19210,1,0.0,Information Disclosure,2014-08-01
19363,Localize,PHP PDOException and Full Path Disclosure,hackerone.com/reports/19363,2,0.0,Information Disclosure,2015-01-18
19451,Uzbey,IFXSS (image filename XSS) by creating a new Photo Gallery,hackerone.com/reports/19451,2,0.0,Cross-site Scripting (XSS) - Generic,2014-07-23
19532,Uzbey,"Missing ""size check"" on files to upload could make memory leaks.",hackerone.com/reports/19532,5,0.0,Memory Corruption - Generic,2014-08-22
19640,HackerOne,Session Hijacking attack (Different Scenario),hackerone.com/reports/19640,10,0.0,Improper Authentication - Generic,2014-07-17
20049,RelateIQ,Cross-site Scripting in mailing (username),hackerone.com/reports/20049,2,0.0,Cross-site Scripting (XSS) - Generic,2014-12-27
20071,Automattic,Missing HSTS header in https://public-api.wordpress.com,hackerone.com/reports/20071,1,0.0,Cryptographic Issues - Generic,2014-08-28
20072,Automattic,Missing HSTS header in https://app.simplenote.com,hackerone.com/reports/20072,2,0.0,Cryptographic Issues - Generic,2014-08-16
20081,X / xAI,password sent over HTTP,hackerone.com/reports/20081,1,0.0,Cryptographic Issues - Generic,2014-08-05
20122,HackerOne,No option to logout concurrent sessions,hackerone.com/reports/20122,5,0.0,,2014-07-17
20221,ExpressionEngine,Cross Site Scripting (Stored) ,hackerone.com/reports/20221,2,0.0,Cross-site Scripting (XSS) - Generic,2014-09-30
20279,DigitalSellz,Verbose SQL error messages,hackerone.com/reports/20279,2,0.0,Information Disclosure,2014-08-17
20305,DigitalSellz,"USER Account is not being deleted after user ""Delete Account"" from DASHBOARD",hackerone.com/reports/20305,3,0.0,Violation of Secure Design Principles,2014-08-17
20671,Internet Bug Bounty,integer overflow in 'buffer' type allows reading memory,hackerone.com/reports/20671,1,0.0,,2014-06-24
20861,Internet Bug Bounty,moderate: mod_deflate denial of service,hackerone.com/reports/20861,3,500.0,,2014-07-14
20873,Internet Bug Bounty,rsync hash collisions may allow an attacker to corrupt or modify files,hackerone.com/reports/20873,1,0.0,Cryptographic Issues - Generic,2014-11-17
21034,Coinbase,Invoice Details activate JS that filled in ,hackerone.com/reports/21034,3,0.0,Cross-site Scripting (XSS) - Generic,2015-03-30
21064,Phabricator,Back - Refresh - Attack To  Obtain User Credentials,hackerone.com/reports/21064,3,0.0,Information Disclosure,2014-07-23
21069,Mavenlink,Login CSRF,hackerone.com/reports/21069,4,0.0,Cross-Site Request Forgery (CSRF),2014-07-31
21083,HackerOne,Account Hijacking (Only rare case scenario),hackerone.com/reports/21083,4,0.0,Improper Authentication - Generic,2014-08-23
21110,Mavenlink,Clickjacking,hackerone.com/reports/21110,2,0.0,UI Redressing (Clickjacking),2014-08-21
21150,Mavenlink,Flash XSS  on swfupload.swf showing at app.mavenlink.com,hackerone.com/reports/21150,4,0.0,Cross-site Scripting (XSS) - Generic,2014-07-24
21172,Mavenlink,Cookies are not cleared from Server side on Logout,hackerone.com/reports/21172,4,0.0,,2017-05-09
21210,Mavenlink,privilege escalation,hackerone.com/reports/21210,3,0.0,Privilege Escalation,2014-08-05
21248,Slack,Content spoofing at Stripe Integrations,hackerone.com/reports/21248,2,100.0,Violation of Secure Design Principles,2014-08-25
21603,IRCCloud,Bruteforce protection not enabled on the login page https://www.irccloud.com/,hackerone.com/reports/21603,5,0.0,Cryptographic Issues - Generic,2014-10-08
22012,X / xAI,Password reset link not validated.,hackerone.com/reports/22012,4,0.0,Uncontrolled Resource Consumption,2014-08-31
22093,Slack,Content Spoofing all Integrations in https://team.slack.com/services/new/,hackerone.com/reports/22093,4,200.0,Violation of Secure Design Principles,2014-09-03
22142,Automattic,Open Redirect in WordPress Feed Statistics {Affected All Versions},hackerone.com/reports/22142,1,0.0,Open Redirect,2014-08-07
22203,X / xAI,Broken authentication and invalidated email address leads to account takeover,hackerone.com/reports/22203,9,0.0,Cryptographic Issues - Generic,2014-11-28
22858,Phabricator,Password Reset Links Not Expiring,hackerone.com/reports/22858,4,0.0,Improper Authentication - Generic,2014-09-06
23010,Uzbey,XSS in 3rd party plugin (not affecting Uzbey's users),hackerone.com/reports/23010,3,0.0,Cross-site Scripting (XSS) - Generic,2014-11-02
23014,Uzbey,SQL Injection,hackerone.com/reports/23014,4,0.0,SQL Injection,2014-11-02
23363,Phabricator,Forgot Password Issue,hackerone.com/reports/23363,8,0.0,Improper Authentication - Generic,2014-09-10
23386,HackerOne,Redirect while opening links in new tabs,hackerone.com/reports/23386,8,500.0,Open Redirect,2014-09-12
23579,Secret,Broken Authentication and Session Management,hackerone.com/reports/23579,11,0.0,Improper Authentication - Generic,2014-11-17
23913,X / xAI,User's DM won't deleted after logout from Twitter for iOS (com.atebits.xxx.application-state),hackerone.com/reports/23913,3,0.0,,2015-02-25
23921,Concrete CMS,broken authentication,hackerone.com/reports/23921,6,0.0,Improper Authentication - Generic,2014-09-21
24984,Greenhouse.io,openssh-server Forced Command Handling Information Disclosure Vulnerability on blog.greenhouse.io,hackerone.com/reports/24984,0,0.0,Information Disclosure,2014-10-10
25128,X / xAI,HTML form without CSRF protection at http://try.crashlytics.com/enterprise/,hackerone.com/reports/25128,0,0.0,Cross-Site Request Forgery (CSRF),2014-10-02
25160,Phabricator,Open redirection on secure.phabricator.com,hackerone.com/reports/25160,2,0.0,Open Redirect,2014-09-17
25191,Greenhouse.io,SMTP protection not used (please read carefully ),hackerone.com/reports/25191,2,0.0,Improper Authentication - Generic,2014-12-07
25275,Greenhouse.io,[greenhouse.io] CRLF Injection / Insecure nginx configuration,hackerone.com/reports/25275,8,0.0,,2016-11-02
25281,HackerOne,Change Any username and profile link in hackerone,hackerone.com/reports/25281,9,100.0,Privilege Escalation,2014-09-25
25537,Internet Bug Bounty,external entity expansion in Apache POI ,hackerone.com/reports/25537,3,0.0,Information Disclosure,2019-10-14
26181,Mavenlink,DNS load balancing not enabled,hackerone.com/reports/26181,2,0.0,Violation of Secure Design Principles,2015-03-25
26395,HackerOne,Notification of previous signed out user leakage.,hackerone.com/reports/26395,2,0.0,Information Disclosure,2014-09-01
26482,ExpressionEngine,Stored Cross-Site Scripting Vulnerability in /admin.php?/cp/admin_system/general_configuration,hackerone.com/reports/26482,1,0.0,Cross-site Scripting (XSS) - Generic,2014-11-17
26647,Django,CSRF protection bypass on any Django powered site via Google Analytics,hackerone.com/reports/26647,70,0.0,,2016-09-26
26758,Phabricator,Password Policy issue,hackerone.com/reports/26758,3,0.0,Violation of Secure Design Principles,2014-10-02
26763,Slack,HTTP Strict Transport Policy not enabled on newly made accounts,hackerone.com/reports/26763,2,0.0,Violation of Secure Design Principles,2014-10-03
26825,X / xAI,Full path disclosure at ads.twitter.com,hackerone.com/reports/26825,2,140.0,Information Disclosure,2014-11-17
26962,Internet Bug Bounty,open redirect in rfc6749,hackerone.com/reports/26962,6,3000.0,Open Redirect,2015-04-06
27166,X / xAI,Missing Rate Limiting on https://twitter.com/account/complete,hackerone.com/reports/27166,1,0.0,Information Disclosure,2014-11-10
27404,X / xAI,Delete Credit Cards from any Twitter Account in ads.twitter.com [New Vulnerability],hackerone.com/reports/27404,6,0.0,Improper Authentication - Generic,2014-09-30
27511,X / xAI,ads.twitter.com xss,hackerone.com/reports/27511,4,0.0,Cross-site Scripting (XSS) - Generic,2014-11-17
27564,Phabricator,Content spoofing,hackerone.com/reports/27564,3,0.0,Cross-site Scripting (XSS) - Generic,2014-09-11
27594,GlassWire,Clickjacking: X-Frame-Options header missing,hackerone.com/reports/27594,1,0.0,UI Redressing (Clickjacking),2014-10-12
27651,Internet Bug Bounty,Flash Local Sandbox Bypass,hackerone.com/reports/27651,5,0.0,Information Disclosure,2014-10-07
27846,X / xAI,Stored xss,hackerone.com/reports/27846,4,0.0,Cross-site Scripting (XSS) - Generic,2014-09-27
27987,HackerOne,Window Opener Property Bug,hackerone.com/reports/27987,4,0.0,,2014-10-28
28150,X / xAI,Cross site scripting on ads.twitter.com,hackerone.com/reports/28150,7,0.0,Cross-site Scripting (XSS) - Generic,2014-10-16
28445,Internet Bug Bounty,SPL ArrayObject/SPLObjectStorage Unserialization Type Confusion Vulnerabilities,hackerone.com/reports/28445,1,0.0,,2014-07-04
28449,Ruby on Rails,Active Record SQL Injection Vulnerability Affecting PostgreSQL,hackerone.com/reports/28449,2,0.0,,2014-07-02
28450,Ruby on Rails,Active Record SQL Injection Vulnerability Affecting PostgreSQL,hackerone.com/reports/28450,2,0.0,,2014-07-02
28500,X / xAI,iOS App can establish Facetime calls without user's permission,hackerone.com/reports/28500,4,0.0,Cross-Site Request Forgery (CSRF),2015-04-27
28632,Mavenlink,Email field filtering problem.,hackerone.com/reports/28632,4,0.0,Improper Authentication - Generic,2014-11-17
28640,Internet Bug Bounty,Ericsson Erlang OTP Core Allocation Subsystem Integer Overflow (All Versions),hackerone.com/reports/28640,2,0.0,Memory Corruption - Generic,2019-11-12
28703,IRCCloud,Weak password policy,hackerone.com/reports/28703,4,0.0,Improper Authentication - Generic,2014-11-27
28792,Phabricator,Content Spoofing through URL,hackerone.com/reports/28792,5,0.0,Violation of Secure Design Principles,2014-09-20
28865,HackerOne,Redirect FILTER bypass in report/comment,hackerone.com/reports/28865,6,500.0,Open Redirect,2014-10-19
29185,HackerOne,"""early preview"" programs disclosure",hackerone.com/reports/29185,9,0.0,Information Disclosure,2015-01-21
29206,X / xAI,Twitter Flight SSL 2.0 deprecated protocol vulnerability.,hackerone.com/reports/29206,1,0.0,Cryptographic Issues - Generic,2014-10-07
29234,Coinbase,Credit Card Validation Issue,hackerone.com/reports/29234,2,0.0,,2015-03-12
29328,X / xAI,XSS platform.twitter.com,hackerone.com/reports/29328,3,0.0,Cross-site Scripting (XSS) - Generic,2014-11-17
29331,HackerOne,No email verification on username change,hackerone.com/reports/29331,11,500.0,Information Disclosure,2014-11-17
29360,X / xAI,XSS platform.twitter.com | video-js metadata,hackerone.com/reports/29360,1,0.0,Cross-site Scripting (XSS) - Generic,2014-11-17
29480,IRCCloud,Unvalidated Channel names causes IRC Command Injection,hackerone.com/reports/29480,1,300.0,Cross-Site Request Forgery (CSRF),2014-10-01
29491,HackerOne,homograph attack. IDNs displayed in unicode in bug reports and on external link warning page,hackerone.com/reports/29491,12,500.0,Violation of Secure Design Principles,2014-10-09
29835,X / xAI,Profile Pic padding (Length-hiding) fails due to use of GZIP,hackerone.com/reports/29835,7,280.0,Information Disclosure,2016-03-18
29839,Internet Bug Bounty,GNU Bourne-Again Shell (Bash) 'Shellshock' Vulnerability,hackerone.com/reports/29839,19,0.0,,2014-10-01
30019,Concrete CMS,Stored XSS in concrete5 5.7.0.4.,hackerone.com/reports/30019,3,0.0,Cross-site Scripting (XSS) - Generic,2015-03-11
30238,Coinbase,New Device confirmation tokens are not properly validated.,hackerone.com/reports/30238,5,100.0,Improper Authentication - Generic,2015-05-25
30567,Internet Bug Bounty,Adobe Flash Player MP4 Use-After-Free Vulnerability,hackerone.com/reports/30567,3,2000.0,Memory Corruption - Generic,2015-03-11
30575,Bookfresh,Missing Function Level Access Control in /cindex.php/widget/customize/,hackerone.com/reports/30575,3,0.0,Violation of Secure Design Principles,2016-03-23
30787,Localize,PHP reveals potentially sensitive information via certain HTTP requests that contain specific QUERY strings.,hackerone.com/reports/30787,2,0.0,,2015-02-17
30852,RelateIQ,Relateiq SSLv3 deprecated protocol vulnerability.,hackerone.com/reports/30852,3,0.0,Cryptographic Issues - Generic,2014-12-24
30975,X / xAI,Improper Verification of email address while saving Account Settings,hackerone.com/reports/30975,6,560.0,Violation of Secure Design Principles,2015-08-13
31023,Khan Academy,Sql injection And XSS,hackerone.com/reports/31023,4,0.0,Cross-site Scripting (XSS) - Generic,2015-12-08
31082,X / xAI,Unauthorized Tweeting on behalf of Account Owners,hackerone.com/reports/31082,2,420.0,Violation of Secure Design Principles,2015-05-07
31166,joola.io,Weak Random Number Generator for Auth Tokens,hackerone.com/reports/31166,3,0.0,Cryptographic Issues - Generic,2014-10-25
31167,joola.io,Timing Attack Side-Channel on API Token Verification,hackerone.com/reports/31167,4,0.0,Cryptographic Issues - Generic,2014-10-25
31168,WP API,Cryptographic Side Channel in OAuth Library,hackerone.com/reports/31168,4,0.0,Cryptographic Issues - Generic,2014-10-29
31171,Concrete CMS,Weak random number generator used in concrete/authentication/concrete/controller.php,hackerone.com/reports/31171,2,0.0,Cryptographic Issues - Generic,2014-10-26
31187,Bookfresh,Reflected XSS on www.bookfresh.com/index.html?view=upload_form,hackerone.com/reports/31187,5,0.0,Cross-site Scripting (XSS) - Generic,2017-08-31
31188,X / xAI,Creating Unauthorized Audience Lists,hackerone.com/reports/31188,2,0.0,Violation of Secure Design Principles,2014-11-28
31255,Localize,files likes of README.md is public,hackerone.com/reports/31255,2,0.0,Information Disclosure,2015-02-17
31383,HackerOne,Ability to see common response titles of other teams (limited),hackerone.com/reports/31383,8,0.0,Information Disclosure,2014-10-15
31408,Internet Bug Bounty,Adobe Flash Player Out-of-Bound Read/Write Vulnerability,hackerone.com/reports/31408,2,5000.0,Memory Corruption - Generic,2015-03-11
31415,RelateIQ,PoodleBleed,hackerone.com/reports/31415,4,0.0,Cryptographic Issues - Generic,2015-08-13
31554,X / xAI,Singup Page HTML Injection Vulnerability,hackerone.com/reports/31554,5,0.0,Command Injection - Generic,2015-03-22
31756,Internet Bug Bounty,Drupal 7 pre auth sql injection and remote code execution,hackerone.com/reports/31756,21,0.0,SQL Injection,2015-04-06
32137,HackerOne,Content Spoofing via reports,hackerone.com/reports/32137,4,0.0,Violation of Secure Design Principles,2016-05-25
32519,X / xAI,XSS in fabric.io,hackerone.com/reports/32519,3,0.0,Cross-site Scripting (XSS) - Generic,2014-12-23
32825,X / xAI,URGENT - Subdomain Takeover on media.vine.co due to unclaimed domain pointing to AWS,hackerone.com/reports/32825,50,0.0,Cross-site Scripting (XSS) - Generic,2014-11-03
32944,WP API,MD5 used for Key-Auth signatures,hackerone.com/reports/32944,4,0.0,Cryptographic Issues - Generic,2014-10-29
32990,HackerOne,Enumeration/Guess of Private (Invited) Programs,hackerone.com/reports/32990,6,0.0,Violation of Secure Design Principles,2015-05-09
33018,Slack,a stored xss in  slack integration  https://onerror.slack.com/services/import,hackerone.com/reports/33018,6,500.0,Cross-site Scripting (XSS) - Generic,2016-05-22
33091,X / xAI,DOM Cross-Site Scripting ( XSS ),hackerone.com/reports/33091,3,1400.0,Cross-site Scripting (XSS) - Generic,2014-12-03
33153,Uzbey,Test,hackerone.com/reports/33153,2,0.0,Information Disclosure,2014-10-31
33154,Uzbey,Test,hackerone.com/reports/33154,1,0.0,,2014-10-31
33331,X / xAI,Flaw in valid password policy.,hackerone.com/reports/33331,3,0.0,Improper Authentication - Generic,2014-11-30
33358,Uzbey,test,hackerone.com/reports/33358,5,0.0,,2014-10-31
33432,X / xAI,BROKEN AUTHENTICATION IN MOBILE VERIFICATION  ,hackerone.com/reports/33432,2,0.0,Violation of Secure Design Principles,2014-12-14
33935,HackerOne,File Name Enumeration ,hackerone.com/reports/33935,17,0.0,Information Disclosure,2014-11-17
33986,X / xAI,Option Method Enabled on web server,hackerone.com/reports/33986,2,0.0,,2014-12-25
33987,X / xAI,Options Method Enabled,hackerone.com/reports/33987,1,0.0,,2014-12-26
34084,X / xAI,Bad extended ascii handling in HTTP 301 redirects of t.co,hackerone.com/reports/34084,1,0.0,Open Redirect,2015-08-09
34112,Block.io,"SMPT Protection not used, I can hijack your email server.",hackerone.com/reports/34112,4,0.0,Cryptographic Issues - Generic,2015-08-13
34188,Block.io,Various Low level Vulnerabilities,hackerone.com/reports/34188,2,0.0,Cross-site Scripting (XSS) - Generic,2015-05-03
34725,X / xAI,XSS via Fabrico Account Name,hackerone.com/reports/34725,5,0.0,Cross-site Scripting (XSS) - Generic,2016-07-11
34917,Block.io,Bypassed or command injection,hackerone.com/reports/34917,2,0.0,Command Injection - Generic,2015-01-01
35036,Ian Dunn,XSS in Tagregator plugin,hackerone.com/reports/35036,4,0.0,Cross-site Scripting (XSS) - Generic,2016-08-18
35102,Internet Bug Bounty,Locale::parseLocale Double Free,hackerone.com/reports/35102,1,2500.0,,2014-06-27
35237,HackerOne,Gain reputation by creating a duplicate of an existing report,hackerone.com/reports/35237,14,0.0,Violation of Secure Design Principles,2015-08-14
35287,X / xAI,getting emails of users/removing them from victims account [using typical attack],hackerone.com/reports/35287,4,0.0,Improper Authentication - Generic,2015-03-13
35823,Factlink,File name/folder enumeration.,hackerone.com/reports/35823,7,0.0,Information Disclosure,2014-11-18
36053,X / xAI,Headers Missing,hackerone.com/reports/36053,3,0.0,Violation of Secure Design Principles,2014-11-15
36112,Phabricator,Content injection ,hackerone.com/reports/36112,2,0.0,Violation of Secure Design Principles,2014-12-15
36211,HackerOne,Logic Issue with Reputation: Boost Reputation Points,hackerone.com/reports/36211,8,0.0,Violation of Secure Design Principles,2015-04-28
36264,Internet Bug Bounty,mod_proxy_fcgi buffer overflow,hackerone.com/reports/36264,2,0.0,,2014-11-12
36279,Internet Bug Bounty,Adobe Flash Player MP4 Use-After-Free Vulnerability,hackerone.com/reports/36279,2,2000.0,Memory Corruption - Generic,2015-03-11
36409,Openfolio,Options Method Enabled,hackerone.com/reports/36409,1,0.0,Violation of Secure Design Principles,2014-12-21
36459,ThisData,Missing SPF header on revert.io,hackerone.com/reports/36459,1,0.0,Violation of Secure Design Principles,2015-01-18
36594,Coinbase,"New Device Confirmation, token is valid until not used. ",hackerone.com/reports/36594,3,0.0,Cryptographic Issues - Generic,2015-05-24
36980,X / xAI,Notifications can mark as read by CSRF,hackerone.com/reports/36980,4,0.0,Cross-Site Request Forgery (CSRF),2015-01-03
36986,X / xAI,[Stored XSS] vine.co - profile page,hackerone.com/reports/36986,2,0.0,Cross-site Scripting (XSS) - Generic,2015-03-26
37108,X / xAI, Homograph attack. ,hackerone.com/reports/37108,2,0.0,Violation of Secure Design Principles,2015-01-01
37240,Internet Bug Bounty,Race condition in Flash workers may cause an exploitabl​e double free,hackerone.com/reports/37240,14,0.0,Memory Corruption - Generic,2019-11-12
37822,X / xAI,"Abuse of ""Remember Me"" functionality.",hackerone.com/reports/37822,3,0.0,Improper Authentication - Generic,2014-12-29
38007,Greenhouse.io,Subdomain Takeover using blog.greenhouse.io pointing to Hubspot,hackerone.com/reports/38007,33,0.0,Cross-site Scripting (XSS) - Generic,2015-02-26
38170,Internet Bug Bounty,Misc Python bugs (Memory Corruption & Use After Free),hackerone.com/reports/38170,2,0.0,,2014-10-04
38189,Openfolio,xss in /browse/contacts/,hackerone.com/reports/38189,2,100.0,Cross-site Scripting (XSS) - Generic,2015-01-14
38232,HackerOne,Breaking Bugs as team member,hackerone.com/reports/38232,4,0.0,Uncontrolled Resource Consumption,2014-12-09
38343,HackerOne,Issue with password change,hackerone.com/reports/38343,5,500.0,Violation of Secure Design Principles,2015-05-28
38778,Concrete CMS,SQL injection in conc/index.php/ccm/system/search/users/submit,hackerone.com/reports/38778,3,0.0,SQL Injection,2016-04-26
38890,Concrete CMS,stored XSS in concrete5 5.7.2.1,hackerone.com/reports/38890,3,0.0,Cross-site Scripting (XSS) - Generic,2016-04-26
38965,Phabricator,Phabricator Diffusion application allows unauthorized users to delete mirrors,hackerone.com/reports/38965,3,300.0,Improper Authentication - Generic,2015-01-09
39139,HackerOne,"URL Crashing browser. {Tested on firefox, Chrome and Safari}",hackerone.com/reports/39139,5,0.0,Uncontrolled Resource Consumption,2016-05-25
39181,Vimeo,[vimeopro.com] CRLF Injection,hackerone.com/reports/39181,10,0.0,,2016-10-24
39198,C2FO,[admin.c2fo.com] Open Redirect,hackerone.com/reports/39198,10,0.0,Open Redirect,2016-10-29
39250,Informatica,Missing SPF for informatica.com,hackerone.com/reports/39250,1,0.0,Violation of Secure Design Principles,2015-01-12
39428,Phabricator,Phabricator Phame Blog Skins Local File Inclusion,hackerone.com/reports/39428,2,500.0,Code Injection,2015-01-14
39631,X / xAI,Open redirection in fabric.io,hackerone.com/reports/39631,3,280.0,Open Redirect,2014-12-18
39658,HackerOne,Reflected File Download,hackerone.com/reports/39658,10,0.0,Violation of Secure Design Principles,2016-04-25
41240,X / xAI,"POODLE Bug: 199.16.156.44, 199.16.156.108, mx4.twitter.com",hackerone.com/reports/41240,1,140.0,Cryptographic Issues - Generic,2015-09-20
41469,Enter,Error stack trace,hackerone.com/reports/41469,7,0.0,Information Disclosure,2015-04-03
41758,Enter,Stored XSS in api key of operator wallet,hackerone.com/reports/41758,4,0.0,Cross-site Scripting (XSS) - Generic,2015-04-03
41856,X / xAI,HTML/XSS rendered in Android App of Crashlytics through fabric.io,hackerone.com/reports/41856,5,0.0,Cross-site Scripting (XSS) - Generic,2015-02-18
42154,Nearby Live,Gain access to any user's email address,hackerone.com/reports/42154,5,0.0,Information Disclosure,2015-03-14
42161,Enter,stored xss in transaction,hackerone.com/reports/42161,3,0.0,Cross-site Scripting (XSS) - Generic,2015-04-03
42236,X / xAI,"URGENT - Subdomain Takeover on users.tweetdeck.com , the same issue  of report #32825",hackerone.com/reports/42236,4,420.0,Code Injection,2015-01-01
42240,Internet Bug Bounty,chrome allows POST requests with custom headers using flash + 307 redirect,hackerone.com/reports/42240,4,0.0,,2015-02-09
42248,Concrete CMS,Stored XSS in adding fileset,hackerone.com/reports/42248,2,0.0,Cross-site Scripting (XSS) - Generic,2016-04-26
42250,X / xAI,No rate limiting on creating lists,hackerone.com/reports/42250,1,0.0,Violation of Secure Design Principles,2015-01-06
42393,Uber,XSS on partners.uber.com,hackerone.com/reports/42393,5,500.0,Cross-site Scripting (XSS) - Generic,2016-03-24
42403,X / xAI,Account Deleted without any confirmation,hackerone.com/reports/42403,4,0.0,Improper Authentication - Generic,2015-02-05
42537,Informatica,[careers.informatica.com] Cross Site Script Vulnerability on informatica,hackerone.com/reports/42537,10,0.0,Cross-site Scripting (XSS) - Generic,2017-05-10
42582,Vimeo,Vimeo.com - Reflected XSS Vulnerability,hackerone.com/reports/42582,1,0.0,Cross-site Scripting (XSS) - Generic,2015-04-08
42584,Vimeo,Vimeo.com - reflected xss vulnerability,hackerone.com/reports/42584,1,0.0,Cross-site Scripting (XSS) - Generic,2015-03-09
42587,Vimeo,Vimeo.com Insecure Direct Object References Reset Password,hackerone.com/reports/42587,32,0.0,Improper Authentication - Generic,2015-02-26
42702,Vimeo,APIs for channels allow HTML entities that may cause XSS issue,hackerone.com/reports/42702,2,0.0,Cross-site Scripting (XSS) - Generic,2015-01-08
42728,Ruby on Rails,Data-Tags and the New HTML Sanitizer Subverts CSRF protection,hackerone.com/reports/42728,6,0.0,Cross-site Scripting (XSS) - Generic,2016-03-13
42780,Nearby Live,Web Server information disclosure.,hackerone.com/reports/42780,2,0.0,Information Disclosure,2015-12-20
42797,Ruby on Rails,Denial of Service in Action Pack Exception Handling,hackerone.com/reports/42797,8,0.0,Uncontrolled Resource Consumption,2015-06-16
42961,X / xAI,fabric.io - app member can make himself an admin,hackerone.com/reports/42961,4,1400.0,Privilege Escalation,2015-03-09
43065,X / xAI,Fabric.io - an app admin can delete team members from other user apps,hackerone.com/reports/43065,3,1120.0,Privilege Escalation,2015-03-09
43070,Vimeo,Misconfigured crossdomain.xml - vimeo.com,hackerone.com/reports/43070,5,0.0,Cryptographic Issues - Generic,2015-02-09
43280,HackerOne,HTTPS is not enforced for objects stored by HackerOne on Amazon S3,hackerone.com/reports/43280,5,0.0,Violation of Secure Design Principles,2015-03-08
43440,Ruby on Rails,Arbitrary file existence disclosure in Action Pack,hackerone.com/reports/43440,5,0.0,,2014-11-20
43443,Internet Bug Bounty,PyUnicode_FromFormatV crasher,hackerone.com/reports/43443,1,0.0,,2014-12-15
43602,Vimeo,Buying ondemand videos that  0.1  and sometimes for free ,hackerone.com/reports/43602,4,0.0,Privilege Escalation,2015-02-13
43617,Vimeo,Adding profile picture to anyone on Vimeo,hackerone.com/reports/43617,8,0.0,Violation of Secure Design Principles,2015-02-26
43672,Vimeo,player.vimeo.com - Reflected XSS Vulnerability,hackerone.com/reports/43672,2,0.0,Cross-site Scripting (XSS) - Generic,2015-03-09
43758,Vimeo,profile photo update bypass ,hackerone.com/reports/43758,2,0.0,Privilege Escalation,2015-02-17
43770,Vimeo,Ability to Download Music Tracks Without Paying (Missing permission check on`/musicstore/download`),hackerone.com/reports/43770,5,0.0,Improper Authentication - Generic,2015-03-01
43807,Vimeo,"Securing ""Reset password"" pages from bots",hackerone.com/reports/43807,11,0.0,Violation of Secure Design Principles,2017-01-31
43846,Vimeo,No Limitation on Following allows user to follow people automatically!,hackerone.com/reports/43846,2,0.0,Cross-Site Request Forgery (CSRF),2016-05-02
43850,Vimeo,abusing Thumbnails(https://vimeo.com/upload/select_thumb) to see a private video,hackerone.com/reports/43850,2,0.0,Privilege Escalation,2015-04-03
43988,X / xAI,twitter android app Fragment Injection,hackerone.com/reports/43988,2,0.0,Command Injection - Generic,2015-04-11
43998,Vimeo,CRITICAL full source code/config disclosure for Cameo,hackerone.com/reports/43998,5,0.0,Information Disclosure,2015-05-11
44056,Vimeo,USER PRIVACY VIOLATED (PRIVATE DATA GETTING TRANSFER OVER INSECURE CHANNEL ) ,hackerone.com/reports/44056,2,0.0,Violation of Secure Design Principles,2015-01-20
44146,Vimeo,Make API calls on behalf of another user (CSRF protection bypass),hackerone.com/reports/44146,31,0.0,Cross-Site Request Forgery (CSRF),2015-01-22
44157,Vimeo,Open Redirection Security Filter bypassed,hackerone.com/reports/44157,3,0.0,Open Redirect,2015-06-28
44202,Vimeo,Poodle bleed vulnerability in cloud sub domain,hackerone.com/reports/44202,6,0.0,Cryptographic Issues - Generic,2015-03-05
44217,Vimeo,Application XSS filter function Bypass may allow Multiple stored XSS,hackerone.com/reports/44217,8,0.0,Cross-site Scripting (XSS) - Generic,2015-06-28
44359,HackerOne,"Add text to the title of the page ""Thanks""",hackerone.com/reports/44359,5,0.0,Violation of Secure Design Principles,2016-04-25
44371,X / xAI,Path disclosure in platform0.twitter.com,hackerone.com/reports/44371,1,0.0,Information Disclosure,2015-02-20
44425,Vimeo,unvalid open authentication with facebook,hackerone.com/reports/44425,4,0.0,Improper Authentication - Generic,2015-01-21
44492,X / xAI,Flaw in login with twitter to steal Oauth tokens,hackerone.com/reports/44492,6,0.0,Improper Authentication - Generic,2015-02-18
44512,Vimeo,XSS on any site that includes the moogaloop flash player | deprecated embed code ,hackerone.com/reports/44512,6,0.0,Cross-site Scripting (XSS) - Generic,2015-02-22
44513,Ruby on Rails,RCE due to Web Console IP Whitelist bypass in Rails 4.0 and 4.1,hackerone.com/reports/44513,13,0.0,Code Injection,2015-06-16
44578,X / xAI,URGENT - SUBDOMAIN TAKEOVER ON TWITTER ACQ.,hackerone.com/reports/44578,2,0.0,Code Injection,2015-02-21
44652,Mobile Vikings,Insecure crossdomain.xml,hackerone.com/reports/44652,6,0.0,Information Disclosure,2015-04-04
44727,X / xAI,Insecure Data Storage in Vine Android App,hackerone.com/reports/44727,6,140.0,Cryptographic Issues - Generic,2015-06-24
44798,Vimeo,Vimeo Search - XSS Vulnerability [http://vimeo.com/search],hackerone.com/reports/44798,3,0.0,Cross-site Scripting (XSS) - Generic,2015-01-23
44888,HackerOne,Improper way of validating a program,hackerone.com/reports/44888,5,0.0,Cryptographic Issues - Generic,2015-02-04
45050,Informatica,[community.informatica.com] - CSRF in Private Messages allows to move user's messages to Trash,hackerone.com/reports/45050,3,0.0,Cross-Site Request Forgery (CSRF),2016-03-02
45084,Vimeo,Full account takeover via Add a New Email to account without email verified and without password confirmation.,hackerone.com/reports/45084,3,0.0,Violation of Secure Design Principles,2015-03-06
45233,Mobile Vikings,Stored XSS in Direct debit name,hackerone.com/reports/45233,2,0.0,Cross-site Scripting (XSS) - Generic,2015-03-04
45243,Mobile Vikings,"Number, username and name disclosure",hackerone.com/reports/45243,2,0.0,Information Disclosure,2015-03-04
45368,Vimeo,ftp upload of video allows naming that is not sanitized as the manual naming,hackerone.com/reports/45368,2,0.0,Violation of Secure Design Principles,2015-01-29
45428,Vimeo,CSRF bypass,hackerone.com/reports/45428,4,0.0,Cross-Site Request Forgery (CSRF),2015-01-30
45484,Vimeo,XSS on Vimeo,hackerone.com/reports/45484,2,0.0,Cross-site Scripting (XSS) - Generic,2015-01-29
45516,Zaption,[zaption.com] Open Redirect,hackerone.com/reports/45516,9,0.0,Open Redirect,2016-10-29
45960,Vimeo,CRITICAL vulnerability - Insecure Direct Object Reference - Unauthorized access to `Videos` of Channel whose privacy is set to `Private`.,hackerone.com/reports/45960,5,0.0,Privilege Escalation,2015-03-18
46019,Ruby on Rails,"Explicit, dynamic render path: Dir. Trav + RCE",hackerone.com/reports/46019,9,500.0,Code Injection,2016-02-12
46072,HackerOne,Vulnerability with the way \ escaped characters in <http://danlec.com> style links are rendered,hackerone.com/reports/46072,21,5000.0,Cross-site Scripting (XSS) - Generic,2015-02-03
46109,Vimeo,"Brute force on ""vimeo"" cookie",hackerone.com/reports/46109,3,0.0,Improper Authentication - Generic,2015-02-02
46113,Vimeo,Can message users without the proper authorization,hackerone.com/reports/46113,7,0.0,Improper Authentication - Generic,2015-04-01
46312,HackerOne,"In markdown, parsing things like @danlec and #46072 after links is unsafe",hackerone.com/reports/46312,7,0.0,,2015-07-04
46345,Whisper,Directory index and information disclosure,hackerone.com/reports/46345,5,0.0,Information Disclosure,2017-03-29
46366,Whisper,Error stack trace,hackerone.com/reports/46366,11,0.0,Information Disclosure,2017-03-29
46379,Nearby Live,Group Invite not properly authenticated,hackerone.com/reports/46379,2,0.0,Improper Authentication - Generic,2015-02-12
46397,HackerOne,Insecure Direct Object Reference vulnerability,hackerone.com/reports/46397,8,500.0,Violation of Secure Design Principles,2015-02-20
46429,HackerOne,Team member invitations to sandboxed teams are not invalidated consistently,hackerone.com/reports/46429,5,500.0,Improper Authentication - Generic,2015-03-28
46485,X / xAI,Problem with OAuth,hackerone.com/reports/46485,7,1260.0,Improper Authentication - Generic,2015-11-14
46618,Enter,Frictionless Transferring of Wallet Ownership,hackerone.com/reports/46618,2,50.0,Violation of Secure Design Principles,2015-03-23
46736,Enter,CSRF token leakage,hackerone.com/reports/46736,6,0.0,Cross-Site Request Forgery (CSRF),2015-03-23
46747,Slack,Team admin can change unauthorized team setting (require_at_for_mention),hackerone.com/reports/46747,2,200.0,Privilege Escalation,2015-04-30
46750,Slack,Team admin can change unauthorized team setting (allow_message_deletion),hackerone.com/reports/46750,3,100.0,Privilege Escalation,2015-05-30
46818,X / xAI,Twitter Card - Parent Window Redirection,hackerone.com/reports/46818,3,560.0,Cross-site Scripting (XSS) - Generic,2015-05-04
46916,HackerOne,Markdown parsing issue enables insertion of malicious tags and event handlers,hackerone.com/reports/46916,16,5000.0,Cross-site Scripting (XSS) - Generic,2015-04-07
46952,HackerOne,Markdown code block sequence makes report unreadable,hackerone.com/reports/46952,6,0.0,,2015-06-29
46954,Vimeo,subdomain takeover 1511493148.cloud.vimeo.com,hackerone.com/reports/46954,4,0.0,Violation of Secure Design Principles,2015-03-13
47012,Internet Bug Bounty,Adobe Flash Player Out-of-Bound Access Vulnerability,hackerone.com/reports/47012,2,2000.0,Memory Corruption - Generic,2015-03-25
47227,Internet Bug Bounty,Race condition in workers may cause an exploitable double free by abusing bytearray.compress()  ,hackerone.com/reports/47227,5,0.0,Memory Corruption - Generic,2015-03-25
47232,Internet Bug Bounty,Use after free during the StageVideoAvailabilityEvent can result in arbitrary code execution,hackerone.com/reports/47232,1,0.0,Memory Corruption - Generic,2015-03-25
47234,Internet Bug Bounty,Use After Free in Flash MessageChannel.send can cause arbitrary code execution,hackerone.com/reports/47234,1,0.0,Memory Corruption - Generic,2015-03-25
47235,Informatica,XSS in Search Communities Function,hackerone.com/reports/47235,1,0.0,Cross-site Scripting (XSS) - Generic,2015-07-31
47280,Ruby on Rails,JSON keys are not properly escaped,hackerone.com/reports/47280,8,0.0,Cross-site Scripting (XSS) - Generic,2015-06-16
47341,Mobile Vikings,Reflected xss in user name thru cookie,hackerone.com/reports/47341,2,0.0,Cross-site Scripting (XSS) - Generic,2015-03-04
47343,Mobile Vikings,Stored xss in user name,hackerone.com/reports/47343,2,0.0,Cross-site Scripting (XSS) - Generic,2015-03-04
47349,Mobile Vikings,Stored xss in user name (2) affected another user.,hackerone.com/reports/47349,2,0.0,Cross-site Scripting (XSS) - Generic,2015-03-04
47357,Mobile Vikings,CSRF token from another valid user session accepted,hackerone.com/reports/47357,2,0.0,Cross-Site Request Forgery (CSRF),2015-04-03
47358,Mobile Vikings,Username and sim id enum,hackerone.com/reports/47358,3,0.0,Information Disclosure,2015-03-04
47362,Mobile Vikings,Enum phone numbers thru /en/sims/topup/add/,hackerone.com/reports/47362,3,0.0,Improper Authentication - Generic,2015-04-03
47384,Mobile Vikings,Approve topup method by sender of this method,hackerone.com/reports/47384,3,0.0,Improper Authentication - Generic,2015-03-04
47472,HackerOne,"CSP Bypass: Click handler for links with data-method=""post"" can cause authenticity_token to be sent off domain",hackerone.com/reports/47472,10,2000.0,Cross-Site Request Forgery (CSRF),2015-02-26
47627,Enter,Email Enumeration (POC),hackerone.com/reports/47627,12,0.0,Violation of Secure Design Principles,2015-05-27
47779,Internet Bug Bounty,Heap overflow in H. Spencer’s regex library on 32 bit systems ,hackerone.com/reports/47779,2,0.0,Memory Corruption - Generic,2015-04-06
47888,X / xAI,Reporting user's profile by using another people's ID,hackerone.com/reports/47888,4,140.0,Open Redirect,2015-06-11
47940,Slack,Team admin can add billing contacts,hackerone.com/reports/47940,2,200.0,Privilege Escalation,2015-04-03
48065,Coinbase,open authentication bug,hackerone.com/reports/48065,4,0.0,Improper Authentication - Generic,2015-03-11
48100,Internet Bug Bounty,Bad Write in TTF font parsing (win32k.sys),hackerone.com/reports/48100,2,0.0,Memory Corruption - Generic,2015-03-01
48416,HackerOne,Restrict any user from logging into his account.,hackerone.com/reports/48416,8,0.0,Improper Authentication - Generic,2015-03-24
48422,HackerOne,Team member invitations to sandboxed teams are not invalidated consistently (v2),hackerone.com/reports/48422,6,500.0,Privilege Escalation,2015-02-27
48516,X / xAI,Redirect URL in /intent/ functionality is not properly escaped,hackerone.com/reports/48516,3,0.0,Cross-site Scripting (XSS) - Generic,2015-02-24
49170,Yelp,Information disclosure - emails disclosed in response > staging.seatme.us,hackerone.com/reports/49170,21,0.0,Cross-Site Request Forgery (CSRF),2017-05-11
49304,Vimeo,Bypassing Email verification ,hackerone.com/reports/49304,2,0.0,,2015-03-29
49356,Airbnb,I Can Delete Any Airbnb Users Symbol!,hackerone.com/reports/49356,5,0.0,Improper Authentication - Generic,2015-07-03
49357,HackerOne,Substantially weakened authenticity verification when using 'Remember me for a week',hackerone.com/reports/49357,4,0.0,Cryptographic Issues - Generic,2015-03-12
49474,X / xAI,Cross site Port Scanning bug in twitter developers console ,hackerone.com/reports/49474,4,0.0,Cryptographic Issues - Generic,2015-05-23
49499,Airbnb,Generating Unlimited Free Travel Gift Invites | IDOR,hackerone.com/reports/49499,10,0.0,Information Disclosure,2015-04-04
49513,Airbnb,Vulnerability type xss uncovered in airbnb.es,hackerone.com/reports/49513,4,0.0,Cross-site Scripting (XSS) - Generic,2015-04-08
49537,Airbnb,SSL Issues,hackerone.com/reports/49537,3,0.0,Cryptographic Issues - Generic,2015-04-11
49561,Vimeo,Vimeo + & Vimeo PRO Unautorised Tax bypass,hackerone.com/reports/49561,3,0.0,,2015-04-18
49566,HackerOne,Auto Approval of Invitation to join Team as a Team member,hackerone.com/reports/49566,6,0.0,Violation of Secure Design Principles,2015-03-11
49652,HackerOne,Improperly validated fields allows injection of arbitrary HTML via spoofed React objects,hackerone.com/reports/49652,22,5000.0,Cross-site Scripting (XSS) - Generic,2015-03-18
49663,Vimeo,URGENT - Subdomain Takeover on status.vimeo.com due to unclaimed domain pointing to statuspage.io,hackerone.com/reports/49663,14,0.0,Cross-Site Request Forgery (CSRF),2015-04-18
49759,X / xAI,Open Redirect leak of authenticity_token lead to full account take over.,hackerone.com/reports/49759,7,1400.0,Open Redirect,2015-04-03
49806,X / xAI,Twitter Ads Campaign information disclosure through admin without any authentication.,hackerone.com/reports/49806,6,560.0,Improper Authentication - Generic,2015-04-25
49888,Yelp,Missing X-Frame-Options header,hackerone.com/reports/49888,4,0.0,UI Redressing (Clickjacking),2017-11-09
49935,Ruby on Rails,rails-ujs will send CSRF tokens to other origins,hackerone.com/reports/49935,3,0.0,Cross-Site Request Forgery (CSRF),2015-06-16
49974,Enter,The csrf token remains same after user logs in,hackerone.com/reports/49974,4,50.0,Violation of Secure Design Principles,2015-11-26
50134,X / xAI,XSS in original referrer after follow,hackerone.com/reports/50134,5,0.0,Cross-site Scripting (XSS) - Generic,2015-03-09
50157,Adobe,Reflected Cross Site Scripting - 'puser' Parameter in login page,hackerone.com/reports/50157,5,0.0,Cross-site Scripting (XSS) - Generic,2015-05-09
50170,Internet Bug Bounty,FREAK: Factoring RSA_EXPORT Keys to Impersonate TLS Servers,hackerone.com/reports/50170,5,0.0,Cryptographic Issues - Generic,2015-04-01
50358,Adobe,files.acrobat.com stored XSS via send file,hackerone.com/reports/50358,4,0.0,Cross-site Scripting (XSS) - Generic,2015-04-14
50379,Adobe,Open redirect and reflected xss in http://youthvoices.adobe.com/community?return_url=[payload her],hackerone.com/reports/50379,4,0.0,Cross-site Scripting (XSS) - Generic,2015-05-20
50389,Adobe,Adobe XSS,hackerone.com/reports/50389,8,0.0,Cross-site Scripting (XSS) - Generic,2016-10-18
50481,Concrete CMS,Self Xss on File Replace,hackerone.com/reports/50481,1,0.0,Cross-site Scripting (XSS) - Generic,2015-07-08
50537,Phabricator,Server Side Request Forgery in macro creation,hackerone.com/reports/50537,3,0.0,Information Disclosure,2015-03-09
50552,Concrete CMS,Stored XSS on Blog's page Tile,hackerone.com/reports/50552,2,0.0,Cross-site Scripting (XSS) - Generic,2015-07-08
50554,Concrete CMS,Stored XSS on Title of Page List in edit page list,hackerone.com/reports/50554,2,0.0,Cross-site Scripting (XSS) - Generic,2015-07-08
50556,Concrete CMS,Stored XSS on Search Title,hackerone.com/reports/50556,2,0.0,Cross-site Scripting (XSS) - Generic,2015-07-08
50564,Concrete CMS,Stored XSS in Contact Form,hackerone.com/reports/50564,3,0.0,Cross-site Scripting (XSS) - Generic,2015-07-08
50626,Concrete CMS,Stored XSS in Title of the topic List,hackerone.com/reports/50626,2,0.0,Cross-site Scripting (XSS) - Generic,2015-07-08
50627,Concrete CMS,Stored XSS in title of date navigation,hackerone.com/reports/50627,3,0.0,Cross-site Scripting (XSS) - Generic,2015-07-08
50639,Concrete CMS,Stored XSS in Feature tile ,hackerone.com/reports/50639,3,0.0,Cross-site Scripting (XSS) - Generic,2015-07-08
50642,Concrete CMS,Stored Xss in Feature Paragraph,hackerone.com/reports/50642,2,0.0,Cross-site Scripting (XSS) - Generic,2015-07-08
50644,Concrete CMS,Stored XSS in  Testimonial  name,hackerone.com/reports/50644,2,0.0,Cross-site Scripting (XSS) - Generic,2015-07-08
50645,Concrete CMS,Stored XSS in Testimonial Position,hackerone.com/reports/50645,2,0.0,Cross-site Scripting (XSS) - Generic,2015-07-08
50656,Concrete CMS,Stored XSS in testimonial Company,hackerone.com/reports/50656,2,0.0,Cross-site Scripting (XSS) - Generic,2015-07-08
50658,HackerOne,Reflected File Download attack allows attacker to 'upload' executables to hackerone.com domain,hackerone.com/reports/50658,4,0.0,Command Injection - Generic,2015-04-16
50662,Concrete CMS,Stored XSS In Company URL,hackerone.com/reports/50662,2,0.0,Cross-site Scripting (XSS) - Generic,2015-07-08
50703,Ubiquiti Inc.,CSRF in login form would led to account takeover,hackerone.com/reports/50703,10,0.0,Cross-Site Request Forgery (CSRF),2016-06-20
50752,X / xAI,open redirect sends authenticity_token to any website or (ip address),hackerone.com/reports/50752,1,560.0,Open Redirect,2015-03-14
50776,Vimeo,A user can edit comments even after video comments are disabled,hackerone.com/reports/50776,3,0.0,Privilege Escalation,2015-03-11
50779,Concrete CMS,Stored XSS in Bio/Quote,hackerone.com/reports/50779,2,0.0,Cross-site Scripting (XSS) - Generic,2015-07-08
50780,Concrete CMS,Stored XSS in Message to Display When No Pages Listed.,hackerone.com/reports/50780,2,0.0,Cross-site Scripting (XSS) - Generic,2015-07-08
50782,Concrete CMS,Stored XSS in Image Alt. Text,hackerone.com/reports/50782,2,0.0,Cross-site Scripting (XSS) - Generic,2015-07-08
50786,Vimeo,A user can add videos to other user's private groups,hackerone.com/reports/50786,3,0.0,Privilege Escalation,2015-04-23
50829,Vimeo,A user can post comments on other user's private videos,hackerone.com/reports/50829,3,0.0,Privilege Escalation,2015-03-11
50884,Whisper,Bypass pin(4 digit passcode on your android app),hackerone.com/reports/50884,3,100.0,Privilege Escalation,2015-04-12
50885,Whisper,CVE-2014-0224 openssl ccs vulnerability,hackerone.com/reports/50885,2,10.0,Cryptographic Issues - Generic,2015-04-10
50941,Vimeo,A user can enhance their videos with paid tracks without buying the track,hackerone.com/reports/50941,2,0.0,Privilege Escalation,2015-10-14
51166,IRCCloud,Email verification links still valid after changing it 2x,hackerone.com/reports/51166,4,0.0,Violation of Secure Design Principles,2015-03-13
51265,Internet Bug Bounty,Flash Cross Domain Policy Bypass by Using File Upload and Redirection - only in Chrome,hackerone.com/reports/51265,3,0.0,,2015-05-06
51817,Vimeo,Post in private groups after getting removed,hackerone.com/reports/51817,2,0.0,Privilege Escalation,2015-05-01
52035,HackerOne,"Open redirect in ""Language change"".",hackerone.com/reports/52035,12,500.0,Open Redirect,2015-06-19
52042,X / xAI,HTTP Response Splitting (CRLF injection) in report_story,hackerone.com/reports/52042,59,0.0,,2015-04-21
52176,Vimeo,Insecure Direct Object References in https://vimeo.com/forums,hackerone.com/reports/52176,5,0.0,Improper Authentication - Generic,2015-05-04
52181,Vimeo,Insecure Direct Object References that allows to read any comment (even if it should be private),hackerone.com/reports/52181,5,0.0,Improper Authentication - Generic,2015-05-04
52532,HackerOne,"""learn more here"", reward email - domain expired.",hackerone.com/reports/52532,7,0.0,Open Redirect,2015-03-23
52635,Ubiquiti Inc.,UniFi v3.2.10 Cross-Site Request Forgeries / Referer-Check Bypass,hackerone.com/reports/52635,8,0.0,Cross-Site Request Forgery (CSRF),2016-01-07
52646,X / xAI,Insecure direct object reference - have access to deleted DM's,hackerone.com/reports/52646,10,0.0,Improper Authentication - Generic,2015-10-12
52707,Vimeo,Invite any user to your group without even following him,hackerone.com/reports/52707,6,0.0,Privilege Escalation,2016-08-25
52708,Vimeo,Share your channel to any user on vimeo without following him,hackerone.com/reports/52708,1,0.0,Privilege Escalation,2015-09-28
52822,Phabricator,XSS with Time-of-Day Format,hackerone.com/reports/52822,2,0.0,Cross-site Scripting (XSS) - Generic,2015-04-19
52982,Vimeo,[URGENT ISSUE] Add or Delete the videos in watch later list of any user .,hackerone.com/reports/52982,2,0.0,Cross-Site Request Forgery (CSRF),2015-05-01
53004,Coinbase,Blacklist bypass on Callback URLs,hackerone.com/reports/53004,12,100.0,Information Disclosure,2016-09-14
53088,Phabricator,SSRF vulnerability (access to metadata server on EC2 and OpenStack),hackerone.com/reports/53088,4,300.0,Information Disclosure,2015-03-26
53098,X / xAI,XSS in twitter.com/safety/unsafe_link_warning,hackerone.com/reports/53098,4,1400.0,Cross-site Scripting (XSS) - Generic,2015-04-03
53531,Mapbox,Logging a user into attacker's account using password reset link,hackerone.com/reports/53531,23,600.0,Violation of Secure Design Principles,2017-10-20
53730,Mapbox,Stored xss in editor ,hackerone.com/reports/53730,12,1000.0,Cross-site Scripting (XSS) - Generic,2017-08-17
53843,X / xAI,HTTP Response Splitting (CRLF injection) due to headers overflow,hackerone.com/reports/53843,30,0.0,,2015-05-04
53858,X / xAI,Insecure Direct Object Reference - access to other user/group DM's,hackerone.com/reports/53858,10,0.0,Privilege Escalation,2015-10-03
54034,HackerOne,Reflected Filename Download,hackerone.com/reports/54034,9,0.0,Code Injection,2016-04-25
54094,Internet Bug Bounty,HTTP MitM on Flash Player settings manager allows attacker to set sandbox settings,hackerone.com/reports/54094,12,0.0,,2018-12-23
54321,Shopify,Xss in website's link,hackerone.com/reports/54321,5,0.0,Cross-site Scripting (XSS) - Generic,2015-05-13
54327,Mapbox,Persistent cross-site scripting (XSS) in map attribution,hackerone.com/reports/54327,7,1000.0,Cross-site Scripting (XSS) - Generic,2016-03-30
54610,Slack,Logout any user of same team,hackerone.com/reports/54610,2,0.0,Cross-Site Request Forgery (CSRF),2015-05-05
54631,Snapchat,Vulnerable to JavaScript injection. (WXS)  (Javascript injection)!,hackerone.com/reports/54631,14,0.0,Command Injection - Generic,2015-10-22
54641,Snapchat,Captcha Bypass in Snapchat's Geofilter Submission Process,hackerone.com/reports/54641,9,0.0,Violation of Secure Design Principles,2015-05-04
54733,Coinbase,Sandboxed iframes don't show confirmation screen,hackerone.com/reports/54733,3,0.0,UI Redressing (Clickjacking),2015-04-04
54779,Shopify,Missing spf flags for myshopify.com,hackerone.com/reports/54779,8,0.0,,2015-04-16
55009,Factlink,Frameset Proxy Problem,hackerone.com/reports/55009,1,0.0,Violation of Secure Design Principles,2015-05-09
55017,Internet Bug Bounty,Multiple Python integer overflows,hackerone.com/reports/55017,3,0.0,,2015-02-04
55018,Internet Bug Bounty,Segmentation fault for invalid PSS parameters,hackerone.com/reports/55018,2,0.0,,2015-03-19
55028,Internet Bug Bounty,Free called on unitialized pointer in exif.c,hackerone.com/reports/55028,2,0.0,,2015-01-20
55029,Internet Bug Bounty,Use after free vulnerability in unserialize() with DateTimeZone,hackerone.com/reports/55029,4,0.0,,2015-02-27
55030,Internet Bug Bounty,SoapClient's __call() type confusion through unserialize(),hackerone.com/reports/55030,1,0.0,,2015-03-03
55033,Internet Bug Bounty,Use after free vulnerability in unserialize(),hackerone.com/reports/55033,1,0.0,,2015-01-20
55064,Faceless,Bypass Setup by External Activity Invoke,hackerone.com/reports/55064,2,0.0,,2015-05-09
55140,Internet Bug Bounty,Race Conditions in OAuth 2 API implementations,hackerone.com/reports/55140,50,0.0,Improper Authentication - Generic,2017-09-19
55431,drchrono,XML Parser Bug: XXE over which leads to RCE,hackerone.com/reports/55431,35,0.0,Code Injection,2016-06-13
55506,X / xAI,Privacy Issue on protected tweets,hackerone.com/reports/55506,2,0.0,Improper Authentication - Generic,2015-05-14
55525,Shopify,Open redirection in OAuth,hackerone.com/reports/55525,14,500.0,Open Redirect,2015-07-03
55530,Shopify,Authentication Failed Mobile version,hackerone.com/reports/55530,9,500.0,Improper Authentication - Generic,2015-06-02
55546,Shopify,Open Redirect after login at http://ecommerce.shopify.com,hackerone.com/reports/55546,6,500.0,Open Redirect,2015-10-05
55644,Shopify,Lack of SSL Pinning on POS Application ( iOS ),hackerone.com/reports/55644,3,0.0,Cryptographic Issues - Generic,2015-05-21
55670,X / xAI,Fabric.io:  Ex-admin of an organization can delete team members,hackerone.com/reports/55670,8,280.0,Privilege Escalation,2015-11-01
55716,Shopify,Force 500 Internal Server Error on any shop (for one user),hackerone.com/reports/55716,7,0.0,Uncontrolled Resource Consumption,2015-06-09
55827,Coinbase,iframes considered harmful,hackerone.com/reports/55827,1,0.0,Violation of Secure Design Principles,2015-12-01
55842,Shopify,[persistent cross-site scripting] customers can target admins,hackerone.com/reports/55842,4,0.0,Cross-site Scripting (XSS) - Generic,2015-07-01
55911,Shopify,CSRF token fixation in facebook store app that can lead to adding attacker to victim acc ,hackerone.com/reports/55911,4,500.0,Violation of Secure Design Principles,2015-06-25
56002,Shopify,"Shopify android client all API request's response leakage, including access_token, cookie, response header, response body content",hackerone.com/reports/56002,8,0.0,Improper Authentication - Generic,2015-07-04
56119,X / xAI,"Privecy Issue : view ""Protected users"" followers and following",hackerone.com/reports/56119,3,0.0,Improper Authentication - Generic,2015-05-15
56177,Coin.Space,SMTP protection not used,hackerone.com/reports/56177,2,0.0,Improper Authentication - Generic,2015-06-10
56182,Vimeo,May cause account take over (Via invitation page),hackerone.com/reports/56182,1,0.0,Violation of Secure Design Principles,2015-05-20
56385,Internet Bug Bounty,Double free vulnerability in Flash Player Settings Manager (CVE-2015-0346),hackerone.com/reports/56385,35,5000.0,Memory Corruption - Generic,2019-10-18
56511,Shopify,IDOR expire other user sessions,hackerone.com/reports/56511,29,1000.0,Improper Authentication - Generic,2015-04-17
56626,Shopify,Shop admin can change external login services,hackerone.com/reports/56626,5,1000.0,Privilege Escalation,2015-10-02
56628,Shopify,Payment gateway status transferred to Shopify without authentication,hackerone.com/reports/56628,7,0.0,Cross-Site Request Forgery (CSRF),2016-09-27
56662,Shopify,XSS - URL Redirects,hackerone.com/reports/56662,4,0.0,Cross-site Scripting (XSS) - Generic,2015-05-16
56726,Shopify,Invitation issue,hackerone.com/reports/56726,3,0.0,Privilege Escalation,2015-09-16
56742,HackerOne,SPF whitelist of mandrill leads to email forgery,hackerone.com/reports/56742,6,0.0,Improper Authentication - Generic,2015-06-08
56760,Shopify,XSS on support.shopify.com,hackerone.com/reports/56760,3,0.0,Cross-site Scripting (XSS) - Generic,2015-06-09
56779,Shopify,XSS on ecommerce.shopify.com,hackerone.com/reports/56779,2,0.0,Cross-site Scripting (XSS) - Generic,2015-09-06
56793,Whisper,Missing DMARC record,hackerone.com/reports/56793,4,0.0,Violation of Secure Design Principles,2016-10-28
56800,Shopify,Multiple issues on Checkout Process,hackerone.com/reports/56800,3,0.0,Violation of Secure Design Principles,2015-05-21
56936,Shopify,Notification request disclose private information about other myshopify accounts,hackerone.com/reports/56936,4,0.0,Improper Authentication - Generic,2015-09-24
57125,Shopify,comment out causes information disclosure,hackerone.com/reports/57125,5,0.0,Information Disclosure,2015-04-19
57163,HackerOne,Open-redirect on hackerone.com,hackerone.com/reports/57163,6,0.0,Open Redirect,2015-04-23
57263,WordPoints,Rank Creation function not validating user inputs.,hackerone.com/reports/57263,1,0.0,Command Injection - Generic,2015-06-04
57356,X / xAI,DOM based cookie bomb,hackerone.com/reports/57356,55,0.0,Uncontrolled Resource Consumption,2017-04-11
57459,Shopify,XSS in experts.shopify.com,hackerone.com/reports/57459,7,0.0,Cross-site Scripting (XSS) - Generic,2015-05-19
57505,Shopify,amazon aws s3 bucket content is public :-  http://shopify.com.s3.amazonaws.com/,hackerone.com/reports/57505,12,0.0,Memory Corruption - Generic,2015-10-15
57603,Vimeo,API: missing invalidation of OAuth2 Authorization Code during access revocation causes authorization bypass,hackerone.com/reports/57603,8,0.0,Improper Authentication - Generic,2015-05-31
57692,Enter,Server responds with the server error logs on account creation,hackerone.com/reports/57692,1,50.0,Information Disclosure,2015-11-26
57736,HackerOne,Missing spf flags for hackerone.com,hackerone.com/reports/57736,5,0.0,Cryptographic Issues - Generic,2015-04-23
57764,Coinbase,ByPassing the email Validation Email on Sign up process in mobile apps,hackerone.com/reports/57764,7,100.0,Violation of Secure Design Principles,2016-11-28
57914,Enter,HTML injection in email sent by romit.io,hackerone.com/reports/57914,1,50.0,Command Injection - Generic,2015-11-26
57918,Whisper,Insecure Local Data Storage  : Application stores data using a binary sqlite database,hackerone.com/reports/57918,8,50.0,Information Disclosure,2017-03-03
58612,HackerOne,Homograph attack,hackerone.com/reports/58612,5,0.0,Violation of Secure Design Principles,2015-05-02
58630,Shopify,Content Spoofing,hackerone.com/reports/58630,9,0.0,Violation of Secure Design Principles,2015-05-05
58679,Shopify,SSL cookie without secure flag set,hackerone.com/reports/58679,9,0.0,Violation of Secure Design Principles,2015-07-13
59015,Shopify,Stored XSS in the Shopify Discussion Forums,hackerone.com/reports/59015,6,500.0,Cross-site Scripting (XSS) - Generic,2015-05-31
59369,HackerOne,Making any Report Failed to load,hackerone.com/reports/59369,6,0.0,Uncontrolled Resource Consumption,2015-05-09
59372,HackerOne,Homograph Attack,hackerone.com/reports/59372,5,0.0,Open Redirect,2015-05-09
59375,HackerOne,Homograph attack,hackerone.com/reports/59375,17,0.0,Violation of Secure Design Principles,2015-05-09
59469,HackerOne,Fake URL + Additional vectors for homograph attack,hackerone.com/reports/59469,3,0.0,Violation of Secure Design Principles,2015-05-09
59505,drchrono,Create and Update patients vulnerability,hackerone.com/reports/59505,11,0.0,Privilege Escalation,2017-03-10
59508,drchrono,Accessing all appointments vulnerability,hackerone.com/reports/59508,6,0.0,Privilege Escalation,2016-07-21
59659,HackerOne,Reopen Disable Accounts/ Hidden Access After Disable,hackerone.com/reports/59659,6,0.0,Improper Authentication - Generic,2015-06-08
59660,Concrete CMS,Multiple Cross Site Request Forgery Vulnerabilities in Concrete5 version 5.7.3.1,hackerone.com/reports/59660,3,0.0,Cross-Site Request Forgery (CSRF),2016-06-26
59661,Concrete CMS,Multiple Reflected Cross Site Scripting Vulnerabilities in Concrete5 version 5.7.3.1,hackerone.com/reports/59661,2,0.0,Cross-site Scripting (XSS) - Generic,2015-06-06
59662,Concrete CMS,Multiple Stored Cross Site Scripting Vulnerabilities in Concrete5 version 5.7.3.1,hackerone.com/reports/59662,3,0.0,Cross-site Scripting (XSS) - Generic,2016-06-26
59663,Concrete CMS,Sendmail Remote Code Execution Vulnerability in Concrete5 version 5.7.3.1,hackerone.com/reports/59663,3,0.0,Command Injection - Generic,2015-06-06
59664,Concrete CMS,SQL Injection Vulnerability in Concrete5 version 5.7.3.1,hackerone.com/reports/59664,1,0.0,SQL Injection,2015-06-11
59665,Concrete CMS,Local File Inclusion Vulnerability in Concrete5 version 5.7.3.1,hackerone.com/reports/59665,11,0.0,Violation of Secure Design Principles,2016-06-26
59666,Concrete CMS,Unsafe usage of Host HTTP header in Concrete5 version 5.7.3.1,hackerone.com/reports/59666,3,0.0,Violation of Secure Design Principles,2018-01-11
60016,Udemy,xss profile,hackerone.com/reports/60016,3,0.0,Cross-site Scripting (XSS) - Generic,2015-07-16
60058,Udemy,teach.udemy.com log poison vulnerability through wordpress debug.log being publically available,hackerone.com/reports/60058,7,0.0,Code Injection,2015-06-09
60201,Mobile Vikings,XSS Vulnerability on all pages,hackerone.com/reports/60201,2,0.0,Cross-site Scripting (XSS) - Generic,2015-05-13
60260,Udemy,Misconfigured SPF Record Flag,hackerone.com/reports/60260,3,0.0,Violation of Secure Design Principles,2016-02-22
60402,HackerOne,Content Spoofing - External Link Warning Page,hackerone.com/reports/60402,5,0.0,Violation of Secure Design Principles,2015-05-11
60429,HackerOne,Logical Issue (Boosting Reputation points),hackerone.com/reports/60429,6,0.0,,2015-07-21
61312,Slack,"Bypass of the SSRF protection (Slack commands, Phabricator integration)",hackerone.com/reports/61312,14,100.0,,2016-09-14
61367,Udemy,xss on autoserch,hackerone.com/reports/61367,1,0.0,Cross-site Scripting (XSS) - Generic,2015-07-08
61371,Udemy,leak receipt of another user,hackerone.com/reports/61371,2,0.0,Information Disclosure,2015-11-13
62294,Concrete CMS,Multiple XSS Vulnerabilities in Concrete5 5.7.3.1,hackerone.com/reports/62294,2,0.0,Cross-site Scripting (XSS) - Generic,2015-07-15
62301,Udemy,"Ability to add pishing links in discusion ,"" Bypassing uneductional Links  add """,hackerone.com/reports/62301,10,0.0,Information Disclosure,2016-07-09
62385,jsDelivr,Pretty Photo Dom XSS ,hackerone.com/reports/62385,2,0.0,Cross-site Scripting (XSS) - Generic,2015-05-20
62400,Udemy,XSS on https://www.udemy.com/asset/export.html,hackerone.com/reports/62400,3,0.0,Cross-site Scripting (XSS) - Generic,2015-10-08
62427,Shopify,XSS in myshopify.com Admin site in TAX Overrides,hackerone.com/reports/62427,4,0.0,Cross-site Scripting (XSS) - Generic,2015-06-09
62778,Udemy,Multiple sub domain are vulnerable because of leaking full path ,hackerone.com/reports/62778,2,0.0,Information Disclosure,2015-06-25
62827,HackerOne,Email Notification should be get while changing Paypal Email,hackerone.com/reports/62827,5,0.0,Improper Authentication - Generic,2015-06-19
62861,Shopify,Bulk Discount App in myshopify.com exposes http://bulkdiscounts.shopifyapps.com vulnerable to XSS,hackerone.com/reports/62861,2,0.0,Cross-site Scripting (XSS) - Generic,2015-07-23
63131,Ruby on Rails,Changeable model ids on vanilla update can lead to severely bad side-effects,hackerone.com/reports/63131,4,0.0,Violation of Secure Design Principles,2016-02-12
63158,HackerOne,External URL page bypass,hackerone.com/reports/63158,3,0.0,,2015-05-28
63324,Internet Bug Bounty,"Flash Player information disclosure (etc.) CVE-2015-3044, PSIRT-3298",hackerone.com/reports/63324,8,2000.0,Information Disclosure,2019-10-18
63537,Mavenlink,XSS in https://app.mavenlink.com/workspaces/,hackerone.com/reports/63537,3,0.0,Cross-site Scripting (XSS) - Generic,2015-06-22
63729,HackerOne,Logic error with notifications: user that has left team continues to receive notifications and can not 'clean' this area on account,hackerone.com/reports/63729,4,500.0,Violation of Secure Design Principles,2015-06-04
63865,HackerOne,Potential denial of service in hackerone.com/<program>/reward_settings,hackerone.com/reports/63865,5,0.0,Uncontrolled Resource Consumption,2015-06-10
63888,Enter,Cross site scripting,hackerone.com/reports/63888,2,0.0,Cross-site Scripting (XSS) - Generic,2015-07-12
64164,Shopify,Privilege Escalation - A `MEMBER` with no ACCESS to `ORDERS` can still access the orders by using  `Order Printer APP` ,hackerone.com/reports/64164,8,1000.0,Privilege Escalation,2016-04-20
64184,Concrete CMS,"No csrf protection on index.php/ccm/system/user/add_group, index.php/ccm/system/user/remove_group",hackerone.com/reports/64184,1,0.0,Cross-Site Request Forgery (CSRF),2015-08-26
64529,VK.com,Page replacement and redirect loop,hackerone.com/reports/64529,13,0.0,Violation of Secure Design Principles,2019-02-24
64561,Legal Robot,missing SPF for legalrobot.com ,hackerone.com/reports/64561,6,0.0,Improper Authentication - Generic,2016-09-25
64626,MapLogin,Not Completed Accounts Take Over (Urgent bug),hackerone.com/reports/64626,3,0.0,Improper Authentication - Generic,2015-06-09
64645,Legal Robot,"Missing security headers, possible clickjacking",hackerone.com/reports/64645,5,0.0,UI Redressing (Clickjacking),2016-09-06
64666,MapLogin,Bypass verification of email while creating account(No rate limiting enable for verification code),hackerone.com/reports/64666,13,0.0,Improper Authentication - Generic,2016-08-25
64731,VK.com,Able to intercept app Traffic after choosing up the Secured Connection using SSL (HTTPS),hackerone.com/reports/64731,4,100.0,Information Disclosure,2017-03-03
64754,VK.com,"Просмотр лайков и репостов фотографии, которая находятся в приватном альбоме",hackerone.com/reports/64754,13,0.0,Violation of Secure Design Principles,2019-04-26
64941,Shopify,Header Misconfiguration - PHP API,hackerone.com/reports/64941,4,0.0,Violation of Secure Design Principles,2015-06-11
64946,Legal Robot,Registration bypass using OAuth logical bug,hackerone.com/reports/64946,7,0.0,UI Redressing (Clickjacking),2016-09-06
64963,VK.com,API: Bug in method auth.validatePhone,hackerone.com/reports/64963,3,0.0,,2015-07-17
65084,Coinbase,Big Bug with Vault which i have already reported: Case #606962,hackerone.com/reports/65084,1,0.0,,2016-01-20
65167,Legal Robot,CSRF,hackerone.com/reports/65167,7,0.0,Cross-Site Request Forgery (CSRF),2016-09-09
65284,Mapbox,Stored Cross-Site Scripting in Map Share Page,hackerone.com/reports/65284,4,0.0,Cross-site Scripting (XSS) - Generic,2016-04-19
65324,VK.com,XSS on added name album on videos.,hackerone.com/reports/65324,2,0.0,Cross-site Scripting (XSS) - Generic,2015-06-26
65330,VK.com,Не достаточная проверка логина скайп,hackerone.com/reports/65330,1,100.0,Command Injection - Generic,2015-10-30
65808,Concrete CMS,"No CSRF protection when creating new community points actions, and related stored XSS",hackerone.com/reports/65808,2,0.0,Cross-site Scripting (XSS) - Generic,2015-08-26
65825,Coinbase,OAuth authorization page vulnerable to clickjacking,hackerone.com/reports/65825,15,5000.0,Improper Authentication - Generic,2016-02-07
65966,VK.com,Уязвимость приватных записей пользователя (личных),hackerone.com/reports/65966,9,400.0,Information Disclosure,2017-02-09
66121,VK.com,XSS at http://vk.com on IE using flash files,hackerone.com/reports/66121,2,500.0,Cross-site Scripting (XSS) - Generic,2015-10-30
66151,HackerOne,Invitation is not properly cancelled while inviting to bug reports.,hackerone.com/reports/66151,6,0.0,Improper Authentication - Generic,2015-07-10
66223,Coinbase,Two-factor authentication (via SMS),hackerone.com/reports/66223,5,0.0,Improper Authentication - Generic,2015-06-16
66235,VK.com,Уязвимость в Указание мест на фото + фича + хакинг,hackerone.com/reports/66235,3,200.0,Code Injection,2015-09-07
66262,HackerOne,mailto: link injection on https://hackerone.com/directory,hackerone.com/reports/66262,5,0.0,Violation of Secure Design Principles,2015-06-10
66385,Legal Robot,No valid SPF record,hackerone.com/reports/66385,5,0.0,Improper Authentication - Generic,2016-09-19
66386,Shopify,[www.*.myshopify.com] CRLF Injection,hackerone.com/reports/66386,5,500.0,,2015-06-10
66391,Yelp,[engineeringblog.yelp.com] CRLF Injection,hackerone.com/reports/66391,14,0.0,,2017-11-09
66724,LibSass,type confusion in Sass::ParserState::ParserState(Sass::ParserState const&),hackerone.com/reports/66724,1,0.0,Memory Corruption - Generic,2015-06-11
66845,Legal Robot,- Guessing registered users in legalrobot.com,hackerone.com/reports/66845,7,0.0,Improper Authentication - Generic,2016-09-16
66962,Internet Bug Bounty,Misusing of FPU Instruction Could Cause Security Vulnerabilities in Adobe Flash Player,hackerone.com/reports/66962,2,0.0,Memory Corruption - Generic,2019-11-12
66994,Slack,Link vulnerability leads to phishing attacks,hackerone.com/reports/66994,1,0.0,,2015-07-13
67125,Shopify,XSS at importing Product List,hackerone.com/reports/67125,3,500.0,Cross-site Scripting (XSS) - Generic,2015-06-17
67132,Shopify,XSS at Bulk editing products,hackerone.com/reports/67132,3,500.0,Cross-site Scripting (XSS) - Generic,2015-06-17
67220,Shopify,Expire User Sessions in Admin Site does not expire user session in Shopify Application in IOS,hackerone.com/reports/67220,3,0.0,Improper Authentication - Generic,2015-07-15
67317,VK.com,Уязвимость получения всех номеров телефонов вк (по совместительству логинов профилей),hackerone.com/reports/67317,8,200.0,Code Injection,2017-02-13
67377,Shopify,SSRF via 'Add Image from URL' feature,hackerone.com/reports/67377,9,0.0,Violation of Secure Design Principles,2015-07-15
67389,Shopify,SSRF via 'Insert Image' feature of Products/Collections/Frontpage,hackerone.com/reports/67389,5,0.0,Violation of Secure Design Principles,2015-08-24
67557,Shopify,Bypass access restrictions from API,hackerone.com/reports/67557,4,1000.0,Improper Authentication - Generic,2015-09-18
67562,VK.com,Issue in the implementation of captcha and race condition,hackerone.com/reports/67562,14,0.0,Violation of Secure Design Principles,2016-09-29
67660,Automattic,Verification code issues for Two-Step Authentication,hackerone.com/reports/67660,5,0.0,Improper Authentication - Generic,2015-09-20
67929,HackerOne,Redirection Page throwing error instead of redirecting to site,hackerone.com/reports/67929,3,0.0,Violation of Secure Design Principles,2016-05-25
71006,Airbnb,authenticity_token is not random across page loads,hackerone.com/reports/71006,4,0.0,Cross-Site Request Forgery (CSRF),2015-08-12
71337,VK.com,Отвязываем Twitter от любого профиля вк ! + несколько багов по дизайну,hackerone.com/reports/71337,4,250.0,Cross-Site Request Forgery (CSRF),2016-04-04
71614,Shopify,XSS in Myshopify Admin Site in DISCOUNTS,hackerone.com/reports/71614,2,0.0,Cross-site Scripting (XSS) - Generic,2015-07-20
72331,Shopify,XSS at Bulk editing ProductVariants,hackerone.com/reports/72331,2,500.0,Cross-site Scripting (XSS) - Generic,2015-06-25
72526,ThisData,Xss via Dropbox,hackerone.com/reports/72526,1,0.0,Cross-site Scripting (XSS) - Generic,2016-03-07
72775,VK.com,Уязвимость Создание фотографий без ведома пользователей,hackerone.com/reports/72775,7,300.0,Cross-Site Request Forgery (CSRF),2017-02-09
72785,HackerOne,CSV Injection with the CVS export feature,hackerone.com/reports/72785,13,0.0,Command Injection - Generic,2015-09-21
72793,Shopify,Prevent Shop Admin From Seeing his Installed Apps / Install Persistent Unremovable App,hackerone.com/reports/72793,4,0.0,Uncontrolled Resource Consumption,2015-09-29
72976,Shopify,Body injection in mailto link while commenting shop blog,hackerone.com/reports/72976,2,0.0,,2015-09-10
73234,Internet Bug Bounty,out of bounds read crashes php-cgi,hackerone.com/reports/73234,2,0.0,,2014-12-30
73235,Internet Bug Bounty,Use After Free Vulnerability in unserialize(),hackerone.com/reports/73235,3,0.0,,2015-03-17
73236,Internet Bug Bounty,X509_to_X509_REQ NULL pointer deref,hackerone.com/reports/73236,2,0.0,,2015-03-15
73237,Internet Bug Bounty,Buffer Over flow when parsing tar/zip/phar in phar_set_inode,hackerone.com/reports/73237,1,1000.0,,2015-04-14
73238,Internet Bug Bounty,Buffer Over-read in unserialize when parsing Phar,hackerone.com/reports/73238,1,1000.0,,2015-04-14
73239,Internet Bug Bounty,ZIP Integer Overflow leads to writing past heap boundary,hackerone.com/reports/73239,1,1500.0,,2015-03-18
73240,Internet Bug Bounty,Integer overflow in ftp_genlist() resulting in heap overflow,hackerone.com/reports/73240,1,0.0,,2015-05-12
73241,Internet Bug Bounty,Malformed ECParameters causes infinite loop,hackerone.com/reports/73241,1,0.0,,2015-06-11
73242,Internet Bug Bounty,libcurl: URL request injection,hackerone.com/reports/73242,1,0.0,,2015-01-08
73244,Internet Bug Bounty,Use after free vulnerability in unserialize() with DateInterval,hackerone.com/reports/73244,3,0.0,,2015-03-17
73245,Internet Bug Bounty,Type Confusion Vulnerability in SoapClient,hackerone.com/reports/73245,5,0.0,,2015-04-16
73246,Internet Bug Bounty,Use-after-free in php_curl related to CURLOPT_FILE/_INFILE/_WRITEHEADER,hackerone.com/reports/73246,4,0.0,,2015-04-14
73247,Internet Bug Bounty,php_stream_url_wrap_http_ex() type-confusion vulnerability,hackerone.com/reports/73247,3,0.0,,2015-04-14
73248,Internet Bug Bounty,Tokenizer crash when processing undecodable source code,hackerone.com/reports/73248,2,0.0,,2015-04-21
73249,Internet Bug Bounty,Multiple use after free bugs in element module,hackerone.com/reports/73249,2,0.0,,2015-05-18
73250,Internet Bug Bounty,Multiple use after free bugs in heapq module,hackerone.com/reports/73250,2,0.0,,2015-05-03
73251,Internet Bug Bounty,Multiple use after free bugs in json encoding,hackerone.com/reports/73251,2,0.0,,2015-05-03
73252,Internet Bug Bounty,Use after free in get_filter,hackerone.com/reports/73252,2,0.0,,2015-05-03
73253,Internet Bug Bounty,Multiple type confusions in unicode error handlers,hackerone.com/reports/73253,2,0.0,,2015-05-18
73255,Internet Bug Bounty,str_repeat() sign mismatch based memory corruption,hackerone.com/reports/73255,1,0.0,,2015-05-12
73256,Internet Bug Bounty,PHP yaml_parse/yaml_parse_file/yaml_parse_url Double Free,hackerone.com/reports/73256,1,1500.0,,2015-05-18
73257,Internet Bug Bounty,PHP yaml_parse/yaml_parse_file/yaml_parse_url Unsafe Deserialization,hackerone.com/reports/73257,1,500.0,,2015-05-18
73258,Internet Bug Bounty,Python: imageop Unsafe Arithmetic,hackerone.com/reports/73258,1,1000.0,,2015-05-31
73259,Internet Bug Bounty,Integer overflow in _pickle.c,hackerone.com/reports/73259,1,500.0,,2015-06-27
73260,Internet Bug Bounty,Integer overflow in _json_encode_unicode leads to crash,hackerone.com/reports/73260,1,0.0,,2015-06-27
73276,Internet Bug Bounty,"Internet-based attacker can run Flash apps in local sandboxes by using  special URL schemes (PSIRT-3299, CVE-2015-3079)",hackerone.com/reports/73276,11,2000.0,Information Disclosure,2019-10-18
73429,Internet Bug Bounty,pngcrush_measure_idat() off-by-one error (CVE-2015-2158),hackerone.com/reports/73429,3,0.0,Code Injection,2019-10-04
73480,Ubiquiti Inc.,Arbritrary file Upload on AirMax,hackerone.com/reports/73480,21,0.0,Path Traversal,2016-02-13
73491,Ubiquiti Inc.,Buffer Overflow in PHP of the AirMax Products,hackerone.com/reports/73491,4,0.0,Memory Corruption - Generic,2016-04-01
73566,Shopify,Reflected XSS in chat,hackerone.com/reports/73566,2,0.0,Cross-site Scripting (XSS) - Generic,2015-08-11
73567,Shopify,Attention! Remote Code Execution at http://wpt.ec2.shopify.com/,hackerone.com/reports/73567,28,0.0,Command Injection - Generic,2015-07-16
73808,Udemy,Extremely high Course rating values could be set in order to make really high Average rating of the course. Negative values could be set to.,hackerone.com/reports/73808,5,0.0,Violation of Secure Design Principles,2015-09-25
74004,Ubiquiti Inc.,Other Buffer Overflow in PHP of the AirMax Products,hackerone.com/reports/74004,4,0.0,Memory Corruption - Generic,2016-04-07
74025,Ubiquiti Inc.,Yet another Buffer Overflow in PHP of the AirMax Products,hackerone.com/reports/74025,3,0.0,Memory Corruption - Generic,2016-04-07
74147,Enter,"Potential for financial loss, negative Values for ""Buy fee"" and ""Sell Fee""",hackerone.com/reports/74147,2,250.0,Violation of Secure Design Principles,2015-11-26
74514,DigitalSellz,Own downloading link isn't properly checked in the email template,hackerone.com/reports/74514,3,0.0,,2015-11-16
74518,DigitalSellz,The email updates issues,hackerone.com/reports/74518,3,0.0,,2015-08-25
74595,DigitalSellz,The product/status method CSRF,hackerone.com/reports/74595,3,0.0,Cross-Site Request Forgery (CSRF),2015-08-25
74933,Mapbox,Disclosure of map information,hackerone.com/reports/74933,6,0.0,Improper Authentication - Generic,2016-04-19
75556,HackerOne,Accessing title of the report of which you are marked as duplicate,hackerone.com/reports/75556,7,500.0,Improper Authentication - Generic,2015-07-17
75702,Enter,"No rate limit which leads to ""Users information Disclosure"" including verfification documents etc.",hackerone.com/reports/75702,1,250.0,Violation of Secure Design Principles,2015-11-27
76303,Gratipay,weak ssl cipher suites,hackerone.com/reports/76303,6,0.0,Cryptographic Issues - Generic,2015-09-13
76307,Gratipay,"Self XSS Protection not used , I can trick users to insert JavaScript",hackerone.com/reports/76307,2,0.0,Cross-site Scripting (XSS) - Generic,2015-09-11
76713,Zaption,XSS - Gallery Search Listing,hackerone.com/reports/76713,1,0.0,Cross-site Scripting (XSS) - Generic,2015-08-12
76733,Zaption,Using GET method for account login with CSRF token leaking to external sites Via Referer.,hackerone.com/reports/76733,4,0.0,Information Disclosure,2016-05-02
76738,Zaption,Open redirect filter bypass,hackerone.com/reports/76738,4,0.0,Open Redirect,2015-08-24
76784,Zaption,Cheating at gallery rating,hackerone.com/reports/76784,2,0.0,Privilege Escalation,2015-07-22
77076,Enter,GA code not verified on the server side allows sending Verification Documents on behalf of another user,hackerone.com/reports/77076,3,250.0,Improper Authentication - Generic,2015-11-27
77221,Mavenlink,Open/Unvalidated Redirect Issue,hackerone.com/reports/77221,2,0.0,Open Redirect,2015-08-06
77231,WordPoints,Weak Cryptographic Hash,hackerone.com/reports/77231,3,0.0,Violation of Secure Design Principles,2015-07-23
77330,MapLogin,Account creation code bypass,hackerone.com/reports/77330,5,0.0,Improper Authentication - Generic,2015-07-25
77679,ok.ru,http://217.20.144.201 privilege escalation in apache tomcat SessionEample-script,hackerone.com/reports/77679,9,0.0,Privilege Escalation,2016-08-29
77802,Shopify,TCP Source Port Pass Firewall,hackerone.com/reports/77802,6,0.0,Improper Authentication - Generic,2015-08-11
77817,ok.ru,SSRF/XSPA в форме загрузки видео по URL,hackerone.com/reports/77817,2,0.0,Uncontrolled Resource Consumption,2016-02-17
77904,ok.ru,cross siite scripting in the blog ,hackerone.com/reports/77904,7,0.0,Cross-site Scripting (XSS) - Generic,2017-04-17
78003,ok.ru,Cross site scripting On api Calculator API requests,hackerone.com/reports/78003,3,0.0,Cross-site Scripting (XSS) - Generic,2016-02-17
78052,ok.ru,xss in group,hackerone.com/reports/78052,6,0.0,Cross-site Scripting (XSS) - Generic,2016-07-10
78158,Internet Bug Bounty,Wrong Handling of Content-Type allows Flash injection and Rosseta flash patch bypass,hackerone.com/reports/78158,1,3000.0,Cross-site Scripting (XSS) - Generic,2019-11-12
78219,ok.ru,"Покупка песни дешевле, чем она стоит.",hackerone.com/reports/78219,3,0.0,,2016-04-29
78253,ok.ru,"Покупка=>скачка песен, которые не предназначены для продажи",hackerone.com/reports/78253,7,0.0,,2017-03-20
78260,ok.ru,Stored XSS в имени песни (2) на платёжном гейте.,hackerone.com/reports/78260,5,0.0,Cross-site Scripting (XSS) - Generic,2017-03-20
78436,ok.ru,"(URGENT!) Покупка OK дешевле, чем он стоит",hackerone.com/reports/78436,5,0.0,Violation of Secure Design Principles,2016-04-29
78516,ok.ru,Доступ к чужим приватным фотографиям (3) через обложку видео,hackerone.com/reports/78516,3,0.0,Privilege Escalation,2016-04-29
78685,Flox,Email spoofing configuration missing,hackerone.com/reports/78685,1,0.0,Violation of Secure Design Principles,2015-07-27
78765,Udemy,information disclosure,hackerone.com/reports/78765,1,0.0,Information Disclosure,2016-02-07
78781,ok.ru,Critical : Access to group videos where videos are restricted for all users(Broken authentication ),hackerone.com/reports/78781,9,0.0,Improper Authentication - Generic,2016-08-01
79046,ok.ru,Доступ к чужим групповым беседам.,hackerone.com/reports/79046,3,0.0,Privilege Escalation,2016-04-29
79185,Flox,Content spoofing through Referel header,hackerone.com/reports/79185,3,0.0,Violation of Secure Design Principles,2015-08-29
79348,Slack,OSX slack:// protocol handler javascript injection,hackerone.com/reports/79348,72,0.0,Command Injection - Generic,2016-06-24
79552,Gratipay,[gratipay.com] CRLF Injection,hackerone.com/reports/79552,6,40.0,,2015-08-20
80118,HackerOne,Information leakage - Private reports cached by Google ,hackerone.com/reports/80118,8,0.0,Information Disclosure,2018-07-23
80298,VK.com,Внедрение произвольного javascript-сценария в функционале просмотра изображений мобильной версии сайта,hackerone.com/reports/80298,7,0.0,Cross-site Scripting (XSS) - Generic,2015-10-30
80512,Coinbase,Runtime manipulation iOS app breaking the PIN,hackerone.com/reports/80512,1,0.0,Violation of Secure Design Principles,2016-11-16
80597,HackerOne,Number of invited researchers disclosed as part of JSON search response,hackerone.com/reports/80597,4,0.0,Information Disclosure,2015-08-05
80694,Urban Dictionary,Reflective Xss Vulnerability ,hackerone.com/reports/80694,4,0.0,Cross-site Scripting (XSS) - Generic,2015-09-16
80883,Gratipay,Authentication errors in server side validaton of E-MAIL,hackerone.com/reports/80883,3,0.0,Improper Authentication - Generic,2015-08-10
80936,HackerOne,Private Program and bounty details disclosed as part of JSON search response,hackerone.com/reports/80936,4,500.0,Improper Authentication - Generic,2015-08-31
80990,Ubiquiti Inc.,JetBrains .idea project directory,hackerone.com/reports/80990,20,0.0,Violation of Secure Design Principles,2019-09-19
81083,HackerOne,Internal bounty and swag details disclosed as part of JSON response,hackerone.com/reports/81083,3,500.0,Information Disclosure,2016-04-25
81191,Informatica,[now.informatica.com] Reflective Xss,hackerone.com/reports/81191,6,0.0,Cross-site Scripting (XSS) - Generic,2016-05-19
81212,Ruby on Rails,Potential XSS on sanitize/Rails::Html::WhiteListSanitizer,hackerone.com/reports/81212,5,0.0,Cross-site Scripting (XSS) - Generic,2016-03-13
81396,Ruby on Rails,[Rails42] We can inject HTML tags when server is using strip_tags method,hackerone.com/reports/81396,3,0.0,Cross-site Scripting (XSS) - Generic,2016-03-13
81441,Shopify,XSS https://delivery.shopifyapps.com/  (Digital Downloads App  in myshopify.com),hackerone.com/reports/81441,3,0.0,Cross-site Scripting (XSS) - Generic,2015-08-24
81701,Gratipay,"Possible SQL injection on ""Jump to twitter""",hackerone.com/reports/81701,2,0.0,SQL Injection,2016-03-21
81736,Automattic,XSS in WordPress ,hackerone.com/reports/81736,4,0.0,Cross-site Scripting (XSS) - Generic,2015-10-16
81757,Shopify,Reflected XSS in chat.,hackerone.com/reports/81757,4,0.0,Cross-site Scripting (XSS) - Generic,2015-09-02
83178,ownCloud,owncloud.com: DOM Based XSS,hackerone.com/reports/83178,2,0.0,Cross-site Scripting (XSS) - Generic,2015-10-11
83239,ownCloud,owncloud.com: Allowed an attacker to force a user to change profile details. (XCSRF),hackerone.com/reports/83239,1,0.0,Cross-Site Request Forgery (CSRF),2015-09-11
83251,ownCloud,owncloud.com: Content Sniffing not disabled,hackerone.com/reports/83251,3,0.0,Violation of Secure Design Principles,2015-11-12
83373,ownCloud,owncloud.com: Cross Site Tracing,hackerone.com/reports/83373,2,0.0,Cross-site Scripting (XSS) - Generic,2015-10-11
83374,ownCloud,apps.owncloud.com: XSS via referrer,hackerone.com/reports/83374,5,0.0,Cross-site Scripting (XSS) - Generic,2015-10-11
83381,ownCloud,apps.owncloud.com: Multiple reflected XSS by insecure URL generation (IE only),hackerone.com/reports/83381,1,0.0,Cross-site Scripting (XSS) - Generic,2016-03-10
83578,ownCloud,owncloud.com: PermError SPF Permanent Error: Too many DNS lookups,hackerone.com/reports/83578,1,0.0,Violation of Secure Design Principles,2015-10-11
83604,Khan Academy,Html injection on khanacademy,hackerone.com/reports/83604,5,0.0,Command Injection - Generic,2015-12-14
83667,ownCloud,apps.owncloud.com: Session Cookie in URL can be captured by hackers,hackerone.com/reports/83667,3,0.0,Improper Authentication - Generic,2015-10-31
83710,ownCloud,apps.owncloud.com: SSL Session cookie without secure flag set,hackerone.com/reports/83710,3,0.0,Improper Authentication - Generic,2015-09-15
83801,ownCloud,apps.owncloud.com: Path Disclosure,hackerone.com/reports/83801,2,0.0,Information Disclosure,2015-09-11
83803,ownCloud,apps.owncloud.com: SSL Server Allows Anonymous Authentication Vulnerability (SMTP),hackerone.com/reports/83803,4,0.0,Memory Corruption - Generic,2015-09-11
83837,ownCloud,demo.owncloud.org: Web Server HTTP Trace/Track Method Support Cross-Site Tracing Vulnerability,hackerone.com/reports/83837,2,0.0,Cross-site Scripting (XSS) - Generic,2015-09-11
83855,ownCloud,s2.owncloud.com: Web Server HTTP Trace/Track Method Support Cross-Site Tracing Vulnerability,hackerone.com/reports/83855,1,0.0,Cross-site Scripting (XSS) - Generic,2016-02-05
83856,ownCloud,s2.owncloud.com: SSL Session cookie without secure flag set,hackerone.com/reports/83856,1,0.0,Information Disclosure,2016-01-27
83962,Ruby on Rails,DoS Attack in Controller Lookup Code,hackerone.com/reports/83962,3,0.0,Uncontrolled Resource Consumption,2016-03-13
83971,ownCloud,test1.owncloud.com: Web Server HTTP Trace/Track Method Support Cross-Site Tracing Vulnerability,hackerone.com/reports/83971,2,0.0,Improper Authentication - Generic,2016-02-01
84078,ownCloud,*.owncloud.com / *.owncloud.org: Using not strong enough SSL ciphers,hackerone.com/reports/84078,1,0.0,Violation of Secure Design Principles,2016-02-05
84085,ownCloud,daily.owncloud.com: Information disclosure,hackerone.com/reports/84085,1,0.0,Privilege Escalation,2015-09-11
84105,ownCloud,demo.owncloud.org: HTTP compression is enabled potentially leading to BREACH attack,hackerone.com/reports/84105,2,0.0,Cryptographic Issues - Generic,2015-10-09
84287,Gratipay,"DKIM records not present, Email Hijacking is possible",hackerone.com/reports/84287,2,0.0,Improper Authentication - Generic,2015-09-23
84371,ownCloud,apps.owncloud.com: Stored XSS in profile page,hackerone.com/reports/84371,3,0.0,Cross-site Scripting (XSS) - Generic,2015-10-11
84372,ownCloud,owncloud.com: Account Compromise Through CSRF,hackerone.com/reports/84372,2,0.0,Cross-Site Request Forgery (CSRF),2016-03-11
84374,ownCloud,apps.owncloud.com: Malicious file upload leads to remote code execution,hackerone.com/reports/84374,9,0.0,Code Injection,2015-09-01
84395,ownCloud,CSRF in apps.owncloud.com,hackerone.com/reports/84395,3,0.0,Cross-Site Request Forgery (CSRF),2016-03-10
84453,ownCloud,Lack of HSTS on https://apps.owncloud.com,hackerone.com/reports/84453,3,0.0,Cryptographic Issues - Generic,2016-03-10
84581,ownCloud,owncloud.com: Outdated plugins contains public exploits  ,hackerone.com/reports/84581,2,0.0,Violation of Secure Design Principles,2015-10-11
84601,X / xAI,XSS and cache poisoning via upload.twitter.com on ton.twitter.com,hackerone.com/reports/84601,198,0.0,Cross-site Scripting (XSS) - Generic,2019-05-01
84740,Gratipay,Stored XSS On Statement,hackerone.com/reports/84740,8,0.0,Cross-site Scripting (XSS) - Generic,2015-09-03
84797,ownCloud,Config,hackerone.com/reports/84797,2,0.0,Violation of Secure Design Principles,2015-10-11
85011,Phabricator,Dashboard panel embedded onto itself causes a denial of service,hackerone.com/reports/85011,1,0.0,Uncontrolled Resource Consumption,2015-08-27
85201,ownCloud,Full Path Disclosure ,hackerone.com/reports/85201,2,0.0,Information Disclosure,2016-01-06
85291,Shopify,XSS https://www.shopify.com/signup,hackerone.com/reports/85291,2,500.0,Cross-site Scripting (XSS) - Generic,2015-08-31
85488,Vimeo,Stored XSS on player.vimeo.com,hackerone.com/reports/85488,11,0.0,Cross-site Scripting (XSS) - Generic,2017-08-31
85532,ownCloud,apps.owncloud.com: Edit Question didn't check ACLs,hackerone.com/reports/85532,3,0.0,Privilege Escalation,2015-09-11
85541,ownCloud,apps.owncloud.com: Mixed Active Scripting Issue ,hackerone.com/reports/85541,1,0.0,Information Disclosure,2015-10-11
85559,ownCloud,Password appears in user name field,hackerone.com/reports/85559,3,0.0,Violation of Secure Design Principles,2015-09-11
85565,ownCloud,apps.owncloud.com: CSRF change privacy settings,hackerone.com/reports/85565,1,0.0,Cross-Site Request Forgery (CSRF),2016-03-11
85577,ownCloud,apps.owncloud.com: Potential XSS,hackerone.com/reports/85577,3,0.0,Cross-site Scripting (XSS) - Generic,2015-11-04
85615,Vimeo,Reflected XSS on vimeo.com/musicstore,hackerone.com/reports/85615,6,0.0,Cross-site Scripting (XSS) - Generic,2017-08-31
85624,X / xAI,Highly wormable clickjacking in player card,hackerone.com/reports/85624,134,0.0,UI Redressing (Clickjacking),2018-05-17
85720,Enter,IDOR on remoing Share,hackerone.com/reports/85720,6,250.0,Violation of Secure Design Principles,2015-11-27
86022,Phabricator,Multiple so called  'type juggling' attacks. Most notably PhabricatorUser::validateCSRFToken() is 'bypassable' in certain cases.,hackerone.com/reports/86022,2,0.0,Cross-Site Request Forgery (CSRF),2015-10-01
86067,HackerOne,Weak HSTS age in support hackerone site,hackerone.com/reports/86067,3,0.0,Violation of Secure Design Principles,2015-09-18
87040,X / xAI,XSS on OAuth authorize/authenticate endpoint,hackerone.com/reports/87040,23,0.0,Cross-site Scripting (XSS) - Generic,2015-11-20
87168,Shopify,www.shopify.com XSS on blog pages via sharing buttons,hackerone.com/reports/87168,2,500.0,Cross-site Scripting (XSS) - Generic,2015-10-21
87505,ownCloud,Full Path Disclosure ,hackerone.com/reports/87505,1,0.0,Information Disclosure,2016-01-06
87531,Gratipay,Mail spaming,hackerone.com/reports/87531,3,20.0,Violation of Secure Design Principles,2016-01-06
87561,Coinbase,OAUTH pemission set as true= lead to authorize malicious application,hackerone.com/reports/87561,5,100.0,Improper Authentication - Generic,2015-12-01
87577,Vimeo,Stored XSS on vimeo.com and player.vimeo.com,hackerone.com/reports/87577,4,0.0,Cross-site Scripting (XSS) - Generic,2015-11-30
87588,Udemy,XSS Vulnerability,hackerone.com/reports/87588,3,0.0,Cross-site Scripting (XSS) - Generic,2015-11-09
87752,ownCloud,gallery_plus: Content Spoofing ,hackerone.com/reports/87752,2,0.0,Violation of Secure Design Principles,2015-09-11
87835,ownCloud,Webview Vulnerablity [OwnCloudAndroid Application] ,hackerone.com/reports/87835,5,0.0,Cross-site Scripting (XSS) - Generic,2015-10-11
87854,Vimeo,XSS on vimeo.com/home after other user follows you,hackerone.com/reports/87854,19,0.0,Cross-site Scripting (XSS) - Generic,2017-08-31
88088,Vimeo,"XSS on mobile version of vimeo.com where the button ""Follow"" appears",hackerone.com/reports/88088,7,0.0,Cross-site Scripting (XSS) - Generic,2017-08-31
88105,Vimeo,"XSS on vimeo.com | ""Search within these results"" feature (requires user interaction)",hackerone.com/reports/88105,8,0.0,Cross-site Scripting (XSS) - Generic,2017-08-31
88395,Phabricator,Information leakage through Graphviz blocks,hackerone.com/reports/88395,1,0.0,Information Disclosure,2015-09-13
88508,Vimeo,XSS when using captions/subtitles on video player based on Flash (requires user interaction),hackerone.com/reports/88508,8,0.0,Cross-site Scripting (XSS) - Generic,2017-08-31
88719,X / xAI,Multiple DOMXSS on Amplify Web Player,hackerone.com/reports/88719,66,0.0,Cross-site Scripting (XSS) - Generic,2017-04-15
88904,ownCloud,Apache Range Header Denial of Service Attack (Confirmed PoC),hackerone.com/reports/88904,3,0.0,Uncontrolled Resource Consumption,2016-01-01
89097,ownCloud,owncloud.com: CVE-2015-5477 BIND9 TKEY Vulnerability + Exploit (Denial of Service),hackerone.com/reports/89097,1,0.0,Uncontrolled Resource Consumption,2015-09-16
89178,BitHunt,No rate limit or captcha to identify humans,hackerone.com/reports/89178,2,0.0,Violation of Secure Design Principles,2016-06-01
89505,Slack,Self-XSS in posts by formatting text as code,hackerone.com/reports/89505,2,0.0,Cross-site Scripting (XSS) - Generic,2015-11-10
90165,VK.com,"CSRF в получении резервных токенов+framing , приводящие к компроментации 2fa",hackerone.com/reports/90165,12,500.0,Cross-Site Request Forgery (CSRF),2017-05-31
90172,X / xAI,Tweetdeck (twitter owned app) not revoked,hackerone.com/reports/90172,5,0.0,Improper Authentication - Generic,2016-04-29
90308,Coinbase,User email enumuration using Gmail,hackerone.com/reports/90308,6,100.0,Information Disclosure,2015-12-23
90321,ownCloud,Apache documentation,hackerone.com/reports/90321,1,0.0,Information Disclosure,2016-01-04
90367,HackerOne,"Minor Bug: Public un-compiled CSS with original sass, versioning, source map, comments, etc.",hackerone.com/reports/90367,5,0.0,Information Disclosure,2015-09-25
90415,Zaption,CSV Excel Macro Injection in Export Response,hackerone.com/reports/90415,3,0.0,Command Injection - Generic,2015-10-01
90457,Ruby on Rails,"Nested attributes reject_if proc can be circumvented by providing ""_destroy"" parameter",hackerone.com/reports/90457,9,0.0,,2016-02-12
90601,ownCloud,[s3.owncloud.com] Web Server HTTP Trace/Track Method Support ,hackerone.com/reports/90601,2,0.0,Violation of Secure Design Principles,2015-09-28
90643,ownCloud,No email verification during registration,hackerone.com/reports/90643,5,0.0,Improper Authentication - Generic,2015-09-28
90671,Shopify,Privilege escalation vulnerability,hackerone.com/reports/90671,3,0.0,Uncontrolled Resource Consumption,2015-10-14
90688,Shopify,create staff member without owner access,hackerone.com/reports/90688,5,1000.0,Improper Authentication - Generic,2016-02-29
90690,Shopify,change Login Services settings without owner access,hackerone.com/reports/90690,4,1000.0,Improper Authentication - Generic,2015-10-14
90778,Gratipay,implement a cross-domain policy for Adobe products,hackerone.com/reports/90778,3,0.0,Violation of Secure Design Principles,2016-06-17
90805,Gratipay,change bank account numbers,hackerone.com/reports/90805,13,0.0,Information Disclosure,2017-06-12
90862,Shopify,Passwords Returned in Later Responses.,hackerone.com/reports/90862,3,0.0,Violation of Secure Design Principles,2015-09-30
90912,IRCCloud,Inadequate input validation on API endpoint leading to self denial of service and increased system load.,hackerone.com/reports/90912,3,500.0,Uncontrolled Resource Consumption,2015-10-12
90980,ownCloud,owncloud.com: WP Super Cache plugin is outdated,hackerone.com/reports/90980,2,0.0,Cross-site Scripting (XSS) - Generic,2015-10-30
91332,Imgur,Open Url redirection on login with facebook,hackerone.com/reports/91332,3,0.0,Cryptographic Issues - Generic,2015-12-09
91343,Imgur,Information disclosure (No rate limting in forgot password & other login),hackerone.com/reports/91343,30,0.0,Information Disclosure,2018-04-14
91350,Imgur,"""Sign me out everywhere"" does not work for desktop sessions",hackerone.com/reports/91350,2,0.0,Cryptographic Issues - Generic,2015-12-23
91366,Imgur,Content Sniffing not enabled,hackerone.com/reports/91366,1,0.0,Cryptographic Issues - Generic,2015-12-09
91421,Imgur,Reflected Flash XSS using swfupload.swf with an epileptic reloading to bypass the button-event,hackerone.com/reports/91421,16,0.0,Cross-site Scripting (XSS) - Generic,2016-07-28
91599,Automattic,WooCommerce: Support Ticket indirect object reference,hackerone.com/reports/91599,16,0.0,Cross-Site Request Forgery (CSRF),2016-09-02
91604,Imgur,Crossdomain.xml settings on api.imgur.com too open,hackerone.com/reports/91604,2,0.0,Memory Corruption - Generic,2015-12-09
91816,Imgur,Server Side Request Forgery In Video to GIF Functionality,hackerone.com/reports/91816,8,0.0,Cross-Site Request Forgery (CSRF),2016-03-22
92111,ownCloud,Self-XSS in mails sent by hello@owncloud.com,hackerone.com/reports/92111,3,0.0,Violation of Secure Design Principles,2016-02-06
92113,VK.com,Уязвимость дает возможность смотреть кто лайкал приватным фото или видео ,hackerone.com/reports/92113,17,100.0,Cross-Site Request Forgery (CSRF),2018-06-24
92251,Uber,Issue with Password reset functionality,hackerone.com/reports/92251,5,100.0,Improper Authentication - Generic,2016-05-23
92271,VK.com,Недочет в поиске по хештегам,hackerone.com/reports/92271,8,0.0,Cryptographic Issues - Generic,2018-03-04
92344,Shopify,customers password hash leak!!!!,hackerone.com/reports/92344,4,500.0,Improper Authentication - Generic,2015-10-05
92353,Automattic,CSV Injection in polldaddy.com,hackerone.com/reports/92353,1,0.0,,2015-11-20
92453,Shopify,unauthorized access to all customers first and last name ,hackerone.com/reports/92453,4,2500.0,Improper Authentication - Generic,2015-10-06
92472,Bumble,Tokens from services like Facebook can be stolen,hackerone.com/reports/92472,7,0.0,,2016-06-03
92481,Shopify,Accessing Payments page and adding payment methods with limited access accounts,hackerone.com/reports/92481,3,500.0,Privilege Escalation,2015-11-10
92607,HackerOne,Content spoofing on invitations page ,hackerone.com/reports/92607,4,0.0,,2015-10-21
92633,Shopify,The POS Firmware is leaking the root Password which can be used for unauthorized access to the device.,hackerone.com/reports/92633,3,0.0,,2015-10-09
92644,ownCloud,apps.owncloud.com: Referer protection Bypassed,hackerone.com/reports/92644,3,0.0,Improper Authentication - Generic,2016-01-02
92716,HackerOne,HackerOne Private Programs users disclosure and de-anonymous-ize,hackerone.com/reports/92716,4,0.0,Information Disclosure,2015-12-08
92740,Coinbase,SPF records not found,hackerone.com/reports/92740,1,0.0,Violation of Secure Design Principles,2015-10-14
93004,Shopify,unauthorized access to all collections name,hackerone.com/reports/93004,2,2000.0,Privilege Escalation,2015-10-14
93020,VK.com,Способ узнать имя человека и ВУЗ удаленной страницы,hackerone.com/reports/93020,3,0.0,Privilege Escalation,2016-10-17
93154,Imgur,Csrf near report abuse meme ,hackerone.com/reports/93154,1,0.0,Cross-Site Request Forgery (CSRF),2015-12-09
93157,Gratipay,"SPF Protection not used, I can hijack your email server",hackerone.com/reports/93157,2,0.0,Cryptographic Issues - Generic,2017-08-08
93294,Shopify,First & Last Name Disclosure of any Shopify Store Admin,hackerone.com/reports/93294,3,0.0,Privilege Escalation,2015-11-09
93394,Shopify,Unauthenticated access to details of hidden products in any shop via title emuneration,hackerone.com/reports/93394,3,1000.0,Improper Authentication - Generic,2015-10-23
93546,Internet Bug Bounty,pngcrush double-free/segfault could result in DoS (CVE-2015-7700),hackerone.com/reports/93546,4,0.0,Uncontrolled Resource Consumption,2019-10-04
93550,Adobe,Reflected XSS via. search,hackerone.com/reports/93550,6,0.0,Cross-site Scripting (XSS) - Generic,2016-04-13
93616,Shopify,get users information without full access,hackerone.com/reports/93616,5,500.0,Privilege Escalation,2015-11-04
93680,Shopify,Missing authorization check on dashboard overviews,hackerone.com/reports/93680,4,500.0,Privilege Escalation,2015-11-10
93691,Shopify,Arbitrary write on s3://shopify-delivery-app-storage/files,hackerone.com/reports/93691,5,2000.0,Improper Authentication - Generic,2015-10-15
93807,FanFootage,XSS by image file name,hackerone.com/reports/93807,7,0.0,Cross-site Scripting (XSS) - Generic,2015-12-09
93901,Shopify,Bypassing password requirement during deletion of accout,hackerone.com/reports/93901,3,0.0,Improper Authentication - Generic,2015-11-03
93921,Shopify,"Unauthorized access to all collections, products, pages from other stores",hackerone.com/reports/93921,6,2500.0,Improper Authentication - Generic,2015-10-20
94087,Shopify,Arbitrary read on s3://shopify-delivery-app-storage/files,hackerone.com/reports/94087,3,1500.0,Improper Authentication - Generic,2015-10-20
94336,HackerOne,Minimum bounty of a private program is visible for users that were removed from the program,hackerone.com/reports/94336,5,0.0,Information Disclosure,2015-10-21
94502,Shopify,Some S3 Buckets are world readable (and one is world writeable),hackerone.com/reports/94502,4,500.0,Improper Authentication - Generic,2015-10-24
94568,Ruby on Rails,http_basic_authenticate_with is suseptible to timing attacks.,hackerone.com/reports/94568,7,0.0,Improper Authentication - Generic,2016-03-13
94637,Whisper,Host Header Injection/Redirection,hackerone.com/reports/94637,7,30.0,Open Redirect,2016-01-06
94642,Whisper,SMS Invite Form Abuse,hackerone.com/reports/94642,8,30.0,Uncontrolled Resource Consumption,2017-03-21
94899,Shopify,Paid account can review\download any invoice of any other shop,hackerone.com/reports/94899,5,0.0,Improper Authentication - Generic,2015-10-22
94925,Coinbase,Balance Manipulation - BUG,hackerone.com/reports/94925,2,0.0,,2016-02-26
95089,Shopify,Reflected XSS in cart at hardware.shopify.com,hackerone.com/reports/95089,10,500.0,Cross-site Scripting (XSS) - Generic,2015-12-22
95231,X / xAI,"XSS in the ""Poll"" Feature on Twitter.com",hackerone.com/reports/95231,6,0.0,Cross-site Scripting (XSS) - Generic,2016-08-12
95243,X / xAI,Following a User Actually Follows Another User,hackerone.com/reports/95243,1,280.0,Open Redirect,2015-12-02
95441,Shopify,Unauthorized access to any Store Admin's First & Last name,hackerone.com/reports/95441,4,0.0,Improper Authentication - Generic,2015-11-07
95552,X / xAI,IDOR- Activate Mopub on different organizations- steal api token- Fabric.io,hackerone.com/reports/95552,17,0.0,Improper Authentication - Generic,2016-01-25
95555,X / xAI,CSRF on cards API,hackerone.com/reports/95555,41,0.0,Cross-Site Request Forgery (CSRF),2017-04-11
95564,Imgur,Persistent XSS in image title,hackerone.com/reports/95564,4,0.0,Cross-site Scripting (XSS) - Generic,2016-03-31
95589,Shopify,Privilege escalation and circumvention of permission to limited access user,hackerone.com/reports/95589,6,0.0,Improper Authentication - Generic,2015-11-11
95599,Deriv.com,Cross Site Scripting,hackerone.com/reports/95599,5,50.0,Cross-site Scripting (XSS) - Generic,2015-11-13
95640,Udemy,Reflected XSS and/or malicious redirection via JWPlayer 6 configuration modification,hackerone.com/reports/95640,2,0.0,Cross-site Scripting (XSS) - Generic,2016-02-24
95981,Deriv.com,Http Response Splitting - Validate link,hackerone.com/reports/95981,11,75.0,,2015-11-15
96007,Shopify,Domain takoever - https://sellocdn.com,hackerone.com/reports/96007,4,0.0,Improper Authentication - Generic,2015-11-03
96115,Revive Adserver,Login page password-guessing attack,hackerone.com/reports/96115,46,0.0,Violation of Secure Design Principles,2024-04-19
96218,withinsecurity,Uses unsafe-inline without nonce ,hackerone.com/reports/96218,1,0.0,Cryptographic Issues - Generic,2015-10-28
96229,Vimeo,XSS on player.vimeo.com without user interaction and vimeo.com with user interaction,hackerone.com/reports/96229,6,0.0,Cross-site Scripting (XSS) - Generic,2017-08-31
96294,withinsecurity,DDOS using xmlrpc.php,hackerone.com/reports/96294,7,0.0,Uncontrolled Resource Consumption,2015-10-29
96337,Slack,"Stored XSS in Slack (weird, trial and error)",hackerone.com/reports/96337,4,0.0,Cross-site Scripting (XSS) - Generic,2015-11-10
96467,Imgur,Persistent XSS in https://p.imgur.com/albumview.gif and http://p.imgur.com/imageview.gif / post statistics,hackerone.com/reports/96467,1,0.0,Cross-site Scripting (XSS) - Generic,2015-12-09
96470,Shopify,Missing of csrf protection ,hackerone.com/reports/96470,9,500.0,Cross-Site Request Forgery (CSRF),2015-12-07
96636,Snapchat,Password Reset - query param overrides postdata,hackerone.com/reports/96636,12,1500.0,Privilege Escalation,2015-12-24
96662,Bumble,"crossdomain.xml too permissive on eu1.badoo.com, us1.badoo.com, etc.",hackerone.com/reports/96662,16,0.0,Violation of Secure Design Principles,2017-08-31
96855,Shopify,Staff members with no permission to  access domains can access them.,hackerone.com/reports/96855,5,0.0,Improper Authentication - Generic,2015-11-03
96890,Shopify,A 'Full access' administrator is able to see the shop owners user details,hackerone.com/reports/96890,3,500.0,Privilege Escalation,2015-11-10
96908,Shopify,An administrator without the 'Settings' permission is able to see payment gateways,hackerone.com/reports/96908,5,500.0,Improper Authentication - Generic,2015-11-18
97161,X / xAI,Can see private tweets via keyword searches on tweetdeck,hackerone.com/reports/97161,3,0.0,Privilege Escalation,2016-02-16
97191,HackerOne,Send AJAX request to external domain,hackerone.com/reports/97191,7,0.0,Cross-site Scripting (XSS) - Generic,2015-11-14
97292,HackerOne,HTTP header injection in info.hackerone.com allows setting cookies for hackerone.com,hackerone.com/reports/97292,18,0.0,,2015-12-02
97295,ok.ru,Multiple critical vulnerabilities in Odnoklassniki Android application,hackerone.com/reports/97295,16,0.0,,2016-07-26
97377,HackerOne,Hackerone impersonation,hackerone.com/reports/97377,3,0.0,,2015-12-02
97452,Shopify,"Staff members with no permission can access to the files, uploaded by the administrator",hackerone.com/reports/97452,7,500.0,Privilege Escalation,2016-07-07
97501,Shopify,SVG parser loads external resources on image upload,hackerone.com/reports/97501,15,0.0,Cross-Site Request Forgery (CSRF),2016-06-02
97510,X / xAI,Following a User After Favoriting Actually Follows Another User (related to #95243),hackerone.com/reports/97510,1,280.0,UI Redressing (Clickjacking),2015-12-02
97535,Shopify,List of devices is accessible regardless of the account limitations,hackerone.com/reports/97535,3,500.0,Information Disclosure,2015-11-10
97609,Deriv.com,User Enumeration : Due to rate limiting on registration,hackerone.com/reports/97609,5,0.0,Information Disclosure,2015-11-05
97657,Slack,File upload XSS (Java applet) on http://slackatwork.com/,hackerone.com/reports/97657,1,200.0,Command Injection - Generic,2015-11-11
97672,X / xAI,File Upload XSS in image uploading of App in mopub,hackerone.com/reports/97672,24,0.0,Cross-site Scripting (XSS) - Generic,2016-08-25
97683,Slack,Reflected Self-XSS in Slack,hackerone.com/reports/97683,2,0.0,Cross-site Scripting (XSS) - Generic,2015-11-10
97938,Imgur,XSS m.imgur.com,hackerone.com/reports/97938,3,0.0,Cross-site Scripting (XSS) - Generic,2016-01-21
97948,HackerOne,Cross-domain AJAX request,hackerone.com/reports/97948,6,0.0,Open Redirect,2015-11-14
98012,Algolia,Stored XSS on https://www.algolia.com/realtime-search-demo/*,hackerone.com/reports/98012,2,0.0,Cross-site Scripting (XSS) - Generic,2016-02-03
98151,Shopify,Non-owner user can remove online store channel and re-add it.,hackerone.com/reports/98151,4,0.0,Improper Authentication - Generic,2015-12-03
98247,Deriv.com,login to any user's cashier account and full account information disclosure,hackerone.com/reports/98247,27,0.0,Improper Authentication - Generic,2015-11-14
98259,Shopify,'Limited' RCE in certain places where Liquid is accepted,hackerone.com/reports/98259,6,1500.0,Code Injection,2015-11-10
98432,X / xAI,Urgent : Disclosure of all the apps with hash ID in mopub through API request (Authentication bypass) ,hackerone.com/reports/98432,6,0.0,Improper Authentication - Generic,2016-08-22
98469,Deriv.com,Email Verification Link can be Used as Password Reset Link!,hackerone.com/reports/98469,7,0.0,Improper Authentication - Generic,2015-12-03
98499,Shopify,Apps can access 'channels' beta api,hackerone.com/reports/98499,3,500.0,Privilege Escalation,2015-11-18
98559,ownCloud,RCE in ci.owncloud.com / ci.owncloud.org,hackerone.com/reports/98559,10,0.0,Code Injection,2015-11-09
98819,Shopify,S3 Buckets open to the world thanks to  'Authenticated Users' ACL ,hackerone.com/reports/98819,12,1000.0,Improper Authentication - Generic,2016-02-23
99157,Slack,RC4 cipher suites detected on status.slack.com,hackerone.com/reports/99157,6,0.0,Violation of Secure Design Principles,2016-11-18
99245,Mapbox,XSS in L.mapbox.shareControl in mapbox.js,hackerone.com/reports/99245,5,1000.0,Cross-site Scripting (XSS) - Generic,2016-05-03
99321,Shopify, [CSRF] Activate PayPal Express Checkout,hackerone.com/reports/99321,4,0.0,Cross-Site Request Forgery (CSRF),2015-12-03
99368,Algolia,an xss issue,hackerone.com/reports/99368,2,100.0,Cross-site Scripting (XSS) - Generic,2016-05-22
99374,Shopify,deleted staff member can add his amazon marketplace web services account to the store.,hackerone.com/reports/99374,4,0.0,Improper Authentication - Generic,2015-11-18
99424,Uber,Mass Assignment Vulnerability in partners.uber.com,hackerone.com/reports/99424,9,1000.0,Code Injection,2016-05-09
99435,Bumble,Open redirect helps to steal Facebook access_token,hackerone.com/reports/99435,9,0.0,Open Redirect,2017-08-31
99600,X / xAI,Urgent : Unauthorised Access to Media content of all Direct messages and protected tweets(Indirect object reference),hackerone.com/reports/99600,39,0.0,Improper Authentication - Generic,2018-03-21
99647,drchrono,CSRF  Add Album On  onpatient.com ,hackerone.com/reports/99647,4,0.0,Cross-Site Request Forgery (CSRF),2016-08-31
99687,HackerOne,profile cover can also load external URL's ,hackerone.com/reports/99687,6,0.0,Violation of Secure Design Principles,2015-12-02
99708,HackerOne,Limited CSRF bypass.,hackerone.com/reports/99708,9,500.0,Cross-Site Request Forgery (CSRF),2015-12-02
99857,drchrono,Request Accepts without X-CSRFToken  [ Header - Cookie ],hackerone.com/reports/99857,16,0.0,Improper Authentication - Generic,2016-08-31
99863,Shopify,From full-access account to Account Owner,hackerone.com/reports/99863,13,500.0,Privilege Escalation,2018-09-18
99969,Algolia,User with limited access to Index configuration can rename the Index,hackerone.com/reports/99969,3,200.0,Improper Authentication - Generic,2016-06-01
100186,Coinbase,Transactions visible on Unconfirmed devices,hackerone.com/reports/100186,8,500.0,Improper Authentication - Generic,2015-12-11
100509,HackerOne,Pre-generation of 2FA secret/backup codes seems like an unnecessary risk,hackerone.com/reports/100509,15,1000.0,,2015-12-02
100565,Slack,Executing scripts on slack-files.com using SVG,hackerone.com/reports/100565,4,0.0,Cross-site Scripting (XSS) - Generic,2016-02-18
100667,Shopify,CSV Excel Macro Injection Vulnerability in export list of current users - app.shopify.com,hackerone.com/reports/100667,4,0.0,Command Injection - Generic,2015-12-01
100820,X / xAI,Add tweet to collection CSRF ,hackerone.com/reports/100820,12,0.0,Cross-Site Request Forgery (CSRF),2016-08-22
100829,Coinbase,Stored-XSS in https://www.coinbase.com/,hackerone.com/reports/100829,13,0.0,Cross-site Scripting (XSS) - Generic,2015-12-07
100849,X / xAI,URGENT : NICHE.co Account Take Over Vulnerability,hackerone.com/reports/100849,7,560.0,Cross-Site Request Forgery (CSRF),2015-12-21
100916,Imgur,Imgur dev environments facing the Internet,hackerone.com/reports/100916,4,0.0,Information Disclosure,2016-01-08
100926,Yelp,Access to internal CMS containing private Data,hackerone.com/reports/100926,81,0.0,Improper Authentication - Generic,2016-10-07
100931,X / xAI,xss in link items (mopub.com),hackerone.com/reports/100931,14,560.0,Cross-site Scripting (XSS) - Generic,2016-07-05
100938,Shopify,An administrator without any permission is able to get order notifications using his APNS Token.,hackerone.com/reports/100938,10,500.0,Improper Authentication - Generic,2015-12-14
100956,Shopify,"Cookie securing your ""Opening soon"" store is not secured against XSS",hackerone.com/reports/100956,2,0.0,Violation of Secure Design Principles,2015-12-01
101063,Uber,Drivers can change profile picture,hackerone.com/reports/101063,5,500.0,Improper Authentication - Generic,2016-05-12
101104,X / xAI,Subdomain Expired,hackerone.com/reports/101104,3,0.0,Improper Authentication - Generic,2016-01-15
101145,Automattic,Remove anyone's pic gravtar,hackerone.com/reports/101145,4,0.0,Improper Authentication - Generic,2016-06-05
101450,Shopify,XSS in creating tweets,hackerone.com/reports/101450,3,0.0,Cross-site Scripting (XSS) - Generic,2015-12-03
101909,Ubiquiti Inc.,account.ubnt.com CSRF,hackerone.com/reports/101909,9,0.0,Cross-Site Request Forgery (CSRF),2016-12-05
101962,Shopify,Open redirect using theme install,hackerone.com/reports/101962,60,0.0,Open Redirect,2015-12-14
101977,Imgur,Login to any user account using other facebook app access token ,hackerone.com/reports/101977,76,0.0,Improper Authentication - Generic,2017-07-24
101983,Deriv.com,Cookie bug,hackerone.com/reports/101983,4,0.0,Improper Authentication - Generic,2015-12-16
102234,ok.ru,Same-Origin Policy bypass on main domain - ok.ru,hackerone.com/reports/102234,5,0.0,,2016-05-04
102236,ok.ru,Same-Origin Policy Bypass #2 ,hackerone.com/reports/102236,4,0.0,,2016-05-04
102327,withinsecurity,content injection,hackerone.com/reports/102327,4,0.0,Violation of Secure Design Principles,2016-01-21
102376,ok.ru,Обход защиты от csrf-ок в m.ok.ru,hackerone.com/reports/102376,3,0.0,Cross-Site Request Forgery (CSRF),2016-03-18
102755,Algolia,Stored XSS in name selection,hackerone.com/reports/102755,6,100.0,Cross-site Scripting (XSS) - Generic,2016-06-18
103178,Imgur,Attack User Privacy Settings - X-Frame-Options missing on m.imgur.com/user/username/settings,hackerone.com/reports/103178,1,0.0,UI Redressing (Clickjacking),2016-05-04
103351,Shopify,[CSRF] Install premium themes ,hackerone.com/reports/103351,11,0.0,Cross-Site Request Forgery (CSRF),2016-07-27
103432,Urban Dictionary,URGENT - Subdomain Takeover in support.urbandictionary.com pointing to Zendesk,hackerone.com/reports/103432,1,0.0,Code Injection,2016-01-04
103546,CERT/CC,manipulate the Practical HTTP Host header ,hackerone.com/reports/103546,7,0.0,Open Redirect,2016-12-12
103772,Shopify,Open Redirect at *.myshopify.com/account/login?checkout_url=,hackerone.com/reports/103772,29,0.0,Open Redirect,2015-12-16
103787,HackerOne,CSRF possible when SOP Bypass/UXSS is available ,hackerone.com/reports/103787,11,2500.0,Cross-Site Request Forgery (CSRF),2015-12-30
103989,Khan Academy,Escaping the iframe via exceptions,hackerone.com/reports/103989,0,0.0,Cross-site Scripting (XSS) - Generic,2015-12-29
103990,Internet Bug Bounty,Null pointer dereference in phar_get_fp_offset(),hackerone.com/reports/103990,0,500.0,,2015-09-29
103991,Internet Bug Bounty,mod_lua: Crash in websockets PING handling,hackerone.com/reports/103991,2,0.0,,2015-02-04
103992,Internet Bug Bounty,Integer overflow in _Unpickler_Read,hackerone.com/reports/103992,0,0.0,,2015-09-26
103993,RubyGems,Request Hijacking Vulnerability In RubyGems 2.4.6 And Earlier,hackerone.com/reports/103993,0,0.0,,2015-05-14
103994,Internet Bug Bounty,Python 3.3 - 3.5 product_setstate() Out-of-bounds Read,hackerone.com/reports/103994,0,500.0,,2015-09-12
103995,Internet Bug Bounty,Use After Free Vulnerability in unserialize() with SplDoublyLinkedList,hackerone.com/reports/103995,2,0.0,,2015-09-01
103996,Internet Bug Bounty,Use After Free Vulnerability in unserialize() with SplObjectStorage,hackerone.com/reports/103996,2,0.0,,2015-09-01
103997,Internet Bug Bounty,Use After Free Vulnerability in unserialize(),hackerone.com/reports/103997,2,0.0,,2015-09-01
103998,Internet Bug Bounty,Use After Free Vulnerability in session deserializer,hackerone.com/reports/103998,2,0.0,,2015-09-01
103999,Internet Bug Bounty,Use after free vulnerability in unserialize() with GMP,hackerone.com/reports/103999,3,0.0,,2015-09-01
104000,Internet Bug Bounty,Python xmlparse_setattro() Type Confusion,hackerone.com/reports/104000,0,500.0,,2015-09-07
104001,Internet Bug Bounty,time_strftime() Buffer Over-read,hackerone.com/reports/104001,0,500.0,,2015-09-07
104002,Internet Bug Bounty,Python scan_eol() Buffer Over-read,hackerone.com/reports/104002,0,500.0,,2015-09-03
104003,Internet Bug Bounty,Python deque.index() uninitialized memory,hackerone.com/reports/104003,0,1000.0,,2015-09-03
104004,Internet Bug Bounty,Mem out-of-bounds write (segfault) in ZEND_ASSIGN_DIV_SPEC_CV_UNUSED_HANDLER,hackerone.com/reports/104004,0,500.0,,2015-08-02
104005,Internet Bug Bounty,null pointer deref (segfault) in zend_eval_const_expr,hackerone.com/reports/104005,0,500.0,,2015-08-02
104006,Internet Bug Bounty,Null pointer deref (segfault) in spl_autoload via ob_start,hackerone.com/reports/104006,0,500.0,,2015-08-23
104007,Internet Bug Bounty,Buffer over-read in exif_read_data with TIFF IFD tag,hackerone.com/reports/104007,0,1000.0,,2015-09-01
104008,Internet Bug Bounty,Uninitialized pointer in phar_make_dirstream,hackerone.com/reports/104008,0,1000.0,,2015-09-29
104009,Internet Bug Bounty,zend_throw_or_error() format string vulnerability,hackerone.com/reports/104009,2,0.0,,2015-11-14
104010,Internet Bug Bounty,SOAP serialize_function_call() type confusion / RCE,hackerone.com/reports/104010,0,0.0,,2015-09-02
104011,Internet Bug Bounty,AddressSanitizer reports a global buffer overflow in mkgmtime() function,hackerone.com/reports/104011,0,500.0,,2015-10-15
104012,Internet Bug Bounty,Integer overflow in unserialize() (32-bits only),hackerone.com/reports/104012,0,500.0,,2015-10-15
104013,Internet Bug Bounty,heap buffer overflow in enchant_broker_request_dict(),hackerone.com/reports/104013,0,500.0,,2015-01-26
104014,Internet Bug Bounty,libcurl duphandle read out of bounds,hackerone.com/reports/104014,0,1000.0,,2015-11-05
104015,Internet Bug Bounty,curl_setopt_array() type confusion,hackerone.com/reports/104015,0,0.0,,2015-08-04
104016,Internet Bug Bounty,Dangling pointer in the unserialization of ArrayObject items,hackerone.com/reports/104016,0,1000.0,,2015-08-05
104017,Internet Bug Bounty,Arbitrary code execution in str_ireplace function,hackerone.com/reports/104017,0,0.0,,2015-08-04
104018,Internet Bug Bounty,Multiple Use After Free Vulnerabilites in unserialize(),hackerone.com/reports/104018,2,0.0,,2015-08-05
104019,Internet Bug Bounty,Files extracted from archive may be placed outside of destination directory,hackerone.com/reports/104019,0,0.0,,2015-08-05
104020,Internet Bug Bounty,audioop.lin2adpcm Buffer Over-read,hackerone.com/reports/104020,0,500.0,,2015-06-26
104021,Internet Bug Bounty,audioop.adpcm2lin Buffer Over-read,hackerone.com/reports/104021,0,500.0,,2015-06-28
104022,Internet Bug Bounty,hotshot pack_string Heap Buffer Overflow,hackerone.com/reports/104022,0,500.0,,2015-06-27
104023,Internet Bug Bounty,bytearray.find Buffer Over-read,hackerone.com/reports/104023,0,1000.0,,2015-06-29
104024,Internet Bug Bounty,array.fromstring Use After Free,hackerone.com/reports/104024,0,500.0,,2015-07-25
104025,Internet Bug Bounty,use after free in load_newobj_ex,hackerone.com/reports/104025,0,500.0,,2015-07-02
104026,Internet Bug Bounty,invalid pointer free() in phar_tar_process_metadata(),hackerone.com/reports/104026,0,500.0,,2015-05-22
104027,Internet Bug Bounty,Memory Corruption in phar_parse_tarfile when entry filename starts with null,hackerone.com/reports/104027,0,500.0,,2015-05-12
104028,Internet Bug Bounty,Improved fix for bug #69545 (Integer overflow in ftp_genlist() resulting in heap overflow),hackerone.com/reports/104028,0,0.0,,2015-06-18
104032,Internet Bug Bounty,PyFloat_FromString & PyNumber_Long Buffer Over-reads,hackerone.com/reports/104032,0,1000.0,,2015-11-08
104033,Internet Bug Bounty,tokenizer crash when processing undecodable source code,hackerone.com/reports/104033,0,0.0,,2015-11-14
104087,Slack,Trick make all fixed open redirect links vulnerable again,hackerone.com/reports/104087,4,1000.0,Open Redirect,2016-05-22
104359,Shopify,shopifyapps.com XSS on sales channels via currency formatting,hackerone.com/reports/104359,12,1000.0,Cross-site Scripting (XSS) - Generic,2015-12-14
104465,Square Open Source,git-fastclone allows arbitrary command execution through usage of ext remote URLs in submodules,hackerone.com/reports/104465,2,0.0,Command Injection - Generic,2016-01-25
104543,Coinbase,HTML injection in apps user review ,hackerone.com/reports/104543,31,200.0,,2015-12-21
104559,Automattic,XSS on codex.wordpress.org,hackerone.com/reports/104559,3,0.0,Cross-site Scripting (XSS) - Generic,2016-06-19
104620,Coinbase,XXE in OAuth2 Applications gallery profile App logo,hackerone.com/reports/104620,3,0.0,,2015-12-16
104917,Instacart,Cross-Site Scripting Reflected On Main Domain,hackerone.com/reports/104917,19,0.0,Cross-site Scripting (XSS) - Generic,2016-09-30
104931,Shopify,CSRF in Connecting Pinterest Account,hackerone.com/reports/104931,2,0.0,Cross-Site Request Forgery (CSRF),2016-02-02
105149,ownCloud,directory listing in https://demo.owncloud.org/doc/,hackerone.com/reports/105149,0,0.0,Information Disclosure,2016-01-01
105190,Square Open Source,Unsafe usage of Ruby string interpolation enabling command injection in git-fastclone,hackerone.com/reports/105190,2,0.0,Command Injection - Generic,2016-01-25
105363,Shopify,[livechat.shopify.com] Cookie bomb at customer chats,hackerone.com/reports/105363,6,0.0,,2016-01-19
105419,Instacart,Cookie-Based Injection,hackerone.com/reports/105419,16,0.0,Cross-site Scripting (XSS) - Generic,2016-09-26
105434,Informatica,[rev-app.informatica.com] - XXE,hackerone.com/reports/105434,45,0.0,Uncontrolled Resource Consumption,2016-08-02
105463,Imgur,risk of having secure=false in a crossdomain.xml,hackerone.com/reports/105463,3,0.0,Memory Corruption - Generic,2016-03-03
105657,Phabricator,libphutil: removing bytes from a PhutilRope does not work as intended,hackerone.com/reports/105657,0,0.0,,2015-12-16
105659,Shopify,many xss in widgets.shopifyapps.com,hackerone.com/reports/105659,1,500.0,Cross-site Scripting (XSS) - Generic,2016-02-04
105688,LeaseWeb,DOM Based XSS in Checkout,hackerone.com/reports/105688,1,100.0,Cross-site Scripting (XSS) - Generic,2016-02-26
105753,Informatica,[app.informaticaondemand.com] XXE,hackerone.com/reports/105753,25,0.0,Uncontrolled Resource Consumption,2017-04-08
105787,Informatica, XXE in upload file feature,hackerone.com/reports/105787,22,0.0,Uncontrolled Resource Consumption,2017-05-10
105887,HackerOne,Know whether private program for company exist or not,hackerone.com/reports/105887,18,0.0,Information Disclosure,2016-01-15
105953,HackerOne,Parameter pollution in social sharing buttons,hackerone.com/reports/105953,62,500.0,Violation of Secure Design Principles,2015-12-19
105977,GlassWire,DLL Hijacking Vulnerability in GlassWireSetup.exe,hackerone.com/reports/105977,6,100.0,Code Injection,2016-02-04
105980,ownCloud,XXE at host vpn.owncloud.com,hackerone.com/reports/105980,2,0.0,Command Injection - Generic,2016-01-27
105991,Shopify,"""Remember me"" token generated when ""Remember me"" box unchecked",hackerone.com/reports/105991,4,500.0,Improper Authentication - Generic,2016-01-13
106024,ownCloud,owncloud.com: Parameter pollution in social sharing buttons,hackerone.com/reports/106024,3,0.0,Violation of Secure Design Principles,2016-03-14
106084,HackerOne,Team Member███ associated with a Custom Group Created with 'Program Managment' only permissions can Comments on Bug Reports ,hackerone.com/reports/106084,7,500.0,Improper Authentication - Generic,2015-12-29
106179,VK.com,"Уязвимость дает возможность видеть записи , которые предлагаются пабликам + еще",hackerone.com/reports/106179,19,300.0,Cross-Site Request Forgery (CSRF),2018-06-30
106293,Shopify,Reflective XSS on wholesale.shopify.com,hackerone.com/reports/106293,14,500.0,Cross-site Scripting (XSS) - Generic,2015-12-21
106305,HackerOne,Improve signals in reputation,hackerone.com/reports/106305,12,0.0,Violation of Secure Design Principles,2016-01-07
106315,Coinbase,Potential for Double Spend via Sign Message Utility,hackerone.com/reports/106315,0,0.0,Cryptographic Issues - Generic,2016-01-06
106348,Algolia,text injection can be used in phishing 404 page should not include attacker text,hackerone.com/reports/106348,2,100.0,Violation of Secure Design Principles,2016-05-09
106350,withinsecurity,text injection can be used in phishing 404 page should not include attacker text,hackerone.com/reports/106350,15,250.0,Violation of Secure Design Principles,2016-01-16
106360,Coinbase,Race condition allowing user to review app multiple times,hackerone.com/reports/106360,8,0.0,,2016-01-14
106427,Shopify,HTTP-Response-Splitting on v.shopify.com,hackerone.com/reports/106427,20,500.0,,2016-01-17
106548,Internet Bug Bounty,Format string vulnerability in zend_throw_or_error(),hackerone.com/reports/106548,0,1000.0,Code Injection,2016-01-10
106636,Shopify,Strored Cross Site Scripting,hackerone.com/reports/106636,4,500.0,Cross-site Scripting (XSS) - Generic,2016-03-13
106678,Informatica,[now.informatica.com] Reflective XSS,hackerone.com/reports/106678,5,0.0,Cross-site Scripting (XSS) - Generic,2016-12-09
106797,Informatica,[marketplace.informatica.com] - XXE,hackerone.com/reports/106797,14,0.0,Command Injection - Generic,2016-12-09
106806,VK.com,Добавление в меню сообщества без ведома пользователя (нажатия пользователем),hackerone.com/reports/106806,5,100.0,Cross-Site Request Forgery (CSRF),2017-02-13
106865,Informatica,[rev-app.informatica.com] - XXE via SAML,hackerone.com/reports/106865,12,0.0,Command Injection - Generic,2016-12-09
106897,Shopify,Stored XSS in /admin/orders ,hackerone.com/reports/106897,2,0.0,Cross-site Scripting (XSS) - Generic,2016-02-17
106982,Imgur,XSS in imgur mobile,hackerone.com/reports/106982,2,0.0,Cross-site Scripting (XSS) - Generic,2016-01-19
107036,Imgur,XSS in imgur mobile 3,hackerone.com/reports/107036,2,0.0,Cross-site Scripting (XSS) - Generic,2016-01-21
107213,GlassWire,GlassWireSetup.exe subject to EXE planting attack,hackerone.com/reports/107213,2,100.0,Privilege Escalation,2016-02-04
107296,Automattic,Possible Timing Side-Channel in XMLRPC Verification,hackerone.com/reports/107296,2,0.0,Cryptographic Issues - Generic,2016-03-17
107336,HackerOne,Team Member(s) associated with a  Group have Read-only permission (Post internal comments) can post comment to all the participants ,hackerone.com/reports/107336,7,0.0,Privilege Escalation,2016-01-27
107664,VK.com,Изменение текстов вариантов ответа в опросах,hackerone.com/reports/107664,6,0.0,,2018-01-30
107849,ownCloud,[https://test1.owncloud.com/owncloud6/] Guessable password used for admin user,hackerone.com/reports/107849,0,0.0,,2016-01-02
107877,VK.com,"API: Bug in method auth.signup , дающий возможность бесконечно звонить ",hackerone.com/reports/107877,6,500.0,Violation of Secure Design Principles,2017-02-13
107960,Ubiquiti Inc.,Reflected File Download in community.ubnt.com/restapi/,hackerone.com/reports/107960,11,0.0,,2017-05-27
108056,HackerOne,HackerOne is still prone to Internet Explorer UXSS,hackerone.com/reports/108056,23,0.0,Cross-Site Request Forgery (CSRF),2017-04-19
108082,ownCloud,Exploiting unauthenticated encryption mode,hackerone.com/reports/108082,4,350.0,Cryptographic Issues - Generic,2016-04-04
108113,X / xAI,Bypassing callback_url validation on Digits,hackerone.com/reports/108113,48,0.0,Open Redirect,2016-08-12
108288,ownCloud,otrs.owncloud.com: Reflected Cross-Site Scripting,hackerone.com/reports/108288,0,0.0,Cross-site Scripting (XSS) - Generic,2016-02-10
108645,Gratipay,Harden resend throttling,hackerone.com/reports/108645,5,0.0,Violation of Secure Design Principles,2017-04-16
108681,Internet Bug Bounty,Use After Free Vulnerability in WDDX Packet Deserialization,hackerone.com/reports/108681,2,0.0,Memory Corruption - Generic,2019-10-13
108682,Internet Bug Bounty,Type Confusion Vulnerability in PHP_to_XMLRPC_worker(),hackerone.com/reports/108682,2,0.0,,2019-10-13
108683,Internet Bug Bounty,Session WDDX Packet Deserialization Type Confusion Vulnerability,hackerone.com/reports/108683,2,0.0,Memory Corruption - Generic,2019-10-13
108692,ownCloud,Mixed Active Scripting Issue on stats.owncloud.org,hackerone.com/reports/108692,0,0.0,Violation of Secure Design Principles,2016-02-06
108723,Ruby on Rails,Validation bypass for Active Record and Active Model,hackerone.com/reports/108723,5,0.0,Violation of Secure Design Principles,2016-02-12
108928,HackerOne,Signals get affected once reports closed as self ,hackerone.com/reports/108928,6,0.0,Violation of Secure Design Principles,2016-04-25
109054,Gratipay,HTTP trace method is enabled,hackerone.com/reports/109054,4,0.0,Violation of Secure Design Principles,2016-02-17
109116,Gratipay,Directory Listing on grtp.co,hackerone.com/reports/109116,0,0.0,Cryptographic Issues - Generic,2017-08-21
109161,Gratipay,protect against tabnabbing in statement,hackerone.com/reports/109161,8,0.0,Improper Authentication - Generic,2017-10-01
109175,Internet Bug Bounty,Use After Free in sortWithSortKeys(),hackerone.com/reports/109175,0,1000.0,Memory Corruption - Generic,2016-01-20
109352,General Motors,XSS in GM ,hackerone.com/reports/109352,2,0.0,Cross-site Scripting (XSS) - Generic,2016-08-30
109395,General Motors,gmmovinparts.com SQLi via forgot_password.jsp,hackerone.com/reports/109395,22,0.0,SQL Injection,2016-08-30
109420,HackerOne,Requesting unknown file type returns Ruby object w/ address,hackerone.com/reports/109420,2,0.0,Information Disclosure,2016-02-19
109461,General Motors,refelected Xss on https://gmid.gm.com/gmid/jsp/GMIDInitialLogin.jsp,hackerone.com/reports/109461,5,0.0,Cross-site Scripting (XSS) - Generic,2016-08-30
109483,HackerOne,User with Read-Only permissions can request/approve public disclosure,hackerone.com/reports/109483,3,500.0,Violation of Secure Design Principles,2016-02-19
109699,Ubiquiti Inc.,Subdomain Takeover in http://assets.goubiquiti.com/,hackerone.com/reports/109699,21,0.0,Code Injection,2016-02-14
109810,Coinbase,The 'Create a New Account' action is vulnerable to CSRF,hackerone.com/reports/109810,4,0.0,Cross-Site Request Forgery (CSRF),2016-07-24
109815,Coinbase,Direct URL access to completed reports,hackerone.com/reports/109815,2,200.0,Improper Authentication - Generic,2016-03-06
109832,Deriv.com,HTML injection via 'underlying' parameter,hackerone.com/reports/109832,3,0.0,Cross-site Scripting (XSS) - Generic,2016-07-24
109839,Udemy,CSRF in Udemy.com ,hackerone.com/reports/109839,11,0.0,Cross-Site Request Forgery (CSRF),2017-01-10
109843,Internet Bug Bounty,Uninitialized pointer in phar_make_dirstream(),hackerone.com/reports/109843,3,1000.0,Memory Corruption - Generic,2019-10-15
109959,Phabricator,Extended policy checks are buggy,hackerone.com/reports/109959,0,0.0,,2016-01-11
110293,X / xAI,Insufficient OAuth callback validation which leads to Periscope account takeover,hackerone.com/reports/110293,276,0.0,Improper Authentication - Generic,2019-04-10
110352,Internet Bug Bounty,Perl 5.22 VDir::MapPathA/W Out-of-bounds Reads and Buffer Over-reads,hackerone.com/reports/110352,3,1000.0,Memory Corruption - Generic,2016-03-31
110417,Internet Bug Bounty,Heap corruption in tar/zip/phar parser,hackerone.com/reports/110417,3,1000.0,Memory Corruption - Generic,2019-10-15
110467,X / xAI,Bypassing Digits bridge origin validation,hackerone.com/reports/110467,92,0.0,Improper Authentication - Generic,2017-04-30
110578,HackerOne,HTML injection can lead to data theft,hackerone.com/reports/110578,21,500.0,Violation of Secure Design Principles,2016-01-26
110655,ownCloud,Information Exposure Through Directory Listing,hackerone.com/reports/110655,1,0.0,Information Disclosure,2016-01-14
110720,Internet Bug Bounty,Arbitary Memory Read via gdImageRotateInterpolated Array Index Out of Bounds,hackerone.com/reports/110720,2,500.0,Memory Corruption - Generic,2019-11-12
110722,Internet Bug Bounty,Heap BufferOver Flow in escapeshellargs and escapeshellcmd functions,hackerone.com/reports/110722,2,500.0,Memory Corruption - Generic,2019-11-12
110801,Automattic,Internal GET SSRF via CSRF with Press This scan feature,hackerone.com/reports/110801,3,0.0,Cross-Site Request Forgery (CSRF),2016-03-04
111078,Gratipay,Sub Domain Take over,hackerone.com/reports/111078,9,0.0,Improper Authentication - Generic,2016-02-28
111094,withinsecurity,Content Spoofing OR Text Injection in https://withinsecurity.com,hackerone.com/reports/111094,15,0.0,,2016-01-20
111131,Deriv.com,XSS,hackerone.com/reports/111131,2,0.0,Cross-site Scripting (XSS) - Generic,2016-05-23
111192,HackerOne,CSV Injection via the CSV export feature,hackerone.com/reports/111192,10,0.0,Command Injection - Generic,2016-02-16
111216,Shopify,Twitter Disconnect CSRF,hackerone.com/reports/111216,18,0.0,Cross-Site Request Forgery (CSRF),2016-02-01
111218,Shopify,Attach Pinterest account - no State/CSRF parameter in Oauth Call back,hackerone.com/reports/111218,6,0.0,Cross-Site Request Forgery (CSRF),2016-02-01
111262,ownCloud,The csrf token remains same after user logs in,hackerone.com/reports/111262,0,0.0,Violation of Secure Design Principles,2016-02-25
111365,Automattic,XSS at www.woothemes.com,hackerone.com/reports/111365,3,0.0,Cross-site Scripting (XSS) - Generic,2016-02-19
111386,Vimeo,Legacy API exposes private video titles,hackerone.com/reports/111386,1,0.0,Information Disclosure,2016-02-10
111417,VK.com,Checking whether user liked the media or not even when you are blocked ,hackerone.com/reports/111417,4,100.0,Information Disclosure,2016-05-25
111475,Shopify,www.shopify.com XSS via third-party script,hackerone.com/reports/111475,1,500.0,Cross-site Scripting (XSS) - Generic,2016-02-01
111500,Automattic,XSS at wordpress.com,hackerone.com/reports/111500,2,0.0,Cross-site Scripting (XSS) - Generic,2016-02-18
111643,Shopify,Full access to Amazon S3 bucket containing AWS CloudTrail logs,hackerone.com/reports/111643,4,0.0,Information Disclosure,2016-02-01
111676,HackerOne,attack in not an authorized user,hackerone.com/reports/111676,5,0.0,Uncontrolled Resource Consumption,2016-02-16
111752,Imgur,Big Bug in SSL : breach compression attack (CVE-2013-3587) affect imgur.com,hackerone.com/reports/111752,2,0.0,Cryptographic Issues - Generic,2016-01-21
111763,Khan Academy,"XSS vulnerability in ""/coach/roster/"" ( create your first class) ",hackerone.com/reports/111763,3,0.0,Cross-site Scripting (XSS) - Generic,2016-02-12
111860,withinsecurity,Error Page Text Injection #106350,hackerone.com/reports/111860,7,0.0,Uncontrolled Resource Consumption,2016-03-18
111868,HackerOne,Report title and issue information prepopulated ,hackerone.com/reports/111868,15,0.0,,2016-07-15
111968,HackerOne,Interstitial redirect bypass / open redirect in https://hackerone.com/zendesk_session,hackerone.com/reports/111968,28,0.0,Open Redirect,2016-02-24
111999,General Motors,Full Path Disclosure on gmchat.gm.com,hackerone.com/reports/111999,3,0.0,Information Disclosure,2016-05-23
112001,General Motors,XSS on gmchat.gm.com,hackerone.com/reports/112001,3,0.0,Cross-site Scripting (XSS) - Generic,2016-05-23
112025,Udemy,Stored XSS,hackerone.com/reports/112025,0,0.0,Cross-site Scripting (XSS) - Generic,2016-02-22
112057,Internet Bug Bounty,Heapoverflow in zipimporter module,hackerone.com/reports/112057,12,0.0,Memory Corruption - Generic,2019-10-14
112116,Bime,XXE in the Connector Designer,hackerone.com/reports/112116,15,0.0,Information Disclosure,2016-09-14
112156,Bime,SSRF in the Connector Designer (REST and Elastic Search),hackerone.com/reports/112156,7,0.0,Privilege Escalation,2016-09-14
112166,Bime,The JDBC driver used by the Vertica connector allows to create files on the backends,hackerone.com/reports/112166,6,0.0,,2016-09-14
112304,ownCloud,owncloud.help: Text  Injection,hackerone.com/reports/112304,0,0.0,Violation of Secure Design Principles,2016-01-23
112306,Deriv.com,Full takeover of some binary.com sub domains,hackerone.com/reports/112306,4,0.0,,2016-02-05
112372,Zaption,XSS during presentation,hackerone.com/reports/112372,6,0.0,Cross-site Scripting (XSS) - Generic,2017-10-28
112386,Tor,"smartlist_add, smartlist_insert (may) cause heap corruption as a result of inadequate checks in smartlist_ensure_capacity",hackerone.com/reports/112386,6,0.0,Memory Corruption - Generic,2017-10-19
112496,Coinbase,Session Issue Maybe Can lead to huge loss [CRITICAL],hackerone.com/reports/112496,10,1000.0,Cryptographic Issues - Generic,2016-02-21
112632,Tor,[tor] libevent dns remote stack overread vulnerability,hackerone.com/reports/112632,6,0.0,Memory Corruption - Generic,2017-10-19
112687,Gratipay,grtp.co is vulnerable to http-vuln-cve2011-3192,hackerone.com/reports/112687,1,0.0,Uncontrolled Resource Consumption,2016-02-12
112723,Internet Bug Bounty,PHP-FPM fpm_log.c memory leak and buffer overflow,hackerone.com/reports/112723,1,0.0,Uncontrolled Resource Consumption,2019-11-12
112784,Tor,libevent (stack) buffer overflow in evutil_parse_sockaddr_port,hackerone.com/reports/112784,6,0.0,Memory Corruption - Generic,2017-10-19
112855,Internet Bug Bounty,EIP control using type confusion in json encoding,hackerone.com/reports/112855,1,0.0,Code Injection,2019-11-12
112858,Internet Bug Bounty,UAF in xmlparser_setevents (1),hackerone.com/reports/112858,1,0.0,Memory Corruption - Generic,2019-11-12
112860,Internet Bug Bounty,UAF  in xmlparser_setevents (2),hackerone.com/reports/112860,2,0.0,Memory Corruption - Generic,2019-11-12
112863,Internet Bug Bounty,Trivial age-old heap overflow in 32-bit PHP,hackerone.com/reports/112863,2,0.0,Code Injection,2019-11-12
112935,HackerOne,Unintended HTML inclusion as a result of https://hackerone.com/reports/110578,hackerone.com/reports/112935,18,0.0,,2016-02-24
112955,withinsecurity,WordPress Failure Notice page will generate arbitrary hyperlinks,hackerone.com/reports/112955,1,0.0,,2016-03-25
113070,HackerOne,Multiple issues with Markdown and URL parsing,hackerone.com/reports/113070,6,500.0,Violation of Secure Design Principles,2016-04-21
113112,Paragon Initiative Enterprises,Open-redirect on paragonie.com,hackerone.com/reports/113112,4,0.0,Open Redirect,2016-02-07
113120,Internet Bug Bounty,"An integer overflow bug in php_implode() could lead heap overflow, make PHP to crash",hackerone.com/reports/113120,1,0.0,Memory Corruption - Generic,2019-11-12
113122,Internet Bug Bounty,An integer overflow bug in php_str_to_str_ex() led arbitrary code execution.,hackerone.com/reports/113122,1,0.0,Memory Corruption - Generic,2019-11-12
113211,ownCloud,No Any Kind of Protection on Delete account,hackerone.com/reports/113211,1,0.0,Improper Authentication - Generic,2016-03-02
113268,Internet Bug Bounty,Integer overflow in wordwrap,hackerone.com/reports/113268,2,0.0,Memory Corruption - Generic,2019-10-14
113288,Internet Bug Bounty,OpenSSL Key Recovery Attack on DH small subgroups (CVE-2016-0701) ,hackerone.com/reports/113288,2,2500.0,Cryptographic Issues - Generic,2016-03-28
113339,Paragon Initiative Enterprises,Cross-domain AJAX request,hackerone.com/reports/113339,1,0.0,Violation of Secure Design Principles,2016-06-17
113424,Tor,[tor] control connection pre-auth DoS (infinite loop) with --enable-bufferevents,hackerone.com/reports/113424,7,0.0,Uncontrolled Resource Consumption,2017-10-19
113798,Internet Bug Bounty,Null pointer deref with ob_start with compact,hackerone.com/reports/113798,1,500.0,,2019-10-13
113799,Internet Bug Bounty,Null pointer deref with ob_start with get_defined_vars,hackerone.com/reports/113799,1,500.0,,2019-10-13
113831,Ruby on Rails,Regarding [CVE-2016-0752] Possible Information Leak Vulnerability in Action View,hackerone.com/reports/113831,6,0.0,Code Injection,2016-03-01
113857,Eternal,CSRF AT SELECTING ZAMATO HANDLE,hackerone.com/reports/113857,5,0.0,Cross-Site Request Forgery (CSRF),2016-03-18
113865,Eternal,CSRF AT INVITING PEOPLE THOUGH PHONE NUMBER,hackerone.com/reports/113865,5,0.0,Violation of Secure Design Principles,2016-09-14
113869,Eternal,Subdomain Takeover ,hackerone.com/reports/113869,4,0.0,Information Disclosure,2016-03-09
113928,Ruby on Rails,Remote code execution using render :inline,hackerone.com/reports/113928,7,1500.0,Code Injection,2016-03-01
114024,Internet Bug Bounty,Stack overflow when decompressing tar archives,hackerone.com/reports/114024,0,500.0,Memory Corruption - Generic,2019-11-12
114078,Internet Bug Bounty,"Use-after-free vulnerability in SPL(ArrayObject, unserialize)",hackerone.com/reports/114078,1,1000.0,Code Injection,2019-11-12
114079,Internet Bug Bounty,"Use-after-free vulnerability in SPL(SplObjectStorage, unserialize)",hackerone.com/reports/114079,1,1000.0,Code Injection,2019-11-12
114127,Eternal,Twitter Disconnect CSRF,hackerone.com/reports/114127,9,0.0,Cross-Site Request Forgery (CSRF),2016-09-30
114134,Snapchat,Subdomain takeover in http://support.scan.me pointing to Zendesk (a Snapchat acquisition),hackerone.com/reports/114134,14,0.0,Cross-site Scripting (XSS) - Generic,2016-02-16
114151,Eternal,Cross Site Scripting - type Patameter,hackerone.com/reports/114151,2,0.0,Cross-site Scripting (XSS) - Generic,2016-03-06
114169,X / xAI,Bypassing Digits web authentication's host validation with HPP,hackerone.com/reports/114169,108,0.0,Improper Authentication - Generic,2016-08-12
114172,Internet Bug Bounty,	Out-of-Bound Read in phar_parse_zipfile(),hackerone.com/reports/114172,7,500.0,Memory Corruption - Generic,2019-10-15
114339,Internet Bug Bounty,Type Confusion in WDDX Packet Deserialization,hackerone.com/reports/114339,6,0.0,,2019-10-13
114389,Eternal,Remote File Upload Vulnerability in business-blog.zomato.com,hackerone.com/reports/114389,1,0.0,Code Injection,2016-03-06
114414,Internet Bug Bounty,openssl_seal() uninitialized memory usage,hackerone.com/reports/114414,1,0.0,Memory Corruption - Generic,2019-11-12
114430,Shopify,CSRF on https://shopify.com/plus,hackerone.com/reports/114430,3,500.0,Information Disclosure,2016-02-17
114476,VK.com,Внедрение внешних сущностей в функционале импорта пользователей YouTrack,hackerone.com/reports/114476,11,0.0,Command Injection - Generic,2016-03-18
114529,Mapbox,Content Spoofing and Local Redirect in Mapbox Studio,hackerone.com/reports/114529,5,0.0,Open Redirect,2016-04-20
114631,Eternal,Several XSS affecting Zomato.com and developers.zomato.com,hackerone.com/reports/114631,5,0.0,Cross-site Scripting (XSS) - Generic,2016-08-02
114879,Eternal,"Persistent input validation mail encoding vulnerability  in the ""just followed you"" email notification.",hackerone.com/reports/114879,4,0.0,Cross-site Scripting (XSS) - Generic,2016-04-07
115036,Eternal,Weak Password Policy,hackerone.com/reports/115036,4,0.0,Improper Authentication - Generic,2016-03-13
115158,X / xAI,CSRF in twitterflightschool.com ( CAN POST ON TIMELINE WITHOUT USER PERMISSION),hackerone.com/reports/115158,8,0.0,Cross-Site Request Forgery (CSRF),2017-11-06
115205,HackerOne,Putting link inside link in markdown,hackerone.com/reports/115205,4,0.0,Uncontrolled Resource Consumption,2016-04-02
115209,Uber,Unauthorized file (invoice) download,hackerone.com/reports/115209,3,0.0,Improper Authentication - Generic,2016-06-15
115214,Paragon Initiative Enterprises,Missing SPF for https://paragonie.com/,hackerone.com/reports/115214,1,0.0,Violation of Secure Design Principles,2016-02-08
115219,Paragon Initiative Enterprises,Information Disclosure in Error Page,hackerone.com/reports/115219,2,0.0,Information Disclosure,2016-04-29
115232,Paragon Initiative Enterprises,Email spoofing,hackerone.com/reports/115232,1,0.0,Violation of Secure Design Principles,2016-06-17
115245,Paragon Initiative Enterprises,Email Authentication bypass Vulnerability,hackerone.com/reports/115245,2,0.0,Violation of Secure Design Principles,2016-06-17
115246,Paragon Initiative Enterprises,DNSsec not configured,hackerone.com/reports/115246,1,0.0,Violation of Secure Design Principles,2016-04-27
115248,Eternal,XSS and CSRF in Zomato Contact form,hackerone.com/reports/115248,1,0.0,Cross-site Scripting (XSS) - Generic,2016-05-24
115250,Paragon Initiative Enterprises,Missing SPF records for paragonie.com,hackerone.com/reports/115250,1,0.0,Violation of Secure Design Principles,2016-06-17
115271,Paragon Initiative Enterprises,SSL certificate public key less than 2048 bit,hackerone.com/reports/115271,1,0.0,Cryptographic Issues - Generic,2016-05-05
115275,Gratipay,SPF DNS Record ,hackerone.com/reports/115275,1,0.0,Violation of Secure Design Principles,2016-03-15
115284,Gratipay,prevent content spoofing on /search,hackerone.com/reports/115284,1,0.0,Violation of Secure Design Principles,2016-04-06
115294,Paragon Initiative Enterprises,Missing SPF,hackerone.com/reports/115294,2,0.0,Violation of Secure Design Principles,2016-06-17
115296,Paragon Initiative Enterprises,Your Application Have Cacheable SSL Pages,hackerone.com/reports/115296,2,0.0,Violation of Secure Design Principles,2017-10-16
115304,Paragon Initiative Enterprises,Blind SQL INJ,hackerone.com/reports/115304,1,0.0,SQL Injection,2016-06-17
115315,Paragon Initiative Enterprises,Missing SPF for paragonie.com,hackerone.com/reports/115315,1,0.0,Violation of Secure Design Principles,2016-04-27
115323,Paragon Initiative Enterprises,CSRF  AT SUBSCRIBE TO LIST ,hackerone.com/reports/115323,4,0.0,Cross-Site Request Forgery (CSRF),2016-05-05
115337,Paragon Initiative Enterprises,Full Path Disclosure,hackerone.com/reports/115337,1,0.0,Information Disclosure,2016-03-09
115390,Paragon Initiative Enterprises,Missing SPF for paragonie.com,hackerone.com/reports/115390,1,0.0,Violation of Secure Design Principles,2016-06-17
115402,Eternal,XSS via modified Zomato widget (res_search_widget.php),hackerone.com/reports/115402,0,0.0,Cross-site Scripting (XSS) - Generic,2016-03-11
115422,Paragon Initiative Enterprises,Full Path Disclosure in password lock,hackerone.com/reports/115422,0,0.0,Information Disclosure,2017-10-16
115438,Urban Dictionary,Cross-Site Scripting Vulnerability in urbandictionary.com,hackerone.com/reports/115438,2,0.0,Cross-site Scripting (XSS) - Generic,2016-04-28
115452,Paragon Initiative Enterprises,Email Spoof,hackerone.com/reports/115452,19,0.0,Improper Authentication - Generic,2016-06-17
115560,Eternal,Two XSS vulns in widget parameters (all_collections.php and o2.php),hackerone.com/reports/115560,1,0.0,Cross-site Scripting (XSS) - Generic,2016-08-02
115686,Tor,"[tor] pre-emptive defenses, potential vulnerabilities",hackerone.com/reports/115686,8,0.0,Violation of Secure Design Principles,2017-11-26
115702,Tor,[tor] libevent dns OOB read,hackerone.com/reports/115702,7,0.0,Memory Corruption - Generic,2017-10-19
115748,Imgur,SSRF in https://imgur.com/vidgif/url,hackerone.com/reports/115748,52,0.0,Uncontrolled Resource Consumption,2016-03-12
115844,Legal Robot,  Rate limiting on password reset links ,hackerone.com/reports/115844,4,0.0,Improper Authentication - Generic,2016-09-16
115845,Legal Robot,  Rate limiting on Email confirmation link,hackerone.com/reports/115845,4,0.0,Improper Authentication - Generic,2016-09-19
115857,Imgur,SSRF and local file read in video to gif converter,hackerone.com/reports/115857,14,0.0,,2016-04-16
115978,Imgur,SSRF / Local file enumeration / DoS due to improper handling of certain file formats by ffmpeg,hackerone.com/reports/115978,8,0.0,Command Injection - Generic,2016-03-14
116006,Shopify,XSS on hardware.shopify.com,hackerone.com/reports/116006,1,500.0,Cross-site Scripting (XSS) - Generic,2016-03-01
116029,HackerOne,Private program activity timeline information disclosure,hackerone.com/reports/116029,9,0.0,Improper Authentication - Generic,2016-03-16
116032,HackerOne,Private Program Disclosure in /:handle/reports/draft.json endpoint,hackerone.com/reports/116032,6,0.0,Improper Authentication - Generic,2016-02-16
116057,Paragon Initiative Enterprises,file full path discloser.,hackerone.com/reports/116057,1,0.0,Information Disclosure,2016-06-17
116135,General Motors,Reflected Cross Site Script in www.gmcar.gm.com,hackerone.com/reports/116135,2,0.0,Cross-site Scripting (XSS) - Generic,2017-06-09
116189,HackerOne,Null byte injection ,hackerone.com/reports/116189,7,0.0,,2016-02-23
116254,ownCloud,owncloud.com: Persistent XSS In Account Profile,hackerone.com/reports/116254,1,0.0,Cross-site Scripting (XSS) - Generic,2016-02-15
116286,Internet Bug Bounty,"Type confusion in partial.setstate, partial_repr, partial_call leads to memory corruption, reliable control flow hijack",hackerone.com/reports/116286,13,1000.0,Code Injection,2016-09-20
116352,Gratipay,nginx SPDY heap buffer overflow for https://grtp.co/,hackerone.com/reports/116352,0,0.0,Memory Corruption - Generic,2016-02-15
116360,Gratipay,The POODLE attack (SSLv3 supported) for https://grtp.co/,hackerone.com/reports/116360,3,0.0,Cryptographic Issues - Generic,2016-03-16
116372,Internet Bug Bounty,Use-After-Free / Double-Free in WDDX Deserialize,hackerone.com/reports/116372,14,500.0,Memory Corruption - Generic,2019-10-15
116382,General Motors,Content Spoof in webcaps.ecomm.gm.com,hackerone.com/reports/116382,1,0.0,Violation of Secure Design Principles,2016-08-30
116419,Slack,an xss issue in https://hunter22.slack.com/help/requests/793043,hackerone.com/reports/116419,1,100.0,Cross-site Scripting (XSS) - Generic,2016-04-30
116432,General Motors,E-mail Spoof in media.gm.com,hackerone.com/reports/116432,1,0.0,Violation of Secure Design Principles,2016-05-23
116504,Ubiquiti Inc.,Auth bypass on directory.corp.ubnt.com,hackerone.com/reports/116504,5,0.0,Improper Authentication - Generic,2016-06-02
116512,Gratipay,Markdown parsing issue enables insertion of malicious tags,hackerone.com/reports/116512,0,0.0,Cross-site Scripting (XSS) - Generic,2017-08-21
116575,Legal Robot,Remote Code Execution (upload),hackerone.com/reports/116575,60,0.0,Violation of Secure Design Principles,2016-08-26
116609,Legal Robot,SPF Issue ,hackerone.com/reports/116609,6,0.0,Improper Authentication - Generic,2016-09-25
116618,Gratipay,proxy port 7000 and shell port 514 not filtered,hackerone.com/reports/116618,0,0.0,Violation of Secure Design Principles,2016-02-20
116621,Gratipay,server calendar and server status available to public,hackerone.com/reports/116621,0,0.0,Information Disclosure,2016-02-20
116692,Algolia,PHP version disclosed on blog.algolia.com,hackerone.com/reports/116692,2,0.0,Information Disclosure,2016-06-01
116764,VK.com,vk.com/login.php ,hackerone.com/reports/116764,4,0.0,SQL Injection,2016-12-29
116773,Internet Bug Bounty,Type Confusion Vulnerability - SOAP / make_http_soap_request(),hackerone.com/reports/116773,64,1000.0,Memory Corruption - Generic,2019-10-15
116774,Gratipay,UDP port 5060 (SIP) Open,hackerone.com/reports/116774,0,0.0,Uncontrolled Resource Consumption,2016-02-16
116798,HackerOne,Private Program Disclosure in /:handle/settings/allow_report_submission.json endpoint,hackerone.com/reports/116798,5,0.0,Information Disclosure,2016-02-24
116805,Legal Robot,SSL Issue on legalrobot.com,hackerone.com/reports/116805,7,0.0,Improper Authentication - Generic,2016-09-25
116927,Paragon Initiative Enterprises,Spf ,hackerone.com/reports/116927,17,0.0,Improper Authentication - Generic,2016-06-17
116951,HackerOne,Increase number of bugs by sending duplicate of your own valid report,hackerone.com/reports/116951,8,0.0,Violation of Secure Design Principles,2016-04-25
116973,Gratipay,No Valid SPF Records.,hackerone.com/reports/116973,6,10.0,Improper Authentication - Generic,2016-02-18
117068,Uber,XSS @ love.uber.com,hackerone.com/reports/117068,21,3000.0,Cross-site Scripting (XSS) - Generic,2016-05-07
117073,Informatica,[informatica.com] Blind SQL Injection,hackerone.com/reports/117073,11,0.0,SQL Injection,2016-04-19
117080,Uber,Multiple Vulnerabilities (Including SQLi) in love.uber.com,hackerone.com/reports/117080,18,250.0,,2016-06-14
117097,Gratipay,Email Forgery through Mandrillapp SPF,hackerone.com/reports/117097,8,10.0,Improper Authentication - Generic,2016-03-19
117142,Gratipay,limit HTTP methods on other domains,hackerone.com/reports/117142,4,0.0,Violation of Secure Design Principles,2016-07-19
117149,Gratipay,SPF/DKIM/DMARC for grtp.co,hackerone.com/reports/117149,2,0.0,Violation of Secure Design Principles,2016-02-18
117159,Gratipay,SPF/DKIM/DMARC for aspen.io,hackerone.com/reports/117159,4,0.0,Improper Authentication - Generic,2016-03-19
117187,Gratipay,Prevent content spoofing on /~username/emails/verify.html,hackerone.com/reports/117187,5,0.0,Cross-Site Request Forgery (CSRF),2017-06-16
117190,Uber,Reflected XSS on Uber.com careers,hackerone.com/reports/117190,8,0.0,Cross-site Scripting (XSS) - Generic,2016-04-06
117195,Gratipay,Login csrf.,hackerone.com/reports/117195,4,0.0,Cross-Site Request Forgery (CSRF),2017-08-21
117325,Gratipay,DMARC is misconfigured for grtp.co,hackerone.com/reports/117325,1,10.0,Violation of Secure Design Principles,2016-04-02
117330,Gratipay,stop serving grtp.co over HTTP,hackerone.com/reports/117330,3,1.0,Information Disclosure,2016-07-15
117385,LeaseWeb,PHP and Web Server version disclosed on leasewebnoc.com,hackerone.com/reports/117385,1,0.0,Information Disclosure,2016-05-03
117449,Shopify,XSS in Draft Orders in Timeline i SHOPIFY Admin Site!,hackerone.com/reports/117449,7,0.0,Cross-site Scripting (XSS) - Generic,2016-07-28
117458,Gratipay,strengthen Diffie-Hellman (DH) key exchange parameters in grtp.co,hackerone.com/reports/117458,4,0.0,Improper Authentication - Generic,2016-07-14
117573,LeaseWeb,Directory Listening,hackerone.com/reports/117573,3,0.0,Violation of Secure Design Principles,2016-07-20
117593,LeaseWeb,Apache version disclosed on developer.leaseweb.com,hackerone.com/reports/117593,2,0.0,Information Disclosure,2016-05-03
117651,Internet Bug Bounty,Multiple Heap Overflow due to integer overflows | xml/filter_url/addcslashes,hackerone.com/reports/117651,2,500.0,Memory Corruption - Generic,2019-10-15
117739,Gratipay,limit number of images in statement,hackerone.com/reports/117739,2,1.0,Violation of Secure Design Principles,2017-06-16
117818,LeaseWeb,MISSING SPF RECORDS & MISSING DKIM POLICY,hackerone.com/reports/117818,0,0.0,Memory Corruption - Generic,2016-02-22
117902,VK.com,Дорк,hackerone.com/reports/117902,5,0.0,Information Disclosure,2016-11-18
118024,GitLab,Markdown based stored XSS (IE only),hackerone.com/reports/118024,9,0.0,Cross-site Scripting (XSS) - Generic,2017-05-03
118033,Gratipay,X-Content-Type Header Missing For aspen.io,hackerone.com/reports/118033,2,0.0,Violation of Secure Design Principles,2017-06-15
118103,Shopify,Injection via CSV Export feature in Admin Orders,hackerone.com/reports/118103,2,0.0,,2016-03-12
118514,KIWI.KI GmbH,Subdomain takeover : URGENT,hackerone.com/reports/118514,3,0.0,Improper Authentication - Generic,2016-02-25
118582,HackerOne,CSV Injection at the CSV export feature,hackerone.com/reports/118582,15,0.0,Command Injection - Generic,2019-04-08
118631,Coinbase,XSSI (Cross Site Script Inclusion),hackerone.com/reports/118631,15,200.0,Cross-Site Request Forgery (CSRF),2017-08-22
118663,HackerOne,Denial of Service any Report,hackerone.com/reports/118663,6,0.0,Uncontrolled Resource Consumption,2016-03-09
118684,HackerOne,Abusing HOF rankings in limited circumstances,hackerone.com/reports/118684,3,0.0,Violation of Secure Design Principles,2016-04-21
118688,Shopify,File name and folder enumeration.,hackerone.com/reports/118688,6,500.0,Information Disclosure,2016-03-01
118718,HackerOne,User with Read-Only permissions can manually public disclosure the report ,hackerone.com/reports/118718,2,500.0,Violation of Secure Design Principles,2016-04-21
118731,HackerOne,User with Read-Only permissions can edit the SwagAwarded Activities on Bug Reports,hackerone.com/reports/118731,2,0.0,Privilege Escalation,2016-04-01
118737,ThisData,Login CSRF using Google OAuth,hackerone.com/reports/118737,3,0.0,Cross-Site Request Forgery (CSRF),2016-03-08
118855,Internet Bug Bounty,CVE-2016-0799 memory issues in BIO_*printf functions,hackerone.com/reports/118855,1,0.0,Memory Corruption - Generic,2016-03-27
118925,Algolia,API Key added for one Indices works for all other indices too.,hackerone.com/reports/118925,6,1000.0,Improper Authentication - Generic,2016-06-01
118948,Veris,Password reset link is not Expiring,hackerone.com/reports/118948,6,0.0,Violation of Secure Design Principles,2016-06-12
118950,Veris,Stored XSS ,hackerone.com/reports/118950,1,0.0,Cross-site Scripting (XSS) - Generic,2016-06-12
118965,HackerOne,Distinguish EP+Private vs Private programs in HackerOne,hackerone.com/reports/118965,4,0.0,Information Disclosure,2016-04-25
119022,X / xAI,Tweet Deck XSS- Persistent- Group DM name,hackerone.com/reports/119022,5,0.0,Cross-site Scripting (XSS) - Generic,2016-03-04
119033,Cakebet,Sender policy framework (SPF) records evaluation return (Too many DNS lookups) error,hackerone.com/reports/119033,5,0.0,Memory Corruption - Generic,2016-03-28
119129,Coinbase,Misconfiguration in 2 factor allows sensitive data expose,hackerone.com/reports/119129,1,500.0,Information Disclosure,2016-03-04
119166,Udemy,"Able to view others' gifts on /gift/share URL, giftId is predictable, and easy to manipulate",hackerone.com/reports/119166,16,0.0,Improper Authentication - Generic,2017-03-26
119220,X / xAI,Sub-Domain Takeover,hackerone.com/reports/119220,4,0.0,,2016-03-18
119221,HackerOne,User with Read-Only permissions can edit the Internal comment Activities on Bug Reports After Revoke the team access permissions,hackerone.com/reports/119221,3,500.0,Privilege Escalation,2016-04-01
119236,Uber,Open Redirection on Uber.com,hackerone.com/reports/119236,11,500.0,Open Redirect,2016-04-22
119250,Shopify,xss in the all widgets of shopifyapps.com,hackerone.com/reports/119250,1,500.0,Cross-site Scripting (XSS) - Generic,2016-03-16
119262,Udemy,Authentication Data are not Clearing ,hackerone.com/reports/119262,4,0.0,Improper Authentication - Generic,2016-04-13
119317,Ubiquiti Inc.,Read-Only user can execute arbitraty shell commands on AirOS,hackerone.com/reports/119317,18,0.0,Command Injection - Generic,2016-08-05
119354,HackerOne,Race Conditions Exist When Accepting Invitations,hackerone.com/reports/119354,14,0.0,Violation of Secure Design Principles,2016-04-26
119453,Veris,www.veris.in DOM based XSS,hackerone.com/reports/119453,3,0.0,Cross-site Scripting (XSS) - Generic,2016-04-22
119454,Veris,Password(s) can be found via login process.,hackerone.com/reports/119454,4,0.0,Improper Authentication - Generic,2016-05-13
119471,X / xAI,DOMXSS in Tweetdeck,hackerone.com/reports/119471,50,0.0,Cross-site Scripting (XSS) - Generic,2017-04-02
119494,Paragon Initiative Enterprises,Full Path Disclosure In EasyDB,hackerone.com/reports/119494,0,0.0,Information Disclosure,2017-10-16
119605,Coinbase,An adversary can overwhelm the resources by automating Forgot password/Sign Up requests,hackerone.com/reports/119605,4,0.0,Improper Authentication - Generic,2016-07-24
119652,Internet Bug Bounty,"Adobe Flash Player ASnative(101,10) Memory Corruption Vulnerability",hackerone.com/reports/119652,1,5000.0,Memory Corruption - Generic,2019-11-12
119653,Internet Bug Bounty,"Adobe Flash Player ASnative(900,1).call(MovieClip) Use-After-Free Vulnerability",hackerone.com/reports/119653,1,2000.0,Memory Corruption - Generic,2019-11-12
119655,Internet Bug Bounty,"Adobe Flash Player ASnative(900,1).call(TextField) Use-After-Free Vulnerability",hackerone.com/reports/119655,1,2000.0,Memory Corruption - Generic,2019-11-12
119657,Internet Bug Bounty,Adobe Flash Player Race Condition Vulnerability,hackerone.com/reports/119657,5,2000.0,Memory Corruption - Generic,2019-11-12
119666,LeaseWeb,Server version is disclosure in http://leasewebnoc.com/,hackerone.com/reports/119666,10,0.0,Information Disclosure,2016-06-19
119794,Bumble,Password modification without knowing actual password & httpOnly bypass,hackerone.com/reports/119794,5,0.0,Improper Authentication - Generic,2016-04-12
119808,ownCloud,DROWN Attack,hackerone.com/reports/119808,1,0.0,Cryptographic Issues - Generic,2016-03-03
119828,LeaseWeb,Found clickjacking vulnerability,hackerone.com/reports/119828,6,0.0,UI Redressing (Clickjacking),2016-03-23
119873,Internet Bug Bounty,BN_hex2bn/BN_dec2bn NULL pointer deref/heap corruption (CVE-2016-0797),hackerone.com/reports/119873,1,0.0,Memory Corruption - Generic,2016-03-27
119989,Internet Bug Bounty,b2i_PVK_bio heap corruption,hackerone.com/reports/119989,1,0.0,Memory Corruption - Generic,2016-03-28
120026,Gratipay,don't serve hidden files from Nginx,hackerone.com/reports/120026,5,1.0,Information Disclosure,2016-07-13
120115,Veris,Critical - Insecure Direct Object Reference - Deleting any member of any organization remotely,hackerone.com/reports/120115,6,0.0,Privilege Escalation,2016-06-12
120121,Veris,Critical IDOR - Delete any group of any organization remotely,hackerone.com/reports/120121,4,0.0,Privilege Escalation,2016-06-12
120123,Veris,Critical IDOR - Delete any venue of any organization remotely,hackerone.com/reports/120123,3,0.0,Privilege Escalation,2016-06-12
120126,Veris,Critical IDOR - Delete any rule of any organization remotely,hackerone.com/reports/120126,3,0.0,Privilege Escalation,2016-06-12
120143,Veris,Missing Server Side Validation of CSRF Middleware Token in Change Password Request,hackerone.com/reports/120143,1,0.0,Cross-Site Request Forgery (CSRF),2016-06-12
120219,Bime,SSRF issue,hackerone.com/reports/120219,5,0.0,Command Injection - Generic,2017-03-18
120288,Veris,Critical IDOR - Delete any terminal/gatekeeper of any organization remotely,hackerone.com/reports/120288,3,0.0,Privilege Escalation,2016-06-12
120289,Veris,Critical IDOR - Get anyone's Terminal Data remotely,hackerone.com/reports/120289,3,0.0,Privilege Escalation,2016-06-12
120291,Veris,Critical IDOR - Set anyone's Terminal Data remotely,hackerone.com/reports/120291,3,0.0,Privilege Escalation,2016-06-12
120293,Veris,Critical IDOR - Get Authentication Details of any Terminal/Gatekeeper,hackerone.com/reports/120293,4,0.0,Privilege Escalation,2016-06-12
120305,Veris,Critical IDOR - Get venue data of any organization remotely,hackerone.com/reports/120305,3,0.0,Privilege Escalation,2016-06-12
120312,Veris,Critical IDOR - Can select any Parent while creating new Venue,hackerone.com/reports/120312,3,0.0,Privilege Escalation,2016-06-12
120314,Veris,Critical IDOR - Get Rules of any organization remotely,hackerone.com/reports/120314,3,0.0,Privilege Escalation,2016-06-12
120318,Veris,Critical IDOR - Make Rule for Any Group & Any Venue remotely,hackerone.com/reports/120318,3,0.0,Privilege Escalation,2016-06-12
120324,Veris,Multiple Stored XSS,hackerone.com/reports/120324,1,0.0,Cross-site Scripting (XSS) - Generic,2016-06-12
120622,General Motors,Reflected Cross Site Script in imtportal.gm.com,hackerone.com/reports/120622,1,0.0,Cross-site Scripting (XSS) - Generic,2017-06-09
120656,General Motors,Reflected Cross Site Script in m.chevrolet.com.wpsegment5.gm.com,hackerone.com/reports/120656,2,0.0,Cross-site Scripting (XSS) - Generic,2016-08-30
120683,General Motors,XSS Vulnerability in developer.gm.com,hackerone.com/reports/120683,2,0.0,Cross-site Scripting (XSS) - Generic,2017-06-09
120903,Internet Bug Bounty,putty pscp client-side post-auth stack buffer overwrite when processing remote file size ,hackerone.com/reports/120903,2,0.0,Memory Corruption - Generic,2019-11-12
120941,Eternal,NexTable: Credentials exposure,hackerone.com/reports/120941,3,0.0,Cryptographic Issues - Generic,2017-06-30
121100,General Motors,Content Spoof in opel.es.wpsegment2.gm.com,hackerone.com/reports/121100,1,0.0,Violation of Secure Design Principles,2017-06-09
121275,Veris,Multiple Stored XSS on Sanbox.veris.in through Veris Frontdesk Android App,hackerone.com/reports/121275,1,0.0,Cross-site Scripting (XSS) - Generic,2016-06-12
121382,ownCloud,doc.owncloud.org has missing PHP handler,hackerone.com/reports/121382,1,0.0,Information Disclosure,2016-04-04
121417,Coinbase,Inaccurate Payment receipt ,hackerone.com/reports/121417,1,0.0,,2017-08-30
121461,Bime,Subdomain takeover due to unclaimed Amazon S3 bucket on a2.bime.io,hackerone.com/reports/121461,77,0.0,Cross-site Scripting (XSS) - Generic,2016-06-22
121469,Bumble,Broken Authentication on Badoo,hackerone.com/reports/121469,5,427.0,Improper Authentication - Generic,2016-03-15
121696,Slack,Bypass  two-factor authentication,hackerone.com/reports/121696,36,0.0,Improper Authentication - Generic,2017-11-18
121827,Bumble,Account Takeover,hackerone.com/reports/121827,19,0.0,Cross-Site Request Forgery (CSRF),2016-03-12
121863,Internet Bug Bounty,Buffer overflow in HTTP url parsing functions,hackerone.com/reports/121863,3,0.0,Code Injection,2016-07-28
121919,Vimeo,"Private, embeddable videos leaks data through Facebook & Open Graph",hackerone.com/reports/121919,3,0.0,Information Disclosure,2016-05-21
121940,Ubiquiti Inc.,Shell Injection via Web Management Console (dl-fw.cgi),hackerone.com/reports/121940,20,0.0,Command Injection - Generic,2016-10-15
121941,Ubiquiti Inc.,Unauthenticated Cross-Site Scripting in Web Management Console,hackerone.com/reports/121941,8,0.0,Cross-site Scripting (XSS) - Generic,2017-10-02
122050,Mapbox,Mapbox API Access Token with No Scope Can Read Styles,hackerone.com/reports/122050,5,200.0,Improper Authentication - Generic,2016-05-31
122113,Internet Bug Bounty,OpenSSH / dropbearSSHd xauth command injection,hackerone.com/reports/122113,5,1500.0,Privilege Escalation,2019-11-12
122254,Internet Bug Bounty,Adobe Flash Player TextField Use-After-Free Vulnerability,hackerone.com/reports/122254,1,2000.0,Memory Corruption - Generic,2019-11-12
122256,Internet Bug Bounty,Adobe Flash Player  Uninitialised Memory Corruption,hackerone.com/reports/122256,1,0.0,Memory Corruption - Generic,2019-11-12
122475,Imgur,Local file read in image editor,hackerone.com/reports/122475,13,0.0,Code Injection,2016-04-16
122791,Uber,Active Email Hyperlink Sent on riders.uber.com,hackerone.com/reports/122791,2,0.0,Violation of Secure Design Principles,2016-06-13
122849,Shopify,Stored XSS in https://checkout.shopify.com/,hackerone.com/reports/122849,2,500.0,Cross-site Scripting (XSS) - Generic,2016-03-15
123005,Eternal,Persistent XSS on Reservation / Booking Page,hackerone.com/reports/123005,1,0.0,Cross-site Scripting (XSS) - Generic,2016-05-27
123027,HackerOne,Edit Auto Response Messages,hackerone.com/reports/123027,4,1000.0,Violation of Secure Design Principles,2016-03-15
123119,Internet Bug Bounty,Use after free with assign by ref to overloaded objects,hackerone.com/reports/123119,4,0.0,Uncontrolled Resource Consumption,2019-10-04
123125,Shopify,XSS on hardware.shopify.com,hackerone.com/reports/123125,5,0.0,Cross-site Scripting (XSS) - Generic,2016-04-09
123170,HackerOne,Email Address Leak,hackerone.com/reports/123170,4,0.0,Information Disclosure,2016-03-31
123194,Veris,Server and PHP version Disclosed in Response Header,hackerone.com/reports/123194,1,0.0,Information Disclosure,2016-05-04
123278,HackerOne,Possible XSS,hackerone.com/reports/123278,5,0.0,Cross-site Scripting (XSS) - Generic,2016-04-21
123380,Veris,Creating multiple user with the same link which is sent to email after registeration,hackerone.com/reports/123380,3,0.0,Violation of Secure Design Principles,2016-06-12
123420,HackerOne,Mediation link can be accepted by other users,hackerone.com/reports/123420,4,500.0,Improper Authentication - Generic,2016-04-25
123496,Veris,User enumeration via error message,hackerone.com/reports/123496,3,0.0,Improper Authentication - Generic,2016-03-18
123501,Veris,Insecure Direct Member Disclosure,hackerone.com/reports/123501,1,0.0,Information Disclosure,2016-03-18
123518,Veris,Security Vulnerability - SMTP protection not used,hackerone.com/reports/123518,2,0.0,Improper Authentication - Generic,2016-06-12
123572,HackerOne,Unauthorized Team members viewing,hackerone.com/reports/123572,12,0.0,Improper Authentication - Generic,2016-07-02
123615,HackerOne,SECURITY: Referencing  previous Reports attachment_IDs on new Reports via Draft_Sync DELETES Attachments,hackerone.com/reports/123615,3,0.0,Violation of Secure Design Principles,2016-04-30
123625,Informatica,[marketplace.informatica.com] Open Redirect,hackerone.com/reports/123625,4,0.0,Open Redirect,2016-06-27
123712,Veris,Insecure Direct 'org-invite-log' References,hackerone.com/reports/123712,2,0.0,Information Disclosure,2016-03-18
123713,Veris,Insecure Direct 'org-visitor-log' References,hackerone.com/reports/123713,1,0.0,Information Disclosure,2016-03-18
123731,Veris,Complete or Edit Another User's Profile,hackerone.com/reports/123731,4,0.0,Improper Authentication - Generic,2016-05-13
123742,Gratipay,suppress version in Server header on gratipay.com or grtp.co,hackerone.com/reports/123742,6,1.0,Information Disclosure,2016-07-14
123743,HackerOne,Sending emails (via HackerOne) impersonating other users,hackerone.com/reports/123743,4,0.0,Violation of Secure Design Principles,2016-03-18
123748,Veris,Not Using Secure Flag Option on Cookies Could Lead to a Man in the Middle Session Highjacking,hackerone.com/reports/123748,3,0.0,Improper Authentication - Generic,2016-03-17
123782,Gratipay,Vulnerable to clickjacking,hackerone.com/reports/123782,2,0.0,UI Redressing (Clickjacking),2016-05-13
123849,Gratipay,"Cookie Does Not Contain The ""secure"" Attribute",hackerone.com/reports/123849,1,0.0,Violation of Secure Design Principles,2016-04-02
123897,Gratipay,auto-logout after 20 minutes,hackerone.com/reports/123897,4,0.0,Improper Authentication - Generic,2016-08-23
123900,Gratipay,"csrf_token cookie don't have the flag ""HttpOnly""",hackerone.com/reports/123900,2,0.0,Cross-Site Request Forgery (CSRF),2016-08-14
123902,Veris,Complete Profile URL is not Random and not expiring ,hackerone.com/reports/123902,2,0.0,Improper Authentication - Generic,2016-03-22
123905,Veris,Stored XSS in Access Rules,hackerone.com/reports/123905,1,0.0,Cross-site Scripting (XSS) - Generic,2016-05-04
124097,Veris,Wordpress  Pingback  DDoS Attacks in domain:  veris.in,hackerone.com/reports/124097,6,0.0,Uncontrolled Resource Consumption,2016-06-12
124100,Shopify,Shopify GitHub Login and Password exposed all private source code might be available.,hackerone.com/reports/124100,66,1500.0,Information Disclosure,2017-06-08
124151,Eternal,Authentication Bypassing and Sensitive Information Disclosure on Verify Email Address in Registration Flow,hackerone.com/reports/124151,4,0.0,Improper Authentication - Generic,2016-05-28
124173,Veris,Captcha Bypass enable login bruteforce,hackerone.com/reports/124173,5,0.0,Improper Authentication - Generic,2016-05-13
124223,HackerOne,CSV Injection via the CSV export feature,hackerone.com/reports/124223,3,0.0,Command Injection - Generic,2016-04-25
124277,Imgur,XSS via React element spoofing,hackerone.com/reports/124277,5,0.0,Cross-site Scripting (XSS) - Generic,2016-03-23
124429,Shopify,"Stored XSS via ""Free Shipping"" option (Discounts)",hackerone.com/reports/124429,1,500.0,Cross-site Scripting (XSS) - Generic,2016-04-05
124564,Vimeo,Missing rate limit on private videos password,hackerone.com/reports/124564,3,0.0,Privilege Escalation,2016-03-22
124578,General Motors,Angular Expression Injection in the my.gmc.com Search Page,hackerone.com/reports/124578,2,0.0,Information Disclosure,2017-06-09
124611,HackerOne,"Disclosure of private programs that have an ""external"" page on HackerOne",hackerone.com/reports/124611,4,0.0,Information Disclosure,2016-04-01
124620,HackerOne,"External links should use rel=""noopener"" or use the redirect service",hackerone.com/reports/124620,8,0.0,Open Redirect,2016-04-05
124737,Internet Bug Bounty,Multiple Heap Overflows in php_raw_url_encode/php_url_encode,hackerone.com/reports/124737,4,0.0,,2019-10-13
124845,Shopify,Bypassed password authentication before enabling OTP verification,hackerone.com/reports/124845,6,500.0,Improper Authentication - Generic,2016-04-15
124889,HackerOne,Websites opened from reports can change url of report page,hackerone.com/reports/124889,6,0.0,Cross-Site Request Forgery (CSRF),2016-04-21
124929,HackerOne,External programs revealing info,hackerone.com/reports/124929,8,1500.0,Improper Authentication - Generic,2016-04-01
124975,Uber,Cross-site Scripting (XSS) autocomplete generation in https://www.uber.com/,hackerone.com/reports/124975,2,0.0,Cross-site Scripting (XSS) - Generic,2016-03-24
124976,Gratipay,Hijacking user session by forcing the use of  invalid HTTPs Certificate on images.gratipay.com,hackerone.com/reports/124976,4,0.0,Information Disclosure,2016-04-01
125000,Uber,Open Redirect in m.uber.com,hackerone.com/reports/125000,9,500.0,,2016-09-27
125003,Uber,Open Redirect in riders.uber.com,hackerone.com/reports/125003,10,500.0,Open Redirect,2018-11-20
125027,Uber,Reflected XSS on developer.uber.com via Angular template injection,hackerone.com/reports/125027,35,3000.0,Cross-site Scripting (XSS) - Generic,2016-04-04
125059,Uber,Self-XSS Vulnerability on Password Reset Form,hackerone.com/reports/125059,5,0.0,Cross-site Scripting (XSS) - Generic,2016-06-13
125068,Uber,LIsting of  http://archive.uber.com/pypi/simple/,hackerone.com/reports/125068,4,0.0,Information Disclosure,2016-03-24
125112,Uber,XSS in getrush.uber.com ,hackerone.com/reports/125112,6,3000.0,Cross-site Scripting (XSS) - Generic,2016-04-06
125118,Uber,Lack of CNAME/A Record Trimming Pointing Uber Domains to Insecure Non-Uber AWS Instances/Sites,hackerone.com/reports/125118,13,0.0,Information Disclosure,2016-07-13
125130,Uber,HTML Escaping Error in the 404 Page on developer.uber.com/docs/,hackerone.com/reports/125130,3,0.0,Cross-site Scripting (XSS) - Generic,2016-04-06
125179,Uber,XSS on love.uber.com,hackerone.com/reports/125179,1,0.0,Cross-site Scripting (XSS) - Generic,2016-05-09
125181,Uber,SQLi in love.uber.com,hackerone.com/reports/125181,4,0.0,SQL Injection,2016-04-25
125197,Uber,Full path disclosure on track.uber.com,hackerone.com/reports/125197,14,100.0,Information Disclosure,2018-11-20
125200,Uber,Lack of rate limiting on get.uber.com leads to enumeration of promotion codes and estimation of a lower bound on the number of Uber drivers,hackerone.com/reports/125200,13,3000.0,Information Disclosure,2016-08-12
125218,Uber,Bypassing Uber Partner's 3 Cancel Limit ,hackerone.com/reports/125218,8,2000.0,Command Injection - Generic,2016-05-26
125242,Uber,Create account in uber without signup form,hackerone.com/reports/125242,3,0.0,Improper Authentication - Generic,2016-06-13
125246,Uber,Listing of email addresses of whitelisted business users visible at business.uber.com,hackerone.com/reports/125246,9,250.0,Information Disclosure,2021-02-25
125250,Uber,Avoiding Surge Pricing,hackerone.com/reports/125250,45,0.0,Violation of Secure Design Principles,2016-08-11
125397,Internet Bug Bounty,Null pointer deref (segfault) in stream_context_get_default,hackerone.com/reports/125397,2,0.0,,2016-05-17
125488,Uber,Estimation of a Lower Bound on Number of Uber Drivers via Enumeration,hackerone.com/reports/125488,2,500.0,Information Disclosure,2016-08-24
125498,Uber,Dom Based Xss,hackerone.com/reports/125498,4,0.0,Cross-site Scripting (XSS) - Generic,2016-05-09
125503,Uber,Stored Cross Site Scripting [SELF] in partners.uber.com,hackerone.com/reports/125503,6,0.0,Cross-site Scripting (XSS) - Generic,2016-06-13
125505,Uber,Possibility to brute force invite codes in riders.uber.com,hackerone.com/reports/125505,35,5000.0,Violation of Secure Design Principles,2016-06-13
125587,HackerOne,Hogging up all the resources on hackerone.com,hackerone.com/reports/125587,44,0.0,Uncontrolled Resource Consumption,2019-04-10
125594,Uber,CSRF on eng.uber.com may lead to server-side compromise,hackerone.com/reports/125594,3,0.0,Cross-Site Request Forgery (CSRF),2016-04-26
125624,Uber,Brute Force Amplification Attack,hackerone.com/reports/125624,1,0.0,Violation of Secure Design Principles,2016-08-12
125634,Uber,Session retention is present which reveals the customer info,hackerone.com/reports/125634,2,0.0,Improper Authentication - Generic,2016-05-09
125707,Uber,Possibility to enumerate and bruteforce promotion codes in Uber iOS App,hackerone.com/reports/125707,24,3000.0,Improper Restriction of Authentication Attempts,2018-11-20
125762,Eternal,Reflected XSS on Zomato API,hackerone.com/reports/125762,2,0.0,Cross-site Scripting (XSS) - Generic,2016-05-27
125791,Uber,Reflected XSS via Unvalidated / Open Redirect in uber.com,hackerone.com/reports/125791,10,3000.0,,2016-05-09
125849,Snapchat,XSS found on Snapchat website,hackerone.com/reports/125849,38,0.0,Cross-site Scripting (XSS) - Generic,2018-05-26
125932,Uber,SQL injection in Wordpress Plugin Huge IT Video Gallery at https://drive.uber.com/frmarketplace/,hackerone.com/reports/125932,39,3000.0,SQL Injection,2016-06-14
125980,Uber,uber.com may RCE by Flask Jinja2 Template Injection,hackerone.com/reports/125980,136,10000.0,Code Injection,2016-04-06
125984,Uber,CRLF Injection in developer.uber.com,hackerone.com/reports/125984,3,0.0,,2016-05-09
126010,Gratipay,prevent content spoofing on /~username/emails/verify.html,hackerone.com/reports/126010,2,0.0,Violation of Secure Design Principles,2017-07-10
126049,Uber,Cross-site Scripting (XSS),hackerone.com/reports/126049,1,0.0,Cross-site Scripting (XSS) - Generic,2016-05-06
126070,Uber,"Open redirect on rush.uber.com, business.uber.com, and help.uber.com",hackerone.com/reports/126070,10,0.0,Open Redirect,2018-11-13
126099,Uber,Stored XSS in drive.uber.com WordPress admin panel,hackerone.com/reports/126099,7,2000.0,Cross-site Scripting (XSS) - Generic,2016-05-14
126109,Uber,CSV Injection in business.uber.com,hackerone.com/reports/126109,6,1000.0,Information Disclosure,2016-04-06
126197,Uber,XSS In archive.uber.com Due to Mime Sniffing in IE,hackerone.com/reports/126197,1,750.0,Cross-site Scripting (XSS) - Generic,2016-04-06
126203,Uber,"CBC ""cut and paste"" attack may cause Open Redirect(even XSS)",hackerone.com/reports/126203,22,500.0,Cryptographic Issues - Generic,2016-08-12
126235,Uber,text injection in get.uber.com/check-otp,hackerone.com/reports/126235,4,0.0,,2016-09-16
126260,Uber,Privilege escalation to allow non activated users to login and use uber partner ios app,hackerone.com/reports/126260,1,0.0,Privilege Escalation,2016-06-13
126364,Uber,Uber password reset link EMAIL FLOOD,hackerone.com/reports/126364,3,0.0,Uncontrolled Resource Consumption,2016-06-13
126374,Uber,Uploading Plain Text to uber-documents.s3.amazonaws.com Through the Driver Document Upload Page,hackerone.com/reports/126374,1,0.0,Violation of Secure Design Principles,2016-06-13
126376,Coinbase,Email leak in transcations in Android app,hackerone.com/reports/126376,11,500.0,Violation of Secure Design Principles,2016-05-17
126377,Uber,"Changing Driver Passwords With Only an Authenticated Session (no password, no email)",hackerone.com/reports/126377,1,0.0,Violation of Secure Design Principles,2016-06-13
126416,Internet Bug Bounty,Integer Overflow in php_raw_url_encode,hackerone.com/reports/126416,4,0.0,,2019-10-13
126522,X / xAI,Incorrect param parsing in Digits web authentication,hackerone.com/reports/126522,126,0.0,Improper Authentication - Generic,2018-08-18
126536,Uber,SMS Flood with Update Profile ,hackerone.com/reports/126536,1,0.0,Uncontrolled Resource Consumption,2016-06-13
126539,Shopify,XSS on https://app.shopify.com/,hackerone.com/reports/126539,2,500.0,Cross-site Scripting (XSS) - Generic,2016-04-05
126569,Uber,Disclosure of ip addresses in local network of uber,hackerone.com/reports/126569,2,0.0,Information Disclosure,2016-06-13
126598,Tor,Overreads/overcopies in torsocks,hackerone.com/reports/126598,6,0.0,Memory Corruption - Generic,2017-10-19
126652,Internet Bug Bounty,potential remote code execution with phar archive ,hackerone.com/reports/126652,1,500.0,Code Injection,2019-10-13
126784,Coinbase,Sending payments via QR code does not require confirmation,hackerone.com/reports/126784,3,1000.0,Improper Authentication - Generic,2016-04-22
126797,Tor,Use-after-free during XML transformations (MFSA-2016-27),hackerone.com/reports/126797,10,300.0,Memory Corruption - Generic,2017-10-21
126826,Uber,Pixel flood attack in https://riders.uber.com/profile,hackerone.com/reports/126826,2,0.0,Uncontrolled Resource Consumption,2016-04-25
126835,Uber,It is possible to re-rate a driver after a very long time ,hackerone.com/reports/126835,2,0.0,Violation of Secure Design Principles,2016-04-25
126861,Bumble,Insecure Direct Object Reference on badoo.com,hackerone.com/reports/126861,7,0.0,Privilege Escalation,2016-04-12
126906,Uber,Stored XSS in archive.uber.com Due to Injection of Javascript:alert(0),hackerone.com/reports/126906,5,3000.0,Cross-site Scripting (XSS) - Generic,2016-05-09
127025,Uber,Brute Forcing rider-view Endpoint Allows for Counting Number of Active Uber Drivers,hackerone.com/reports/127025,1,0.0,Information Disclosure,2016-06-13
127085,Uber,Use Partner/Driver App Without Being Activated,hackerone.com/reports/127085,5,0.0,Improper Authentication - Generic,2016-06-14
127087,Uber,Possible to View Driver Waybill via Driver UUID,hackerone.com/reports/127087,24,0.0,Information Disclosure,2016-06-14
127154,X / xAI,XSS using javascript:alert(8007),hackerone.com/reports/127154,15,0.0,Cross-site Scripting (XSS) - Generic,2016-11-28
127158,Uber,Possibility to get private email using UUID,hackerone.com/reports/127158,82,0.0,Information Disclosure,2016-06-15
127161,Uber,Information regarding trips from other users,hackerone.com/reports/127161,15,0.0,Information Disclosure,2016-07-12
127163,Coursera,XSS in https://www.coursera.org/courses/,hackerone.com/reports/127163,5,0.0,Cross-site Scripting (XSS) - Generic,2016-09-14
127175,HackerOne,HackerOne Important Emails Notification are sent in clear-text,hackerone.com/reports/127175,5,0.0,Improper Authentication - Generic,2016-05-19
127212,Internet Bug Bounty,php_snmp_error() Format String Vulnerability,hackerone.com/reports/127212,3,1000.0,Code Injection,2016-05-01
127235,HackerOne,New hacktivity view discloses report IDs of non-public reports,hackerone.com/reports/127235,6,0.0,,2016-04-26
127242,Internet Bug Bounty,Negative size parameter (-1) in memcpy mbfl_strcut ,hackerone.com/reports/127242,1,1000.0,Memory Corruption - Generic,2019-10-13
127259,ownCloud,Reflected XSS in owncloud.com,hackerone.com/reports/127259,3,0.0,Cross-site Scripting (XSS) - Generic,2016-04-01
127620,HackerOne,New hacktivity view discloses report IDs of non-public reports,hackerone.com/reports/127620,10,500.0,Violation of Secure Design Principles,2016-04-05
127645,Uber,Session Impersonation in riders.uber.com,hackerone.com/reports/127645,2,0.0,Improper Authentication - Generic,2016-06-13
127703,Bumble,[CRITICAL] Full account takeover using CSRF,hackerone.com/reports/127703,62,0.0,Cross-Site Request Forgery (CSRF),2016-04-12
127827,HackerOne,DOS Report  FILE html inside <code> in markdown,hackerone.com/reports/127827,6,0.0,Uncontrolled Resource Consumption,2016-05-21
127844,HackerOne,Web Authentication Endpoint Credentials Brute-Force Vulnerability,hackerone.com/reports/127844,161,0.0,Improper Authentication - Generic,2016-06-23
127914,HackerOne,Deleted name still present via mouseover functionality for user accounts,hackerone.com/reports/127914,7,0.0,Information Disclosure,2016-04-21
127918,Uber,Easy spam with USE My PHONE Feature,hackerone.com/reports/127918,1,250.0,Memory Corruption - Generic,2016-06-13
127948,Uber,Stored XSS on newsroom.uber.com admin panel / Stream WordPress plugin,hackerone.com/reports/127948,18,5000.0,Cross-site Scripting (XSS) - Generic,2016-07-27
127995,Gratipay,Limit email address length,hackerone.com/reports/127995,11,0.0,Improper Authentication - Generic,2017-03-18
128035,Gratipay,An adversary can harvest email address for spamming.,hackerone.com/reports/128035,1,0.0,Violation of Secure Design Principles,2016-04-05
128041,Gratipay,Getting Error Message and in use python version 2.7 is exposed.,hackerone.com/reports/128041,1,0.0,Information Disclosure,2016-04-05
128051,GitLab,Attacker can extract list of private project's project members,hackerone.com/reports/128051,10,0.0,Information Disclosure,2016-08-01
128085,GitLab,Bypassing password authentication of users that have 2FA enabled,hackerone.com/reports/128085,27,0.0,Improper Authentication - Generic,2016-04-18
128088,HackerOne,AWS S3 bucket writeable for authenticated aws users,hackerone.com/reports/128088,41,0.0,Improper Authentication - Generic,2016-04-05
128114,Snapchat,Administrator access to a Django Administration Panel on *.sc-corp.net via bruteforced credentials,hackerone.com/reports/128114,54,1000.0,Improper Authentication - Generic,2016-07-14
128121,Gratipay,fix bug in username restriction,hackerone.com/reports/128121,15,0.0,Violation of Secure Design Principles,2016-08-20
128169,Internet Bug Bounty,BN_mod_exp may produce incorrect results on x86_64 (CVE-2015-3193),hackerone.com/reports/128169,2,1000.0,Cryptographic Issues - Generic,2016-04-12
128493,ownCloud,doc.owncloud.org: X-XSS-Protection not enabled,hackerone.com/reports/128493,1,0.0,Cross-site Scripting (XSS) - Generic,2016-04-09
128685,APITest.IO,SSRF on testing endpoint,hackerone.com/reports/128685,14,0.0,Privilege Escalation,2016-09-14
128723,Uber,Enumerating userIDs with phone numbers,hackerone.com/reports/128723,2,0.0,Information Disclosure,2016-06-11
128750,Ubiquiti Inc.,Read-Only user can execute arbitraty shell commands on AirOS,hackerone.com/reports/128750,22,0.0,Command Injection - Generic,2016-08-05
128764,Gratipay,text injection in website title,hackerone.com/reports/128764,1,0.0,Violation of Secure Design Principles,2016-04-30
128777,Algolia,No rate-limit in Two factor Authentication leads to bypass using bruteforce attack,hackerone.com/reports/128777,6,100.0,Improper Authentication - Generic,2016-06-01
128853,Uber,Information disclosure at lite.uber.com,hackerone.com/reports/128853,2,0.0,Information Disclosure,2016-06-13
128856,Gratipay,Send email asynchronously,hackerone.com/reports/128856,3,10.0,Uncontrolled Resource Consumption,2017-03-17
128895,Uber,User credentials are not strong on vault.uber.com,hackerone.com/reports/128895,2,0.0,Improper Authentication - Generic,2016-07-26
128910,Gratipay,prevent %2f spoofed URLs in profile statement,hackerone.com/reports/128910,0,0.0,Open Redirect,2017-08-21
129027,Uber,Disclosure of ways to the site root,hackerone.com/reports/129027,4,0.0,Information Disclosure,2016-06-13
129091,Automattic,CPU utilization 99% on visiting wordpress site url & open redirect found,hackerone.com/reports/129091,3,0.0,Open Redirect,2017-07-23
129209,Gratipay,After removing app from facebook app session not expiring.,hackerone.com/reports/129209,2,0.0,Improper Authentication - Generic,2017-08-21
129342,Veris,Stored XSS in member book,hackerone.com/reports/129342,3,0.0,Cross-site Scripting (XSS) - Generic,2016-05-13
129381,X / xAI,niche s3 buckets are readable/writeable/deleteable by authorized AWS users,hackerone.com/reports/129381,39,0.0,Improper Authentication - Generic,2017-04-02
129436,X / xAI,xss in DM group name in twitter,hackerone.com/reports/129436,4,0.0,Cross-site Scripting (XSS) - Generic,2016-04-22
129551,ownCloud,Cross site scripting in apps.owncloud.com,hackerone.com/reports/129551,4,0.0,Cross-site Scripting (XSS) - Generic,2016-04-12
129582,Uber,Reflected XSS POST method at partners.uber.com,hackerone.com/reports/129582,31,3000.0,Cross-site Scripting (XSS) - Reflected,2019-01-25
129641,Ubiquiti Inc.,UniFi Video Server - Arbitrary file upload as SYSTEM,hackerone.com/reports/129641,10,0.0,Path Traversal,2018-11-07
129650,APITest.IO,Clickjacking: X-Frame-Options header missing,hackerone.com/reports/129650,1,0.0,UI Redressing (Clickjacking),2016-05-12
129698,Ubiquiti Inc.,UniFi Video Server - Broken access control on system configuration,hackerone.com/reports/129698,12,0.0,Privilege Escalation,2018-11-07
129712,Uber,reopen #128853 (Information disclosure at lite.uber.com),hackerone.com/reports/129712,5,0.0,Information Disclosure,2016-07-26
129736,GitLab,Persistent XSS on public project page,hackerone.com/reports/129736,8,0.0,Cross-site Scripting (XSS) - Generic,2016-05-03
129771,Internet Bug Bounty,Python 2.7 strop.replace Integer Overflow,hackerone.com/reports/129771,2,500.0,Memory Corruption - Generic,2016-05-02
129773,HackerOne,Previous attachments can be referenced when creating a new report,hackerone.com/reports/129773,17,0.0,Violation of Secure Design Principles,2019-04-12
129830,APITest.IO,Login Via FB Leads To Create A New Account Instead Of Loging In,hackerone.com/reports/129830,9,0.0,Violation of Secure Design Principles,2016-06-18
129869,APITest.IO,"beta version reveals paths, environment variables and partially files contents",hackerone.com/reports/129869,2,0.0,Information Disclosure,2016-04-12
129873,X / xAI,Bypassing Digits origin validation which leads to account takeover,hackerone.com/reports/129873,616,0.0,Improper Authentication - Generic,2020-06-24
129918,Slack,Authentication bypass leads to sensitive data exposure (token+secret),hackerone.com/reports/129918,10,2000.0,Improper Authentication - Generic,2016-10-19
129992,HackerOne,Missing Certificate Authority Authorization rule,hackerone.com/reports/129992,20,0.0,Cryptographic Issues - Generic,2017-08-17
130133,Slack,Access to some Slack workspace metadata and settings available to unauthorized parties,hackerone.com/reports/130133,60,7000.0,Improper Authentication - Generic,2020-11-10
130136,Uber,developer.uber.com/404 and developer.uber.com/docs/404 are susceptible to iframes,hackerone.com/reports/130136,1,0.0,,2016-06-13
130338,Moneybird,CSV Injection with the CSV export feature,hackerone.com/reports/130338,3,0.0,Command Injection - Generic,2016-06-13
130440,Uber,Requested and received edit access to Google form,hackerone.com/reports/130440,5,0.0,Information Disclosure,2016-07-26
130453,Bumble,Badoo and Hotornot User Disclosure,hackerone.com/reports/130453,2,0.0,Information Disclosure,2016-05-16
130460,bitaccess,BYASSING  OTP Verification,hackerone.com/reports/130460,34,0.0,Violation of Secure Design Principles,2016-06-22
130521,Uber,Unsubscribe any user from receiving email,hackerone.com/reports/130521,3,0.0,Violation of Secure Design Principles,2016-06-13
130591,Moneybird,Stored XSS thru SVG upload,hackerone.com/reports/130591,9,0.0,Cross-site Scripting (XSS) - Generic,2017-03-17
130661,Moneybird,XXE issue,hackerone.com/reports/130661,13,0.0,Command Injection - Generic,2017-03-17
130889,Ubiquiti Inc.,Reflected XSS in scores.ubnt.com,hackerone.com/reports/130889,11,0.0,Cross-site Scripting (XSS) - Generic,2016-08-11
130914,Vimeo,Error page Text Injection.,hackerone.com/reports/130914,6,0.0,Violation of Secure Design Principles,2016-08-02
130951,ownCloud,doc.owncloud.org: XSS via Referrer,hackerone.com/reports/130951,3,0.0,Cross-site Scripting (XSS) - Generic,2016-04-15
130990,Paragon Initiative Enterprises,Vunerability : spf,hackerone.com/reports/130990,2,0.0,,2016-04-27
131028,Moneybird,Malicious File Upload,hackerone.com/reports/131028,5,0.0,Violation of Secure Design Principles,2016-06-13
131038,Moneybird,Stored XSS in Financial Account executing in Bank tab,hackerone.com/reports/131038,7,0.0,Cross-site Scripting (XSS) - Generic,2016-06-13
131047,Gratipay,Possible Blind SQL injection | Language choice in presentation,hackerone.com/reports/131047,0,0.0,Violation of Secure Design Principles,2017-08-21
131052,Uber,XSS in uber oauth,hackerone.com/reports/131052,5,0.0,Cross-site Scripting (XSS) - Generic,2016-07-26
131053,Gratipay,Submit a non valid syntax email,hackerone.com/reports/131053,0,0.0,Violation of Secure Design Principles,2017-08-21
131065,Gratipay,bring grtp.co up to A grade on SSLLabs,hackerone.com/reports/131065,3,1.0,Violation of Secure Design Principles,2016-08-13
131082,ownCloud,Open Redirector via (apps/files_pdfviewer) for un-authenticated users.,hackerone.com/reports/131082,5,150.0,Open Redirect,2016-07-02
131108,Automattic,Akismet Several CSRF vulnerabilities,hackerone.com/reports/131108,3,0.0,Cross-Site Request Forgery (CSRF),2016-05-28
131123,Uber,XSS via password recovering,hackerone.com/reports/131123,4,0.0,Cross-site Scripting (XSS) - Generic,2016-07-26
131192,Coinbase,User's legal name could be changed despite front end controls being disabled,hackerone.com/reports/131192,2,0.0,Violation of Secure Design Principles,2016-05-05
131202,X / xAI,[Critical] - Steal OAuth Tokens,hackerone.com/reports/131202,31,840.0,Improper Authentication - Generic,2016-07-11
131210,GitLab,Privilege escalation to access all private groups and repositories,hackerone.com/reports/131210,17,0.0,Privilege Escalation,2016-07-27
131450,Uber,Stored XSS in developer.uber.com,hackerone.com/reports/131450,223,7500.0,Cross-site Scripting (XSS) - Generic,2016-06-27
131452,Gratipay,PHP 5.4.45 is Outdated and Full of Preformance Interupting Arbitrary Code Execution Bugs,hackerone.com/reports/131452,1,0.0,Violation of Secure Design Principles,2017-08-21
131468,Udemy,AWS S3 bucket writable for authenticated aws user,hackerone.com/reports/131468,13,0.0,Improper Authentication - Generic,2017-01-05
131560,Uber,CrashPlan Backup is Vulnerable Allowing to a DoS Attack Against Uber's Backups to ```backup.uber.com```,hackerone.com/reports/131560,1,0.0,,2016-05-09
131722,bitaccess,Missing SPF for hackerone.com,hackerone.com/reports/131722,1,0.0,Violation of Secure Design Principles,2016-05-27
131728,Moneybird,Open Redirect vulnerability in moneybird.com,hackerone.com/reports/131728,6,0.0,Open Redirect,2016-07-28
132057,HackerOne,Reputation Manipulation (Theoretical),hackerone.com/reports/132057,9,0.0,Violation of Secure Design Principles,2016-04-19
132104,Slack,Stored XSS on team.slack.com using new Markdown editor of posts inside the Editing mode and using javascript-URIs,hackerone.com/reports/132104,103,0.0,Cross-site Scripting (XSS) - Generic,2016-09-01
132777,GitLab,Labels created in private projects are leaked,hackerone.com/reports/132777,7,0.0,Information Disclosure,2016-05-03
133322,HackerOne,Manipulate report timeline activity by using null byte.,hackerone.com/reports/133322,12,0.0,Violation of Secure Design Principles,2016-07-01
133360,Legal Robot, No DMARC Record in  legalrobot-uat.com,hackerone.com/reports/133360,1,0.0,,2016-12-31
133375,Uber,Information Disclosure on lite.uber.com,hackerone.com/reports/133375,3,0.0,Information Disclosure,2016-07-07
133680,Bumble,AWS S3 Bucket hotornot-images permissions allow for listing and removing files,hackerone.com/reports/133680,5,0.0,Improper Authentication - Generic,2016-04-22
133717,GitLab,GFM renderer leaks external issue tracker URL of private project,hackerone.com/reports/133717,6,0.0,Information Disclosure,2017-06-08
133744,Veris,XSS in Asset name,hackerone.com/reports/133744,2,0.0,Cross-site Scripting (XSS) - Generic,2016-05-13
133753,Moneybird,Content Spoofing In Moneybird,hackerone.com/reports/133753,4,0.0,Violation of Secure Design Principles,2016-08-26
133847,Concrete CMS,ProBlog 2.6.6 CSRF Exploit,hackerone.com/reports/133847,1,0.0,Cross-Site Request Forgery (CSRF),2016-05-22
133963,Automattic,XSS on www.wordpress.com,hackerone.com/reports/133963,3,0.0,Cross-site Scripting (XSS) - Generic,2016-04-28
134004,General Motors,Reflected XSS and something more Store XSS too,hackerone.com/reports/134004,5,0.0,Cross-site Scripting (XSS) - Generic,2017-06-09
134061,Uber,Reflected XSS via Livefyre Media Wall in newsroom.uber.com,hackerone.com/reports/134061,6,2000.0,Cross-site Scripting (XSS) - Generic,2016-05-09
134124,Uber,Stored self-XSS at m.uber.com,hackerone.com/reports/134124,1,0.0,Cross-site Scripting (XSS) - Generic,2016-07-08
134206,Uber,Defect-Security | Driver-Broken Authentication | Able to update the Subscription Setting anonymously,hackerone.com/reports/134206,5,0.0,Improper Authentication - Generic,2016-07-26
134216,ownCloud,doc.owncloud.com: PHP info page disclosure ,hackerone.com/reports/134216,1,0.0,Information Disclosure,2016-05-24
134292,GitLab,Attacker can delete (and read) private project webhooks,hackerone.com/reports/134292,6,0.0,Privilege Escalation,2016-05-03
134299,GitLab,"Attacker can post notes on private MR, snippets, and issues",hackerone.com/reports/134299,6,0.0,Privilege Escalation,2016-05-03
134300,GitLab,Confidential issues leaked in public projects when attached to milestone,hackerone.com/reports/134300,5,0.0,Information Disclosure,2016-05-03
134305,GitLab,Private snippets in public / internal projects leaked though GitLab API,hackerone.com/reports/134305,7,0.0,Information Disclosure,2016-05-03
134321,Algolia,RCE on facebooksearch.algolia.com,hackerone.com/reports/134321,74,500.0,Code Injection,2016-10-01
134521,Uber,Uber for Business Allows Administrators to Change Uber Driver Ratings Due to Failure to Authenticate `fast-rating` Endpoint ,hackerone.com/reports/134521,3,0.0,Improper Authentication - Generic,2016-07-26
134546,Automattic,WordPress Flash XSS in *flashmediaelement.swf*,hackerone.com/reports/134546,69,0.0,Cross-site Scripting (XSS) - Generic,2016-07-10
134738,Automattic,WordPress SOME bug in plupload.flash.swf leading to RCE,hackerone.com/reports/134738,50,0.0,Code Injection,2016-07-10
134757,Shopify,staff memeber can install apps even if have limitied access ,hackerone.com/reports/134757,2,0.0,Privilege Escalation,2016-05-04
134760,Veris,SSL/TLS BEAST ATTACK VULNERABILITY ,hackerone.com/reports/134760,3,0.0,Cryptographic Issues - Generic,2017-05-15
134880,Internet Bug Bounty,ASN.1 BIO excessive memory allocation (CVE-2016-2109),hackerone.com/reports/134880,2,0.0,Uncontrolled Resource Consumption,2016-05-03
134894,Paragon Initiative Enterprises,The Anti-CSRF Library fails to restrict token to a particular IP address when being behind a reverse-proxy/WAF,hackerone.com/reports/134894,1,0.0,Cross-Site Request Forgery (CSRF),2016-04-27
135027,Internet Bug Bounty,Potential double free in EVP_DigestInit_ex,hackerone.com/reports/135027,1,0.0,Memory Corruption - Generic,2016-05-03
135072,HackerOne,RCE in profile picture upload,hackerone.com/reports/135072,32,0.0,Code Injection,2016-06-08
135152,Internet Bug Bounty,Integer overflow in ZipArchive::getFrom*,hackerone.com/reports/135152,3,1500.0,Memory Corruption - Generic,2016-05-05
135217,Mapbox,Reflected cross-site scripting (XSS) on api.tiles.mapbox.com,hackerone.com/reports/135217,30,1000.0,Cross-site Scripting (XSS) - Generic,2016-06-01
135283,Paragon Initiative Enterprises,Email Authentication Bypass,hackerone.com/reports/135283,3,0.0,Memory Corruption - Generic,2016-05-16
135288,Uber,Multiple vulnerabilities in a WordPress plugin at drive.uber.com,hackerone.com/reports/135288,55,0.0,SQL Injection,2016-08-23
135291,Internet Bug Bounty,Out-of-bounds reads in zif_grapheme_stripos with negative offset,hackerone.com/reports/135291,2,500.0,Memory Corruption - Generic,2019-10-13
135293,Internet Bug Bounty,bcpowmod accepts negative scale and corrupts _one_ definition,hackerone.com/reports/135293,1,500.0,Memory Corruption - Generic,2019-10-13
135294,Internet Bug Bounty,xml_parse_into_struct segmentation fault,hackerone.com/reports/135294,1,500.0,Memory Corruption - Generic,2019-10-13
135620,Udemy,Showing Up Source Code,hackerone.com/reports/135620,3,0.0,,2017-05-04
135756,Shopify,View all deleted comments and rating of any app .,hackerone.com/reports/135756,7,0.0,Information Disclosure,2016-09-01
135782,Moneybird,information disclose  ,hackerone.com/reports/135782,1,0.0,Information Disclosure,2016-07-06
135797,Enter,Session Fixation,hackerone.com/reports/135797,12,50.0,Violation of Secure Design Principles,2016-06-22
135891,Uber,Missing authentication on Notification setting .,hackerone.com/reports/135891,4,0.0,Improper Authentication - Generic,2016-07-26
135937,GitLab,SSRF when importing a project from a git repo by URL,hackerone.com/reports/135937,12,0.0,Information Disclosure,2018-05-29
135944,Internet Bug Bounty,EVP_EncodeUpdate overflow (CVE-2016-2105),hackerone.com/reports/135944,1,0.0,Memory Corruption - Generic,2016-05-03
135945,Internet Bug Bounty,EVP_EncryptUpdate overflow (CVE-2016-2106),hackerone.com/reports/135945,2,0.0,Memory Corruption - Generic,2016-05-03
135946,Internet Bug Bounty,EBCDIC overread (CVE-2016-2176),hackerone.com/reports/135946,1,0.0,Memory Corruption - Generic,2016-05-03
135989,Moneybird,Employees with Any Permissions Can Create App with Full Permissions and Perform any API Action,hackerone.com/reports/135989,15,0.0,Improper Authentication - Generic,2016-06-13
136169,Uber,OneLogin authentication bypass on WordPress sites,hackerone.com/reports/136169,58,10000.0,Improper Authentication - Generic,2016-06-06
136221,Mapbox,Denial of service in account statistics endpoint,hackerone.com/reports/136221,3,0.0,Uncontrolled Resource Consumption,2016-05-31
136333,GitLab,Persistent XSS on public wiki pages,hackerone.com/reports/136333,14,0.0,Cross-site Scripting (XSS) - Generic,2016-07-27
136396,ThisData,STORED XSS FOUND,hackerone.com/reports/136396,1,0.0,Cross-site Scripting (XSS) - Generic,2016-05-06
136454,Internet Bug Bounty,User credentials leak and arbitrary local file read/leak due to same-origin-policy violation,hackerone.com/reports/136454,3,3000.0,Information Disclosure,2019-11-12
136481,Vimeo,CSRF on Vimeo via cross site flashing leading to info disclosure and private videos go public,hackerone.com/reports/136481,15,0.0,Cross-Site Request Forgery (CSRF),2016-07-29
136531,Uber,Compromising Atlassian Confluence (team.uberinternal.com) via WordPress (newsroom.uber.com),hackerone.com/reports/136531,4,0.0,Privilege Escalation,2016-06-06
136582,Vimeo,OAuth 2 Authorization Bypass via CSRF and Cross Site Flashing,hackerone.com/reports/136582,32,0.0,Cross-Site Request Forgery (CSRF),2017-10-18
136600,Moneybird,Reflected XSS in Backend search,hackerone.com/reports/136600,2,0.0,Cross-site Scripting (XSS) - Generic,2016-06-11
136720,Gratipay,don't leak server version of grtp.co in error pages,hackerone.com/reports/136720,1,0.0,Information Disclosure,2016-07-14
136850,Vimeo,Images and Subtitles Leakage from private videos,hackerone.com/reports/136850,17,0.0,Information Disclosure,2017-10-18
136885,Uber,[CRITICAL] -- Complete Account Takeover,hackerone.com/reports/136885,87,8000.0,Improper Authentication - Generic,2016-08-15
136891,Ubiquiti Inc.,Source code disclosure on https://107.23.69.180,hackerone.com/reports/136891,25,0.0,Information Disclosure,2016-06-20
136986,Internet Bug Bounty,Padding oracle in AES-NI CBC MAC check (CVE-2016-2107),hackerone.com/reports/136986,3,0.0,Cryptographic Issues - Generic,2016-05-19
137008,Udemy,Csrf on creating course,hackerone.com/reports/137008,3,0.0,Cross-Site Request Forgery (CSRF),2017-01-10
137023,Vimeo,XSS in Subtitles of Vimeo Flash Player and Hubnut ,hackerone.com/reports/137023,4,0.0,Cross-site Scripting (XSS) - Generic,2016-09-14
137119,Veris,[XSS] sandbox.veris.in,hackerone.com/reports/137119,5,0.0,Cross-site Scripting (XSS) - Generic,2016-09-09
137126,ok.ru,Xss in m.ok.ru,hackerone.com/reports/137126,5,0.0,Cross-site Scripting (XSS) - Generic,2016-10-04
137127,Veris,[Stored XSS] sandbox.veris.in ,hackerone.com/reports/137127,2,0.0,Cross-site Scripting (XSS) - Generic,2016-05-26
137152,Uber,Clickjacking in love.uber.com,hackerone.com/reports/137152,1,0.0,Violation of Secure Design Principles,2016-07-07
137181,ThisData,Host Header Poisoning  in thisdata.com,hackerone.com/reports/137181,4,0.0,,2016-06-22
137404,X / xAI,List of a ton of internal twitter servers available on GitHub,hackerone.com/reports/137404,4,0.0,Information Disclosure,2016-10-17
137502,Vimeo,All Vimeo Private videos disclosure via Authorization Bypass,hackerone.com/reports/137502,35,0.0,Information Disclosure,2016-07-29
137503,HackerOne,"Inadequate access controls in ""Vote"" functionality???",hackerone.com/reports/137503,15,0.0,Privilege Escalation,2016-05-12
137631,Ruby,SMTP command injection,hackerone.com/reports/137631,10,0.0,Command Injection - Generic,2016-06-30
137756,Square Open Source,Cache poisoning for okhttp ,hackerone.com/reports/137756,1,0.0,Violation of Secure Design Principles,2016-08-31
137845,Veris,Stored XSS on 'Badges' page,hackerone.com/reports/137845,1,0.0,Cross-site Scripting (XSS) - Generic,2016-05-13
137905,Eternal,Reflected XSS on business-blog.zomato.com - Part I,hackerone.com/reports/137905,10,0.0,Cross-site Scripting (XSS) - Generic,2017-06-18
137906,Eternal,Reflected XSS on business-blog.zomato.com - Part 2,hackerone.com/reports/137906,5,0.0,Cross-site Scripting (XSS) - Generic,2017-06-18
137938,Veris,Reflected XSS in domain www.veris.in,hackerone.com/reports/137938,1,0.0,Cross-site Scripting (XSS) - Generic,2016-06-16
137964,StopTheHacker,Wordpress  flashmediaelement.swf XSS on stopthehacker.com  ,hackerone.com/reports/137964,5,0.0,Cross-site Scripting (XSS) - Generic,2017-01-12
138025,Tor,Heap corruption via memarea.c,hackerone.com/reports/138025,6,0.0,Memory Corruption - Generic,2017-10-19
138179,Internet Bug Bounty,Divide-and-conquer session key recovery in SSLv2 (CVE-2016-0703),hackerone.com/reports/138179,4,0.0,Cryptographic Issues - Generic,2016-06-01
138181,Internet Bug Bounty,Bleichenbacher oracle in SSLv2 (CVE-2016-0704),hackerone.com/reports/138181,1,0.0,Cryptographic Issues - Generic,2016-06-01
138244,WP API,Missing access control exposing detailed information on all users,hackerone.com/reports/138244,17,0.0,Improper Authentication - Generic,2016-10-17
138262,Eternal,Reflected Cross-Site Scripting in www.zomato.com/php/instagram_tag_relay,hackerone.com/reports/138262,4,0.0,Cross-site Scripting (XSS) - Generic,2016-06-16
138270,Eternal,Instagram OAuth2 Implementation Leaks Access Token; Allows for Cross-Site Script Inclusion (XSSI),hackerone.com/reports/138270,19,0.0,Information Disclosure,2016-06-22
138516,Internet Bug Bounty,Adobe Flash Player ContentFactory class Memory Corruption Vulnerability,hackerone.com/reports/138516,2,2000.0,Memory Corruption - Generic,2019-11-12
138517,Internet Bug Bounty,Adobe Flash Player Metadata class Memory Corruption Vulnerability,hackerone.com/reports/138517,2,2000.0,Memory Corruption - Generic,2019-11-12
138518,Internet Bug Bounty,Adobe Flash Player OpportunityGenerator class Memory Corruption Vulnerability,hackerone.com/reports/138518,2,2000.0,Memory Corruption - Generic,2019-11-12
138622,Uber,Self-XSS on partners.uber.com,hackerone.com/reports/138622,2,0.0,Cross-site Scripting (XSS) - Generic,2016-07-26
138659,Gratipay,don't expose path of Python ,hackerone.com/reports/138659,1,0.0,Information Disclosure,2016-05-13
138786,Veris,Text injection can be used in phishing 404 page and should not include attacker text,hackerone.com/reports/138786,2,0.0,Violation of Secure Design Principles,2016-05-17
138869,Uber,OneLogin authentication bypass on WordPress sites via XMLRPC,hackerone.com/reports/138869,83,7000.0,Code Injection,2016-07-15
138881,Uber,Phone Number Enumeration,hackerone.com/reports/138881,3,0.0,Information Disclosure,2016-07-07
139192,Bumble,Ability to collect users' ids that have visited a specific web page with malicious code ,hackerone.com/reports/139192,6,0.0,Information Disclosure,2016-06-03
139245,Automattic,WordPress core stored XSS via attachment file name,hackerone.com/reports/139245,25,0.0,Cross-site Scripting (XSS) - Generic,2016-08-05
139319,ok.ru,Missing proper error message.,hackerone.com/reports/139319,2,0.0,Violation of Secure Design Principles,2016-07-21
139321,Ruby on Rails,"Unsafe Query Generation (CVE-2012-2660, CVE-2012-2694 and CVE-2013-0155) mitigation bypass",hackerone.com/reports/139321,7,0.0,,2018-02-07
139398,Ubiquiti Inc.,Read-Only user can execute arbitraty shell commands on AirOS,hackerone.com/reports/139398,44,0.0,Command Injection - Generic,2016-08-05
139402,Informatica,[kb.informatica.com] Unauthenticated emails and HTML injection in email messages,hackerone.com/reports/139402,4,0.0,Cross-Site Request Forgery (CSRF),2016-11-28
139626,Phabricator,Passphrase credential lock bypass,hackerone.com/reports/139626,2,0.0,Information Disclosure,2016-05-18
139875,Uber,DOM based XSS on,hackerone.com/reports/139875,1,0.0,Code Injection,2016-05-26
139879,Internet Bug Bounty,Adobe Flash Player Regular Expression UAF Remote Code Execution Vulnerability,hackerone.com/reports/139879,1,5000.0,Memory Corruption - Generic,2019-11-12
139965,Phabricator,No authentication required to add an email address.,hackerone.com/reports/139965,3,0.0,Improper Authentication - Generic,2016-05-27
139981,Eternal,XSS onmouseover ,hackerone.com/reports/139981,9,0.0,Cross-site Scripting (XSS) - Generic,2016-08-02
140377,Gratipay,don't store CSRF tokens in cookies,hackerone.com/reports/140377,2,0.0,Violation of Secure Design Principles,2016-06-16
140392,Deriv.com,CJ vulnerability in subdomain,hackerone.com/reports/140392,4,0.0,UI Redressing (Clickjacking),2016-06-09
140432,Gratipay,configure a redirect URI for Facebook OAuth,hackerone.com/reports/140432,17,10.0,Improper Authentication - Generic,2016-06-17
140447,Slack,Open Redirect on slack.com,hackerone.com/reports/140447,11,500.0,Cross-site Scripting (XSS) - Generic,2016-10-02
140616,Starbucks,www.starbucks.co.uk Reflected XSS via utm_source parameter,hackerone.com/reports/140616,36,0.0,Cross-site Scripting (XSS) - Generic,2016-12-19
140720,HackerOne,Denial of service in report view.,hackerone.com/reports/140720,2,0.0,Uncontrolled Resource Consumption,2016-05-27
140742,Coinbase,Cookie not secure,hackerone.com/reports/140742,1,0.0,,2016-05-25
140791,Uber,XSS in people.uber.com,hackerone.com/reports/140791,4,0.0,Cross-site Scripting (XSS) - Generic,2016-07-26
140793,Ubiquiti Inc.,UniFi Video v3.2.2 (Windows) Local Privileges Escalation due to weak default install directory ACLs,hackerone.com/reports/140793,3,0.0,Privilege Escalation,2017-12-20
140865,Internet Bug Bounty,Integer Overflow in php_html_entities(),hackerone.com/reports/140865,6,0.0,,2019-10-13
141065,drchrono,Security Issue : CSRF Token Design Flaw,hackerone.com/reports/141065,7,0.0,Cross-Site Request Forgery (CSRF),2016-07-30
141090,Starbucks,Parameter Manipulation allowed for viewing of other user’s teavana.com orders,hackerone.com/reports/141090,70,0.0,Improper Authentication - Generic,2017-01-13
141114,Pushwoosh,Stored XSS in Filters,hackerone.com/reports/141114,6,0.0,Cross-site Scripting (XSS) - Generic,2016-11-14
141115,drchrono,SSL/TLS BEAST ATTACK,hackerone.com/reports/141115,2,0.0,Cryptographic Issues - Generic,2018-04-09
141120,Starbucks,Parameter Manipulation allowed for editing the shipping address for other user’s teavana.com subscriptions.,hackerone.com/reports/141120,37,0.0,Improper Authentication - Generic,2017-01-26
141125,drchrono,Ngnix Server version disclosure,hackerone.com/reports/141125,5,0.0,Information Disclosure,2016-06-13
141174,drchrono,node.drchrono.com - Information Disclosure and Windows Host Exposed,hackerone.com/reports/141174,4,0.0,,2016-06-13
141197,Internet Bug Bounty,get_icu_value_internal out-of-bounds read,hackerone.com/reports/141197,1,500.0,Memory Corruption - Generic,2019-10-13
141198,drchrono,Template stored XSS,hackerone.com/reports/141198,5,0.0,Cross-site Scripting (XSS) - Generic,2016-07-21
141202,Internet Bug Bounty,imagescale out-of-bounds read,hackerone.com/reports/141202,1,500.0,Memory Corruption - Generic,2019-10-31
141212,Internet Bug Bounty,Integer underflow / arbitrary null write in fread/gzread,hackerone.com/reports/141212,1,500.0,Memory Corruption - Generic,2019-10-13
141239,Internet Bug Bounty,Module ngx_http_auth_basic_module is broken and allowing all password after specific length,hackerone.com/reports/141239,4,0.0,Cryptographic Issues - Generic,2016-05-30
141240,drchrono,Angular injection in the profile name of onpatient,hackerone.com/reports/141240,14,0.0,Cross-site Scripting (XSS) - Generic,2016-11-25
141339,Uber,Uber is Flooding my Mobile with SMS Daily  like a cron JOB,hackerone.com/reports/141339,4,0.0,Violation of Secure Design Principles,2016-07-25
141344,drchrono,[CRITICAL]  CSRF  leading to account take over ,hackerone.com/reports/141344,8,0.0,Cross-Site Request Forgery (CSRF),2016-06-14
141355,Ubiquiti Inc.,Open Redirect in unifi.ubnt.com [Controller Finder],hackerone.com/reports/141355,12,0.0,Open Redirect,2016-09-01
141463,drchrono,Stored XSS via AngularJS Injection,hackerone.com/reports/141463,20,0.0,Cross-site Scripting (XSS) - Generic,2016-06-13
141541,drchrono,User with no permissions can access full wdcalendar feed,hackerone.com/reports/141541,8,0.0,Improper Authentication - Generic,2016-11-25
141629,HackerOne,Able to remove the admin access of my program,hackerone.com/reports/141629,15,0.0,Violation of Secure Design Principles,2016-07-06
141676,Bime,Bime Unable to load Data Sources,hackerone.com/reports/141676,2,0.0,Memory Corruption - Generic,2016-06-27
141700,GlassWire,Bypass GlassWire's monitoring of Hosts file,hackerone.com/reports/141700,3,0.0,Violation of Secure Design Principles,2016-07-23
141728,drchrono,XSS in Blog ,hackerone.com/reports/141728,1,0.0,Cross-site Scripting (XSS) - Generic,2016-06-13
141734,drchrono,Bypassing Password Reset  ,hackerone.com/reports/141734,3,0.0,Improper Authentication - Generic,2016-06-13
141839,Internet Bug Bounty,Multiple vulnerabilities related to PCRE functions (already fixed),hackerone.com/reports/141839,2,0.0,Memory Corruption - Generic,2019-11-12
142078,General Motors,IE search XSS,hackerone.com/reports/142078,2,0.0,Cross-site Scripting (XSS) - Generic,2017-06-09
142084,Ubiquiti Inc.,Stored XSS in unifi.ubnt.com,hackerone.com/reports/142084,12,0.0,Cross-site Scripting (XSS) - Generic,2016-11-26
142096,Slack,[Screenhero] Subdomain takeover,hackerone.com/reports/142096,23,0.0,Violation of Secure Design Principles,2017-01-21
142101,drchrono,"User with no permissions can create, edit, delete favorite prescriptions /erx/",hackerone.com/reports/142101,6,0.0,Improper Authentication - Generic,2016-11-25
142135,VK.com,XSS в upload.php,hackerone.com/reports/142135,38,1500.0,Cross-site Scripting (XSS) - Generic,2017-02-09
142221,Eternal,Bypass OTP verification when placing Order,hackerone.com/reports/142221,14,0.0,Improper Authentication - Generic,2016-06-01
142472,Internet Bug Bounty,CVE-2016-2177 Undefined pointer arithmetic in SSL code,hackerone.com/reports/142472,5,0.0,Memory Corruption - Generic,2016-09-20
142540,Pushwoosh,Cross-Site Scripting Stored On Rich Media,hackerone.com/reports/142540,10,0.0,Cross-site Scripting (XSS) - Generic,2016-11-17
142549,X / xAI,Information Disclosure through .DS_Store in ██████████,hackerone.com/reports/142549,27,560.0,Information Disclosure,2016-12-12
142569,Urban Dictionary,"Infinite Upvoting/Downvoting: Lockout Bypass, Plus: Exposed API Documentation",hackerone.com/reports/142569,25,0.0,,2016-07-24
142709,Shopify,Fetching external resources through svg images,hackerone.com/reports/142709,31,0.0,Information Disclosure,2016-06-21
142773,Tor,16 instances where return value of OpenSSL i2d_RSAPublicKey is discarded -- might lead to use of uninitialized memory,hackerone.com/reports/142773,11,0.0,Information Disclosure,2017-11-26
142893,Moneybird,"[STORED XSS] in debtor reports of ,,invoices''",hackerone.com/reports/142893,9,0.0,Cross-site Scripting (XSS) - Generic,2016-07-06
142940,drchrono,Bug Report ,hackerone.com/reports/142940,3,0.0,Information Disclosure,2016-07-19
142946,Uber,xss vulnerability in http://ubermovement.com/community/daniel,hackerone.com/reports/142946,14,0.0,Cross-site Scripting (XSS) - Generic,2016-07-21
143022,Internet Bug Bounty,Heap corruption via Python 2.7.11 IOBase readline(),hackerone.com/reports/143022,3,0.0,Memory Corruption - Generic,2016-06-26
143064,drchrono,Information Disclosure,hackerone.com/reports/143064,11,0.0,Information Disclosure,2016-07-31
143076,Uber,Header Injection ,hackerone.com/reports/143076,4,0.0,Uncontrolled Resource Consumption,2016-07-08
143139,Gratipay,upgrade Aspen on inside.gratipay.com to pick up CR injection fix,hackerone.com/reports/143139,9,40.0,Cross-site Scripting (XSS) - Generic,2017-03-22
143220,Mapbox,XSS on www.mapbox.com/authorize,hackerone.com/reports/143220,15,0.0,Cross-site Scripting (XSS) - Generic,2017-08-14
143234,Internet Bug Bounty,Integer Overflow in _gd2GetHeader() resulting in heap overflow,hackerone.com/reports/143234,1,500.0,Memory Corruption - Generic,2019-11-12
143240,Mapbox,XSS on www.mapbox.com/authorize/ because of open redirect at /core/oauth/auth,hackerone.com/reports/143240,19,0.0,Cross-site Scripting (XSS) - Generic,2017-08-14
143265,Eternal,Unvalidated redirect on user profile website,hackerone.com/reports/143265,1,0.0,Open Redirect,2017-05-18
143291,Uber,Password Reset Does Not Confirm the Existence of an Email Address,hackerone.com/reports/143291,5,0.0,Improper Authentication - Generic,2016-06-07
143294,Eternal,XSS on zomato.com,hackerone.com/reports/143294,3,0.0,Cross-site Scripting (XSS) - Generic,2016-08-14
143321,Veris,Unauthenticated CSRF(User can input any value for CSRF Token),hackerone.com/reports/143321,5,0.0,Cross-Site Request Forgery (CSRF),2016-06-08
143323,Informatica,[uk.informatica.com] XSS on uk.informatica..com,hackerone.com/reports/143323,10,0.0,Cross-site Scripting (XSS) - Generic,2017-02-28
143438,Shopify,Potentially Sensitive Information on GitHub,hackerone.com/reports/143438,29,0.0,Information Disclosure,2016-07-17
143482,Shopify,Authentication Bypass on Icinga monitoring server,hackerone.com/reports/143482,42,0.0,Improper Authentication - Generic,2016-07-17
143541,Coinbase,Transaction Pending Via  Ip Change ,hackerone.com/reports/143541,1,0.0,,2016-06-07
143575,Phabricator,Full path disclosure,hackerone.com/reports/143575,1,0.0,Information Disclosure,2016-06-08
143669,Bumble,Получение оригинала скрытого изображения,hackerone.com/reports/143669,3,280.0,Information Disclosure,2016-06-09
143672,Uber,Email Enumeration Vulnerability,hackerone.com/reports/143672,3,0.0,,2016-07-07
143717,Uber,Change any Uber user's password through /rt/users/passwordless-signup - Account Takeover (critical),hackerone.com/reports/143717,310,0.0,Improper Authentication - Generic,2016-07-14
143903,Slack,File upload over private IM channel,hackerone.com/reports/143903,5,0.0,Privilege Escalation,2016-07-13
143935,X / xAI,[sms-be-vip.twitter.com] vulnerable to Jetleak,hackerone.com/reports/143935,28,1260.0,Information Disclosure,2018-04-02
143966,Internet Bug Bounty,Insufficient shell characters filtering leads to (potentially remote) code execution (CVE-2016-3714),hackerone.com/reports/143966,22,0.0,,2016-05-03
143975,HackerOne,Homograph attack in escalate report,hackerone.com/reports/143975,20,0.0,Violation of Secure Design Principles,2019-04-19
144000,Instacart,Authorization Bypass in Delivery Chat Logs,hackerone.com/reports/144000,35,100.0,Privilege Escalation,2016-11-03
144084,SecNews,Content spoofing due to the improper behavior of the not-found message ,hackerone.com/reports/144084,7,0.0,Violation of Secure Design Principles,2016-08-09
144104,SecNews,Text injection on error page.,hackerone.com/reports/144104,3,0.0,Violation of Secure Design Principles,2016-08-09
144129,HackerOne,Old titles are not hidden in reports with limited disclosure,hackerone.com/reports/144129,16,0.0,Information Disclosure,2016-06-21
144147,Uber,Newsroom.uber HTML form without CSRF protection,hackerone.com/reports/144147,3,0.0,Cross-Site Request Forgery (CSRF),2016-07-07
144359,WebSummit,Time Based SQL injection in url parameter,hackerone.com/reports/144359,1,0.0,SQL Injection,2016-06-27
144385,Paragon Initiative Enterprises,SMTP server allows anonymous relay from internal addresses to internal addresses,hackerone.com/reports/144385,5,0.0,Improper Authentication - Generic,2017-10-16
144482,Ruby,StringIO strio_getline() can divulge arbitrary memory,hackerone.com/reports/144482,13,0.0,Memory Corruption - Generic,2016-06-21
144484,Ruby,Heap corruption in DateTime.strftime() on 32 bit for certain format strings,hackerone.com/reports/144484,1,0.0,Memory Corruption - Generic,2016-06-21
144485,Ruby,Heap corruption in string.c tr_trans() due to undersized buffer,hackerone.com/reports/144485,2,0.0,Memory Corruption - Generic,2016-06-21
144526,bitaccess,"EXTREMELY URGENT: Missing control of bitcoin amount when selling bitcoin allows a user to withdraw any amount of money, unrestricted.",hackerone.com/reports/144526,12,0.0,,2016-06-27
144616,Uber,Brute-Forcing invite codes  in partners.uber.com ,hackerone.com/reports/144616,4,750.0,Violation of Secure Design Principles,2016-07-26
144782,Internet Bug Bounty,CVE-2016-0772 - python: smtplib StartTLS stripping attack,hackerone.com/reports/144782,4,1000.0,Cryptographic Issues - Generic,2016-08-30
144803,Uber,Email Address Enumeration,hackerone.com/reports/144803,5,0.0,Violation of Secure Design Principles,2016-07-07
144877,Uber,Bruteforce INVITE codes easy way,hackerone.com/reports/144877,10,0.0,Violation of Secure Design Principles,2016-07-26
145086,Ian Dunn,Stored XSS in SupportFlow Ticket Subject,hackerone.com/reports/145086,5,50.0,Cross-site Scripting (XSS) - Generic,2016-06-28
145091,Ian Dunn,Stored XSS from ticket messages in admin table in SupportFlow,hackerone.com/reports/145091,5,50.0,Cross-site Scripting (XSS) - Generic,2016-06-28
145128,Ubiquiti Inc.,[account-global.ubnt.com] CRLF Injection,hackerone.com/reports/145128,17,0.0,,2017-03-31
145150,Uber,Bulk UUID enumeration via invite codes,hackerone.com/reports/145150,12,0.0,Information Disclosure,2016-09-08
145206,Gratipay,set Pragma header,hackerone.com/reports/145206,2,0.0,Improper Authentication - Generic,2017-09-09
145207,Gratipay,set Expires header,hackerone.com/reports/145207,2,0.0,Improper Authentication - Generic,2017-08-21
145224,Ubiquiti Inc.,Subdomain takeover on partners.ubnt.com due to non-used CloudFront DNS entry,hackerone.com/reports/145224,57,0.0,Privilege Escalation,2016-11-27
145246,Eternal,Stored Cross site scripting,hackerone.com/reports/145246,9,0.0,Cross-site Scripting (XSS) - Generic,2016-06-28
145260,Paragon Initiative Enterprises,Full path disclosure vulnerability on paragonie.com,hackerone.com/reports/145260,1,0.0,,2016-06-17
145265,Internet Bug Bounty,Adobe Flash Player ShimContentFactory class Memory Corruption Vulnerability,hackerone.com/reports/145265,2,2000.0,Memory Corruption - Generic,2019-11-12
145266,Internet Bug Bounty,Adobe Flash Player ShimContentFactory.retrieveResolvers Memory Corruption Vulnerability,hackerone.com/reports/145266,2,2000.0,Memory Corruption - Generic,2019-11-12
145267,Internet Bug Bounty,Adobe Flash Player ShimContentResolver.configure Memory Corruption Vulnerability,hackerone.com/reports/145267,2,2000.0,Memory Corruption - Generic,2019-11-12
145269,Internet Bug Bounty,Adobe Flash Player ShimOpportunityGenerator class Memory Corruption Vulnerability,hackerone.com/reports/145269,1,2000.0,Memory Corruption - Generic,2019-11-12
145271,Internet Bug Bounty,Adobe Flash Player ShimContentResolver(resolverType=0) class Memory Corruption Vulnerability,hackerone.com/reports/145271,2,2000.0,Memory Corruption - Generic,2019-11-12
145272,Internet Bug Bounty,Adobe Flash Player ShimContentResolver(resolverType=1) class Memory Corruption Vulnerability,hackerone.com/reports/145272,2,2000.0,Memory Corruption - Generic,2019-11-12
145278,Uber,xss in https://www.uber.com,hackerone.com/reports/145278,64,0.0,Cross-site Scripting (XSS) - Generic,2016-07-25
145289,Uber,Self-XSS in Partners Profile,hackerone.com/reports/145289,1,0.0,Cross-site Scripting (XSS) - Generic,2016-07-07
145300,Paragon Initiative Enterprises,Session Management,hackerone.com/reports/145300,5,0.0,Violation of Secure Design Principles,2016-06-17
145306,Veris,"Registeration Link ""Jacking&Redirecting""",hackerone.com/reports/145306,1,0.0,Open Redirect,2016-08-05
145343,Nextcloud,Possible RCE,hackerone.com/reports/145343,5,0.0,Command Injection - Generic,2018-03-08
145344,Nextcloud,nextcloud.com: Content Injection  Custom 404 Error,hackerone.com/reports/145344,5,0.0,Violation of Secure Design Principles,2016-06-17
145355,Nextcloud,Stored XSS on Share-popup of a directory's Gallery-view,hackerone.com/reports/145355,24,0.0,Cross-site Scripting (XSS) - Generic,2016-07-19
145374,Nextcloud,Content Spoofing,hackerone.com/reports/145374,3,0.0,Violation of Secure Design Principles,2016-06-19
145375,Nextcloud,stats.nextcloud.com: Content Injection,hackerone.com/reports/145375,4,0.0,Violation of Secure Design Principles,2016-07-17
145392,Nextcloud,Response Header injection using redirect_uri together with PHP that utilizes Header Folding according to RFC1945 and Internet Explorer 11,hackerone.com/reports/145392,18,0.0,Violation of Secure Design Principles,2016-08-17
145396,Nextcloud,Enumeration of subscribed users and unauthenticated email unsubscriptions on https://newsletter.nextcloud.com/?p=unsubscribe,hackerone.com/reports/145396,4,0.0,Information Disclosure,2016-06-19
145402,Nextcloud,No permission set on Activities [Android App],hackerone.com/reports/145402,3,0.0,Improper Authentication - Generic,2016-06-20
145409,Nextcloud,help.nextcloud.com: Known DoS condition (null pointer deref) in Nginx running,hackerone.com/reports/145409,4,0.0,Uncontrolled Resource Consumption,2016-07-27
145430,Nextcloud,help.nextcloud.com: Session Management Issue,hackerone.com/reports/145430,2,0.0,,2016-06-17
145452,Nextcloud,Share owner has no possibility to list all existing derived shares,hackerone.com/reports/145452,6,0.0,Improper Authentication - Generic,2016-12-13
145458,Nextcloud,nextcloud.com: Mail Bombing ( No Rate Limiting On Sending Emails On Contact us Page),hackerone.com/reports/145458,4,0.0,Memory Corruption - Generic,2016-07-17
145462,Nextcloud,No rate limiting on password protected shared file link,hackerone.com/reports/145462,3,0.0,Improper Authentication - Generic,2016-06-20
145463,Nextcloud,Nextcloud server software: Content Spoofing,hackerone.com/reports/145463,2,0.0,Violation of Secure Design Principles,2016-07-19
145467,Vimeo,Downloading password protected / restricted videos,hackerone.com/reports/145467,43,0.0,,2016-09-05
145488,Nextcloud,failure to invalidate session on password change,hackerone.com/reports/145488,3,0.0,Improper Authentication - Generic,2017-04-20
145495,Nextcloud,nextcloud.com: Directory listening for 'wp-includes' forders,hackerone.com/reports/145495,4,0.0,Information Disclosure,2016-06-17
145517,Nextcloud,Vulnerable Javascript library,hackerone.com/reports/145517,5,0.0,Information Disclosure,2016-06-17
145524,Nextcloud,Server side request forgery (SSRF) on nextcloud implementation.,hackerone.com/reports/145524,19,0.0,,2016-06-17
145552,Nextcloud,Directory Listing On download.nextcloud.com & Practical Attacks on PGP (Pretty Good Privacy) ,hackerone.com/reports/145552,2,0.0,Cryptographic Issues - Generic,2016-06-17
145583,Nextcloud,Lost Password CSRF,hackerone.com/reports/145583,2,0.0,Cross-Site Request Forgery (CSRF),2016-06-19
145603,Nextcloud,https://newsletter.nextcloud.com Directory listening and Information Disclosure,hackerone.com/reports/145603,3,0.0,Information Disclosure,2016-06-18
145604,Nextcloud,Avatar image upload and bypass  real image verification ,hackerone.com/reports/145604,6,0.0,Violation of Secure Design Principles,2017-01-15
145612,Nextcloud,No captcha on newsletter.nextcloudcom leaves vulnerable to email spammers,hackerone.com/reports/145612,3,0.0,Violation of Secure Design Principles,2016-06-19
145621,Slack,Unauthenticated Access to some old file thumbnails ,hackerone.com/reports/145621,2,0.0,Improper Authentication - Generic,2016-06-21
145629,Algolia,2-factor authentication bypass,hackerone.com/reports/145629,20,0.0,Improper Authentication - Generic,2017-01-17
145686,Eternal,CSS,hackerone.com/reports/145686,2,0.0,,2017-05-18
145722,Nextcloud,Bruteforce attack is possible on newsletter.nextcloud.com,hackerone.com/reports/145722,3,0.0,Improper Authentication - Generic,2016-06-19
145727,Nextcloud,Bruteforcing help.nextcloud.com,hackerone.com/reports/145727,10,0.0,Improper Authentication - Generic,2016-06-19
145730,Nextcloud,newsletter.nextcloud.com: Bypass firewall protection,hackerone.com/reports/145730,4,0.0,Improper Authentication - Generic,2016-07-18
145734,Nextcloud,help.nextcloud Email Address/Username enumeration,hackerone.com/reports/145734,9,0.0,Information Disclosure,2016-06-19
145745,Nextcloud,Business/Functional logic bypass: Remove admins from admin group.,hackerone.com/reports/145745,5,0.0,Privilege Escalation,2016-06-19
145849,Nextcloud,Content Injection 404 page,hackerone.com/reports/145849,2,0.0,Violation of Secure Design Principles,2016-06-19
145850,Nextcloud,Content Spoofing/Text Injection - docs.nextcloud.org,hackerone.com/reports/145850,3,0.0,Violation of Secure Design Principles,2016-06-19
145853,Nextcloud,Content injection in subdomain,hackerone.com/reports/145853,3,0.0,Violation of Secure Design Principles,2016-06-19
145854,Nextcloud,Content Injection in subdomain,hackerone.com/reports/145854,2,0.0,Violation of Secure Design Principles,2016-06-19
145893,Uber,Error Message on 404 page,hackerone.com/reports/145893,1,0.0,,2016-07-07
145896,Nextcloud,Password reset link remains valid after email change,hackerone.com/reports/145896,7,0.0,Improper Authentication - Generic,2016-12-13
145950,Nextcloud,Uploading files to a folder where invited user don't have any EDIT privilege,hackerone.com/reports/145950,10,0.0,Improper Authentication - Generic,2016-07-19
146067,Nextcloud,Read-only share recipient can restore old versions of file,hackerone.com/reports/146067,7,300.0,Improper Authentication - Generic,2016-07-19
146093,Nextcloud,"WordPress Vulnerabilities: User Enumeration, Vulnerable Akismet Plugin, XML-RPC Interface available",hackerone.com/reports/146093,4,0.0,Information Disclosure,2016-06-22
146106,Nextcloud,Email ID Disclosure.,hackerone.com/reports/146106,5,0.0,Information Disclosure,2016-06-20
146129,Instacart,Authentication Bypass in Updating Personal Information,hackerone.com/reports/146129,10,0.0,Improper Authentication - Generic,2017-01-17
146133,Nextcloud,Authentication Issue,hackerone.com/reports/146133,19,50.0,Improper Authentication - Generic,2018-10-25
146179,Nextcloud,REG: Content provider information leakage,hackerone.com/reports/146179,4,0.0,Command Injection - Generic,2016-06-24
146180,Internet Bug Bounty,Integer Overflow in SplFileObject::fread,hackerone.com/reports/146180,4,0.0,,2019-10-13
146182,Internet Bug Bounty,Integer Overflow/Heap Overflow in json_encode()/json_decode(),hackerone.com/reports/146182,5,0.0,,2019-10-13
146183,Internet Bug Bounty,Integer Overflow in nl2br(),hackerone.com/reports/146183,4,0.0,,2019-10-13
146184,Internet Bug Bounty,Integer Overflow in addcslashes()/addslashes(),hackerone.com/reports/146184,5,0.0,,2019-10-13
146185,Internet Bug Bounty,Integer Overflow in Length of String-typed ZVAL,hackerone.com/reports/146185,6,0.0,,2019-10-13
146200,Internet Bug Bounty,_php_mb_regex_ereg_replace_exec - double free,hackerone.com/reports/146200,1,0.0,Memory Corruption - Generic,2019-11-12
146202,Internet Bug Bounty,Invalid free in phar_extract_file(),hackerone.com/reports/146202,1,1000.0,Memory Corruption - Generic,2019-11-12
146233,Internet Bug Bounty,Use After Free Vulnerability in PHP's GC algorithm and unserialize,hackerone.com/reports/146233,11,0.0,Code Injection,2016-07-28
146235,Internet Bug Bounty,ZipArchive class Use After Free Vulnerability in PHP's GC algorithm and unserialize,hackerone.com/reports/146235,11,0.0,Code Injection,2016-07-28
146255,Internet Bug Bounty,Double Free Corruption in wddx.c (extension),hackerone.com/reports/146255,1,0.0,Code Injection,2019-11-12
146278,Nextcloud,Log pollution can lead to HTML Injection.,hackerone.com/reports/146278,18,0.0,Cross-site Scripting (XSS) - Generic,2016-07-19
146314,Nextcloud,Deny access to download.nextcloud.com + folders,hackerone.com/reports/146314,2,0.0,Information Disclosure,2016-06-21
146327,Uber,Server version disclosure: team.uberinternal.com,hackerone.com/reports/146327,2,0.0,Information Disclosure,2016-07-07
146336,Slack,XSS vulnerable parameter in a location hash,hackerone.com/reports/146336,454,0.0,Cross-site Scripting (XSS) - Generic,2019-10-16
146360,Internet Bug Bounty,Heap Overflow Due To Integer Overflow,hackerone.com/reports/146360,2,0.0,Memory Corruption - Generic,2019-11-12
146416,Ruby,Ruby:HTTP Header injection in 'net/http',hackerone.com/reports/146416,5,0.0,Open Redirect,2017-02-27
146424,Nextcloud,No Rate Limiting on stats.nextcloud.com login,hackerone.com/reports/146424,12,0.0,Violation of Secure Design Principles,2016-06-22
146436,Informatica,[product360.informatica.com] Unauthenticated Apache Tomcat 8 Installation,hackerone.com/reports/146436,9,0.0,Information Disclosure,2016-12-08
146735,Uber,"Command Injection, Information ",hackerone.com/reports/146735,1,0.0,Command Injection - Generic,2016-07-07
146838,Uber,Authentication Issue for easter egg on bonjour.uber.com,hackerone.com/reports/146838,4,0.0,Improper Authentication - Generic,2016-07-07
146845,HackerOne,Race Conditions in Popular reports feature.,hackerone.com/reports/146845,124,0.0,Memory Corruption - Generic,2016-08-03
146847,Uber,faspex.uber.com uses an invalid SSL certificate,hackerone.com/reports/146847,2,0.0,Cryptographic Issues - Generic,2016-07-07
146936,Internet Bug Bounty,CVE-2015-8874 Stack overflow with imagefilltoborder,hackerone.com/reports/146936,1,500.0,Uncontrolled Resource Consumption,2019-10-13
146939,VK.com,DOM XSS в /activation.php?act=activate_mobile,hackerone.com/reports/146939,5,0.0,Cross-site Scripting (XSS) - Generic,2016-09-22
146940,Internet Bug Bounty,pass2_no_dither out-of-bounds access,hackerone.com/reports/146940,5,500.0,Memory Corruption - Generic,2019-10-31
146944,Internet Bug Bounty,NULL Pointer Dereference at _gdScaleVert,hackerone.com/reports/146944,1,500.0,Uncontrolled Resource Consumption,2019-11-12
146948,Eternal,Clickjacking login page of http://book.zomato.com/,hackerone.com/reports/146948,4,0.0,UI Redressing (Clickjacking),2017-05-18
147125,Internet Bug Bounty,Integer Overflow in gdImagePaletteToTrueColor() resulting in heap overflow,hackerone.com/reports/147125,1,500.0,Memory Corruption - Generic,2019-11-12
147161,Informatica,[oneclickdrsfdc-test.informatica.com] Tomcat Example Scripts Exposed Unauthenticated,hackerone.com/reports/147161,14,0.0,Improper Authentication - Generic,2016-11-02
147182,FantasyTote,No email verification required when we change email from settings,hackerone.com/reports/147182,13,0.0,Uncontrolled Resource Consumption,2016-07-23
147188,FantasyTote,Stored number of clicks in the Deposits button,hackerone.com/reports/147188,6,0.0,Command Injection - Generic,2016-06-26
147196,Informatica,[careers.informatica.com] Reflected Cross Site Scripting to XSS Shell Possible,hackerone.com/reports/147196,49,0.0,Command Injection - Generic,2016-12-31
147203,FantasyTote,Insecure password change mechanism may lead to full account takeover,hackerone.com/reports/147203,18,0.0,Cryptographic Issues - Generic,2016-07-23
147204,FantasyTote,Bypass logout ,hackerone.com/reports/147204,3,0.0,Violation of Secure Design Principles,2016-06-25
147220,FantasyTote,Urgent Fix Balance Limit bypass ,hackerone.com/reports/147220,10,0.0,Command Injection - Generic,2016-06-25
147237,FantasyTote,Betting more than max amount,hackerone.com/reports/147237,7,0.0,,2016-07-26
147260,FantasyTote,Weak HSTS age,hackerone.com/reports/147260,3,0.0,Violation of Secure Design Principles,2016-07-14
147310,Internet Bug Bounty,ntpd: read_mru_list() does inadequate incoming packet checks,hackerone.com/reports/147310,7,0.0,Uncontrolled Resource Consumption,2017-07-12
147369,Slack,User can start call in a channel of an unpaid account,hackerone.com/reports/147369,10,100.0,Privilege Escalation,2016-09-15
147388,FantasyTote,Session doesn't expired after login,hackerone.com/reports/147388,5,0.0,,2016-07-23
147544,Slack,Generate new Test token,hackerone.com/reports/147544,5,100.0,Improper Authentication - Generic,2016-09-15
147570,Concrete CMS,Local File Inclusion path bypass,hackerone.com/reports/147570,13,0.0,Violation of Secure Design Principles,2016-08-19
147577,Coinbase,Application error message,hackerone.com/reports/147577,12,100.0,Information Disclosure,2016-11-28
147656,Moneybird,Logging out any user,hackerone.com/reports/147656,13,0.0,Violation of Secure Design Principles,2016-08-26
147776,Bumble,Change contents of the careers iframe in https://corp.badoo.com/jobs,hackerone.com/reports/147776,35,0.0,,2016-07-07
147919,Veris,Email spoofing in 	support@veris.in ,hackerone.com/reports/147919,9,0.0,Uncontrolled Resource Consumption,2016-07-05
148050,HackerOne,Know undisclosed Bounty Amount when Bounty Statistics are enabled.,hackerone.com/reports/148050,23,0.0,Information Disclosure,2016-09-02
148068,Slack,Source code leakage through GIT web access at host '52.91.137.42',hackerone.com/reports/148068,26,0.0,Improper Authentication - Generic,2016-08-15
148151,ownCloud,SMB User Authentication Bypass and Persistence,hackerone.com/reports/148151,11,0.0,Improper Authentication - Generic,2016-11-26
148163,Uber,Wordpress Vulnerabilities in transparencyreport.uber.com and eng.uber.com domains,hackerone.com/reports/148163,4,1000.0,Improper Authentication - Generic,2016-08-24
148300,Concrete CMS,Full Page Caching Stored XSS Vulnerability,hackerone.com/reports/148300,1,0.0,Cross-site Scripting (XSS) - Generic,2017-04-11
148417,Instacart,CSRF with redeem coupon request ,hackerone.com/reports/148417,2,0.0,Cross-Site Request Forgery (CSRF),2016-08-13
148467,VK.com,Паблики: Модератор паблика может удалять добавленные редакторами материалы с таймером на публикацию.,hackerone.com/reports/148467,2,100.0,Privilege Escalation,2016-12-04
148517,HackerOne,Possible CSRF during joining report as participant ,hackerone.com/reports/148517,18,0.0,Cross-Site Request Forgery (CSRF),2016-07-12
148537,Coinbase,No authorization required in Windows phone web-application,hackerone.com/reports/148537,5,0.0,Improper Authentication - Generic,2016-06-30
148538,Coinbase,No authorization required in iOS device web-application,hackerone.com/reports/148538,7,0.0,Improper Authentication - Generic,2016-06-30
148741,Paragon Initiative Enterprises,Stored Cross-Site-Scripting in CMS Airship's  authors profiles,hackerone.com/reports/148741,24,0.0,Cross-site Scripting (XSS) - Generic,2016-07-01
148751,Paragon Initiative Enterprises,Stored XSS in comments,hackerone.com/reports/148751,6,0.0,Cross-site Scripting (XSS) - Generic,2016-07-01
148763,Paragon Initiative Enterprises,Email spoofing in security@paragonie.com,hackerone.com/reports/148763,3,0.0,Memory Corruption - Generic,2016-07-01
148768,Paragon Initiative Enterprises,Nginx Version Disclosure On Forbidden Page,hackerone.com/reports/148768,2,0.0,Information Disclosure,2016-07-01
148770,Legal Robot,Subdomain takeover at api.legalrobot.com due to non-used domain in Modulus.io.,hackerone.com/reports/148770,33,0.0,Violation of Secure Design Principles,2016-08-26
148848,Slack,"""a stored xss issue in share post menu""",hackerone.com/reports/148848,8,500.0,Cross-site Scripting (XSS) - Generic,2017-06-25
148853,Paragon Initiative Enterprises,Stored XSS using  SVG ,hackerone.com/reports/148853,15,0.0,Cross-site Scripting (XSS) - Generic,2016-07-02
148865,Phabricator,HTML in Diffusion not escaped in certain circumstances,hackerone.com/reports/148865,12,0.0,Cross-site Scripting (XSS) - Generic,2016-08-01
148890,Paragon Initiative Enterprises,Full path disclosure when CSRF validation failed ,hackerone.com/reports/148890,2,0.0,Information Disclosure,2016-07-02
148897,Nextcloud,[Thirdparty] Stored XSS in chat module - nextcloud server 9.0.51 installed in ubuntu 14.0.4 LTS,hackerone.com/reports/148897,4,0.0,Cross-site Scripting (XSS) - Generic,2016-11-02
148903,Paragon Initiative Enterprises,Airship doesn't reject weak passwords,hackerone.com/reports/148903,2,0.0,Improper Authentication - Generic,2016-07-02
148911,Paragon Initiative Enterprises,User enumeration  via Password reset page [Minor],hackerone.com/reports/148911,5,0.0,Violation of Secure Design Principles,2016-07-02
148914,Paragon Initiative Enterprises,Session Management Issue CMS Airship,hackerone.com/reports/148914,2,0.0,Memory Corruption - Generic,2016-07-02
148952,Coinbase,Content Injection error page,hackerone.com/reports/148952,6,0.0,Violation of Secure Design Principles,2017-01-05
149011,Slack,a stored xss issue in https://files.slack.com,hackerone.com/reports/149011,9,500.0,Cross-site Scripting (XSS) - Generic,2017-06-25
149027,Paragon Initiative Enterprises,Issue with password reset functionality [Minor],hackerone.com/reports/149027,6,0.0,Violation of Secure Design Principles,2016-07-03
149028,Paragon Initiative Enterprises,[URGENT] Password reset emails are sent in clear-text (without encryption),hackerone.com/reports/149028,3,0.0,Cryptographic Issues - Generic,2016-07-03
149154,Algolia,Stored xss ,hackerone.com/reports/149154,41,100.0,Cross-site Scripting (XSS) - Generic,2016-08-03
149212,ExpressionEngine,Full path + some back-end code disclosure,hackerone.com/reports/149212,3,0.0,Information Disclosure,2016-08-07
149268,ExpressionEngine,Arbitrary file upload when setting an avatar,hackerone.com/reports/149268,6,0.0,Code Injection,2018-04-04
149273,ExpressionEngine,Filename and directory enumeration,hackerone.com/reports/149273,2,0.0,Information Disclosure,2016-08-08
149279,ExpressionEngine,"Arbitrary SQL query execution and reflected XSS in the ""SQL Query Form""",hackerone.com/reports/149279,4,0.0,Uncontrolled Resource Consumption,2016-08-18
149287,Ubiquiti Inc.,Reflected Xss in AirMax [Nanostation Loco M2],hackerone.com/reports/149287,8,0.0,Cross-site Scripting (XSS) - Generic,2016-12-12
149327,CodeIgniter,Web Server Disclosure,hackerone.com/reports/149327,1,0.0,Information Disclosure,2016-07-05
149369,Paragon Initiative Enterprises,ssl info shown ,hackerone.com/reports/149369,32,0.0,Cryptographic Issues - Generic,2016-07-05
149435,HackerOne,Reward Money Leakage,hackerone.com/reports/149435,10,0.0,Information Disclosure,2016-08-09
149442,Paragon Initiative Enterprises,Site support SNI But Browser can't,hackerone.com/reports/149442,17,0.0,Command Injection - Generic,2016-07-05
149483,Uber,Server version disclosure,hackerone.com/reports/149483,13,0.0,Information Disclosure,2016-07-07
149571,Whisper,Stored XSS in wis.pr,hackerone.com/reports/149571,7,100.0,Cross-site Scripting (XSS) - Generic,2016-10-16
149572,Legal Robot,"AWS S3 website can't serve security headers, may allow clickjacking",hackerone.com/reports/149572,11,0.0,UI Redressing (Clickjacking),2016-09-28
149589,WordPress,CSRF to add admin [wordpress],hackerone.com/reports/149589,15,0.0,Cross-Site Request Forgery (CSRF),2017-06-30
149598,GitLab,Insecure 2FA/authentication implementation creates a brute force vulnerability,hackerone.com/reports/149598,32,0.0,Violation of Secure Design Principles,2016-10-28
149673,Rockstar Games,Reflected XSS in reddeadredemption Site  located at www.rockstargames.com/reddeadredemption,hackerone.com/reports/149673,17,0.0,Cross-site Scripting (XSS) - Generic,2017-09-25
149679,Uber,"Subdomain takeover of translate.uber.com, de.uber.com and fr.uber.com",hackerone.com/reports/149679,21,0.0,Privilege Escalation,2016-07-25
149710,Gratipay,don't leak Server version for assets.gratipay.com,hackerone.com/reports/149710,12,0.0,Information Disclosure,2016-07-11
149798,Nextcloud,Content (Text) Injection at NextCloud Server 9.0.52 - via http://custom_nextcloud_url/remote.php/dav/files/ ,hackerone.com/reports/149798,8,0.0,Violation of Secure Design Principles,2016-12-02
149855,Imgur,Reflected XSS in m.imgur.com,hackerone.com/reports/149855,50,0.0,Cross-site Scripting (XSS) - Generic,2017-10-07
149907,Bime,Urgent: attacker can access every data source on Bime,hackerone.com/reports/149907,56,0.0,Information Disclosure,2016-07-27
149914,Bime,Attacker can access graphic representation of every query,hackerone.com/reports/149914,39,0.0,Information Disclosure,2016-07-27
150018,Paragon Initiative Enterprises,Full Path Disclosure by removing CSRF token,hackerone.com/reports/150018,2,0.0,Information Disclosure,2016-07-08
150078,Ian Dunn,SSL certificate public key less than 2048 bit,hackerone.com/reports/150078,4,0.0,Cryptographic Issues - Generic,2016-08-18
150079,Ian Dunn,Brute force on wp-login,hackerone.com/reports/150079,3,0.0,Violation of Secure Design Principles,2016-08-18
150083,IRCCloud,Cross Site Scripting(XSS) on IRCCloud Badges Page (using Parameter Pollution),hackerone.com/reports/150083,48,0.0,Cross-site Scripting (XSS) - Generic,2016-07-08
150156,Uber,SQL Injection on sctrack.email.uber.com.cn,hackerone.com/reports/150156,93,4000.0,SQL Injection,2016-07-25
150179,X / xAI,Html Injection and Possible XSS in sms-be-vip.twitter.com,hackerone.com/reports/150179,83,0.0,Cross-site Scripting (XSS) - Generic,2016-08-28
150374,Shopify,https://windsor.shopify.com/ takeover,hackerone.com/reports/150374,19,0.0,Open Redirect,2016-07-18
150375,Uber,newsroom.uber.com is vulnerable to 'SOME' XSS attack via plupload.flash.swf,hackerone.com/reports/150375,6,0.0,Code Injection,2016-08-22
150520,Informatica,XXE at Informatica sub-domain,hackerone.com/reports/150520,7,0.0,Command Injection - Generic,2018-04-30
150626,Internet Bug Bounty,Heap Buffer Overflow,hackerone.com/reports/150626,2,0.0,Memory Corruption - Generic,2019-11-12
150917,Gratipay,prevent null bytes in email field,hackerone.com/reports/150917,4,0.0,Violation of Secure Design Principles,2016-07-13
150976,Internet Bug Bounty,Flash “local-with-filesystem” Bypass in navigateToURL,hackerone.com/reports/150976,17,0.0,Privilege Escalation,2019-10-17
151039,Internet Bug Bounty,Adobe Flash Player TimedEvent.parent Memory Corruption Vulnerability,hackerone.com/reports/151039,1,5000.0,Memory Corruption - Generic,2019-11-12
151040,Internet Bug Bounty,Adobe Flash Player ShimAdPolicySelector(adPolicySelectorType=0) class Memory Corruption,hackerone.com/reports/151040,2,2000.0,Memory Corruption - Generic,2019-11-12
151043,Internet Bug Bounty,Adobe Flash Player PSDK Class Use After Free Vulnerability,hackerone.com/reports/151043,4,5000.0,Memory Corruption - Generic,2019-11-12
151058,Shopify,Stealing livechat token and using it to chat as the user - user information disclosure ,hackerone.com/reports/151058,71,0.0,Improper Authentication - Generic,2016-07-19
151117,Automattic,[bbPress] Stored XSS in any forum post.,hackerone.com/reports/151117,12,0.0,Cross-site Scripting (XSS) - Generic,2016-09-01
151165,Gratipay,This is a test report,hackerone.com/reports/151165,3,0.0,,2017-07-11
151231,Paragon Initiative Enterprises,Content-type sniffing leads to stored XSS in CMS Airship on Internet Explorer ,hackerone.com/reports/151231,15,0.0,Cross-site Scripting (XSS) - Generic,2016-07-14
151276,Rockstar Games,Reflected XSS in /Videos/ via calling a callback http://www.rockstargames.com/videos/#/?lb=,hackerone.com/reports/151276,27,0.0,Cross-site Scripting (XSS) - Generic,2017-09-25
151295,Gratipay,don't allow directory browsing on grtp.co,hackerone.com/reports/151295,4,0.0,Information Disclosure,2016-07-14
151302,Gratipay,don't leak Server version for assets.gratipay.com,hackerone.com/reports/151302,2,0.0,Information Disclosure,2017-08-21
151459,Slack,Creating Post on a restricted channel,hackerone.com/reports/151459,10,0.0,Privilege Escalation,2016-09-29
151465,Uber,Get organization info base on uuid,hackerone.com/reports/151465,26,3000.0,Improper Authentication - Generic,2016-09-02
151470,Uber,[IODR] Get business trip via organization id,hackerone.com/reports/151470,10,2000.0,Improper Authentication - Generic,2016-08-15
151475,ownCloud,ownCloud 2.2.2.6192 DLL Hijacking Vulnerability,hackerone.com/reports/151475,5,50.0,Code Injection,2016-08-31
151516,Ian Dunn,CSV Injection at Camptix Event Ticketing,hackerone.com/reports/151516,15,0.0,Command Injection - Generic,2016-08-18
151583,Ian Dunn,User enumeration in wp-admin,hackerone.com/reports/151583,2,0.0,Improper Authentication - Generic,2016-07-16
151634,GoCD,XSS in http://localhost:8153/go/admin/config/server/update,hackerone.com/reports/151634,5,0.0,Cross-site Scripting (XSS) - Generic,2018-11-30
151678,GoCD,Cross Site Scripting,hackerone.com/reports/151678,9,0.0,Cross-site Scripting (XSS) - Generic,2018-11-30
151680,GoCD,Possible SSRF at URL Parameter while creating a new package repository,hackerone.com/reports/151680,5,0.0,Information Disclosure,2018-11-30
151772,GoCD,Directory Listening,hackerone.com/reports/151772,7,0.0,Information Disclosure,2016-09-14
151779,GoCD,Reflected XSS,hackerone.com/reports/151779,3,0.0,Cross-site Scripting (XSS) - Generic,2018-11-30
151786,GoCD,X-Content-Type-Options header missing at Auth Login,hackerone.com/reports/151786,7,0.0,Violation of Secure Design Principles,2016-08-18
151827,Gratipay,The contribution save option seem to be vulnerable to CSRF,hackerone.com/reports/151827,3,0.0,Cross-Site Request Forgery (CSRF),2016-07-17
151831,Gratipay,User Supplied links on profile page is not validated and redirected via gratipay.,hackerone.com/reports/151831,12,0.0,Open Redirect,2016-07-24
151847,Nextcloud,The application uses basic authentication.,hackerone.com/reports/151847,3,0.0,Improper Authentication - Generic,2016-07-18
151868,Algolia,No Rate Limit In Inviting Similar Contact Multiple Times,hackerone.com/reports/151868,6,100.0,Cryptographic Issues - Generic,2016-09-07
152013,Rockstar Games,CSRF in 'set.php' via age causes stored XSS on 'get.php' - http://www.rockstargames.com/php/videoplayer_cache/get.php',hackerone.com/reports/152013,40,0.0,Cross-Site Request Forgery (CSRF),2017-03-10
152052,Concrete CMS,CSRF Full Account Takeover,hackerone.com/reports/152052,11,0.0,Cross-Site Request Forgery (CSRF),2016-08-12
152067,Uber,Stored XSS on developer.uber.com via admin account compromise,hackerone.com/reports/152067,37,5000.0,Cross-site Scripting (XSS) - Generic,2016-08-12
152080,Coursera,Broken authentication and session management flaw ,hackerone.com/reports/152080,15,0.0,Improper Authentication - Generic,2016-08-18
152231,Internet Bug Bounty,Out of bound read in exif_process_IFD_in_MAKERNOTE,hackerone.com/reports/152231,7,0.0,Memory Corruption - Generic,2016-08-30
152232,Internet Bug Bounty,NULL Pointer Dereference in exif_process_user_comment,hackerone.com/reports/152232,2,0.0,Memory Corruption - Generic,2016-08-30
152266,Internet Bug Bounty,Use After Free Vulnerability in SNMP with GC and unserialize(),hackerone.com/reports/152266,8,0.0,Memory Corruption - Generic,2019-10-13
152267,Internet Bug Bounty,Use After Free in unserialize() with Unexpected Session Deserialization,hackerone.com/reports/152267,4,0.0,Memory Corruption - Generic,2019-10-13
152278,Internet Bug Bounty,Stack-based buffer overflow vulnerability in php_stream_zip_opener,hackerone.com/reports/152278,1,0.0,Code Injection,2019-11-12
152280,Internet Bug Bounty,Stack-based buffer overflow vulnerability in virtual_file_ex,hackerone.com/reports/152280,2,0.0,Memory Corruption - Generic,2019-11-12
152281,Internet Bug Bounty,Use After Free/Double Free in Garbage Collection,hackerone.com/reports/152281,4,0.0,Memory Corruption - Generic,2019-10-13
152398,Internet Bug Bounty,In correct casting from size_t to int lead to heap overflow in mcrypt_generic,hackerone.com/reports/152398,81,1000.0,Code Injection,2019-11-12
152399,Internet Bug Bounty,php curl ext size_t overflow lead to heap corruption,hackerone.com/reports/152399,14,1000.0,Code Injection,2019-11-12
152400,Internet Bug Bounty,php mcrypt ext - In correct casting from size_t to int lead to heap overflow in mdecrypt_generic,hackerone.com/reports/152400,12,1000.0,Code Injection,2019-11-12
152416,Automattic,Lazy Load stored XSS,hackerone.com/reports/152416,12,0.0,Cross-site Scripting (XSS) - Generic,2017-12-01
152477,Gratipay,Username .. (double dot) should be restricted or handled carefully,hackerone.com/reports/152477,1,0.0,Violation of Secure Design Principles,2016-07-20
152499,Nextcloud,Information disclosure,hackerone.com/reports/152499,4,0.0,Information Disclosure,2017-04-20
152692,Automattic,Persistent Cross-Site Scripting in WooCommerce WordPress plugin,hackerone.com/reports/152692,6,0.0,Cross-site Scripting (XSS) - Generic,2017-11-16
152717,Urban Dictionary,Race Condition in Definition Votes,hackerone.com/reports/152717,15,0.0,,2017-10-29
152772,Internet Bug Bounty,Inadequate error handling in bzread(),hackerone.com/reports/152772,1,1500.0,Memory Corruption - Generic,2019-11-12
152782,Internet Bug Bounty,locale_accept_from_http out-of-bounds access,hackerone.com/reports/152782,1,500.0,Memory Corruption - Generic,2019-10-13
152784,Internet Bug Bounty,imagegif/output out-of-bounds access,hackerone.com/reports/152784,1,500.0,Memory Corruption - Generic,2019-10-13
152834,Gratipay,[gratipay.com] Cross Site Tracing,hackerone.com/reports/152834,2,0.0,Information Disclosure,2017-08-21
152925,Nextcloud,Content spoofing in cloud.nextcloud.com,hackerone.com/reports/152925,2,0.0,Violation of Secure Design Principles,2016-08-30
152958,Ian Dunn,Multiple XSS in Camptix Event Ticketing Plugin,hackerone.com/reports/152958,10,0.0,Cross-site Scripting (XSS) - Generic,2016-08-18
153026,Starbucks,Java Deserialization RCE via JBoss JMXInvokerServlet/EJBInvokerServlet on card.starbucks.in,hackerone.com/reports/153026,42,0.0,Code Injection,2017-02-03
153093,WordPress,WordPress core  - Denial of Service via Cross Site Request Forgery,hackerone.com/reports/153093,6,0.0,Uncontrolled Resource Consumption,2017-11-16
153095,Uber,Text Only Content Spoofing on ubermovement.com Community Page,hackerone.com/reports/153095,3,0.0,Violation of Secure Design Principles,2016-07-26
153175,Uber,Can add employee in business.uber.com without add payment method,hackerone.com/reports/153175,8,0.0,Improper Authentication - Generic,2016-07-26
153251,Nextcloud,[Nextcloud 9.0.53] Content Spoofing in 'trustDomain' parameter,hackerone.com/reports/153251,1,0.0,Violation of Secure Design Principles,2016-12-05
153580,Ian Dunn,CSRF in changing settings of Basic Google Maps Placemarks,hackerone.com/reports/153580,4,0.0,Cross-Site Request Forgery (CSRF),2016-07-25
153618,Rockstar Games,Reflected XSS via #tags= while using a callback in newswire  http://www.rockstargames.com/newswire,hackerone.com/reports/153618,26,0.0,Cross-site Scripting (XSS) - Generic,2017-03-16
153628,Ian Dunn,[Not just a server configuration issue] Full Path Disclosure ,hackerone.com/reports/153628,2,0.0,Information Disclosure,2016-08-24
153652,Shopify,Redirect url after login is not validated,hackerone.com/reports/153652,2,0.0,Open Redirect,2016-07-28
153666,X / xAI,csp bypass + xss,hackerone.com/reports/153666,51,0.0,Cross-site Scripting (XSS) - Generic,2017-07-05
153776,Internet Bug Bounty,gdImageTrueColorToPaletteBody allows arbitrary write/read access,hackerone.com/reports/153776,1,500.0,Memory Corruption - Generic,2019-10-31
153794,Ruby,Response splitting vulnerability in WEBrick,hackerone.com/reports/153794,4,0.0,Cross-site Scripting (XSS) - Generic,2018-04-29
153799,Nextcloud,xss for admin of https://newsletter.nextcloud.com,hackerone.com/reports/153799,3,0.0,Cross-site Scripting (XSS) - Generic,2017-02-17
153863,Internet Bug Bounty,heap-buffer-overflow (write) simplestring_addn simplestring.c,hackerone.com/reports/153863,2,0.0,Memory Corruption - Generic,2019-11-12
153905,Nextcloud,IDOR - Disable sharing,hackerone.com/reports/153905,8,0.0,Privilege Escalation,2016-12-03
154096,Uber,"Blind OOB XXE At ""http://ubermovement.com/""",hackerone.com/reports/154096,56,500.0,Command Injection - Generic,2016-08-08
154275,ownCloud,[doc.owncloud.org] CRLF Injection,hackerone.com/reports/154275,5,0.0,,2016-11-02
154306,ownCloud,[api.owncloud.org] CRLF Injection,hackerone.com/reports/154306,7,0.0,,2016-11-02
154319,ownCloud,"[forum.owncloud.org] IE, Edge XSS via Request-URI",hackerone.com/reports/154319,2,0.0,Cross-site Scripting (XSS) - Generic,2016-08-30
154369,Shopify,Unauthorized access to Zookeeper on http://locutus-zk3.ec2.shopify.com:2181,hackerone.com/reports/154369,20,1000.0,Improper Authentication - Generic,2016-08-08
154397,Moneybird,[Stored Cross-Site-Scripting] When search about Incoming ( Manual Jurnal ),hackerone.com/reports/154397,2,0.0,Cross-site Scripting (XSS) - Generic,2016-08-05
154405,Shopify,"Read access to hidden orders,products,customers etc. by limited access Staff member through reference page in Comments (Information disclosure )",hackerone.com/reports/154405,19,0.0,Improper Authentication - Generic,2018-12-06
154410,Shopify,Delete/modify  your own comment after limited access(IDOR),hackerone.com/reports/154410,9,0.0,Privilege Escalation,2016-08-09
154425,Snapchat,Subdomain takeover on http://fastly.sc-cdn.net/,hackerone.com/reports/154425,114,3000.0,Violation of Secure Design Principles,2016-08-22
154529,Nextcloud,Bookmarks: Delete all existing bookmarks of a user,hackerone.com/reports/154529,4,0.0,Privilege Escalation,2016-08-08
154762,Uber,Missing authorization checks leading to the exposure of ubernihao.com administrator accounts ,hackerone.com/reports/154762,15,0.0,Information Disclosure,2016-08-15
154827,Nextcloud,More content spoofing through dir param in the files app,hackerone.com/reports/154827,5,50.0,Violation of Secure Design Principles,2016-11-04
154921,Gratipay,Content Spoofing/Text Injection ,hackerone.com/reports/154921,5,1.0,Violation of Secure Design Principles,2016-08-07
154963,X / xAI,Stealing User emails by clickjacking cards.twitter.com/xxx/xxx,hackerone.com/reports/154963,49,0.0,UI Redressing (Clickjacking),2017-02-03
155189,Nextcloud,demo.nextcloud.com: Content spoofing due to default Apache Error Page,hackerone.com/reports/155189,3,0.0,Violation of Secure Design Principles,2016-09-29
155222,Shopify,(BYPASS) Open Redirect after login at http://ecommerce.shopify.com,hackerone.com/reports/155222,12,0.0,Open Redirect,2016-09-01
155223,Internet Bug Bounty,Use After Free Vulnerability in array_walk()/array_walk_recursive(),hackerone.com/reports/155223,5,0.0,Memory Corruption - Generic,2019-10-13
155228,Eternal,Outdated MediaElement.js Reflected Cross-Site Scripting (XSS),hackerone.com/reports/155228,6,0.0,Cross-site Scripting (XSS) - Generic,2018-04-02
155576,Algolia,[github.algolia.com] XSS,hackerone.com/reports/155576,4,0.0,Cross-site Scripting (XSS) - Generic,2016-09-01
155578,Uber,User Enumeration and Information Disclosure,hackerone.com/reports/155578,2,0.0,Information Disclosure,2016-08-12
155618,Vimeo,Watch any Password Video without password,hackerone.com/reports/155618,44,0.0,Information Disclosure,2017-10-18
155657,ownCloud,Arbitrary Code Injection in ownCloud’s Windows Client,hackerone.com/reports/155657,16,0.0,Command Injection - Generic,2016-11-23
155685,Uber,Content injection on 404 error page at faspex.uber.com,hackerone.com/reports/155685,5,0.0,Violation of Secure Design Principles,2016-08-12
155690,Nextcloud,Arbitrary File Upload in Logo & Log in image Theming setting.,hackerone.com/reports/155690,2,0.0,Cross-site Scripting (XSS) - Generic,2016-10-05
155704,Shopify,Staff member can delete Private Apps,hackerone.com/reports/155704,7,0.0,Privilege Escalation,2016-08-09
155726,Coinbase,Create Multiple Account Using Similar X-CSRF token,hackerone.com/reports/155726,5,0.0,Violation of Secure Design Principles,2016-08-09
155774,Slack,CSRF - Add optional two factor mobile number,hackerone.com/reports/155774,7,500.0,Cross-Site Request Forgery (CSRF),2016-08-17
156098,Uber,"XSS At ""pages.et.uber.com""",hackerone.com/reports/156098,264,0.0,Cross-site Scripting (XSS) - Generic,2016-08-19
156166,Informatica,[kb.informatica.com] Dom Based xss,hackerone.com/reports/156166,23,0.0,Cross-site Scripting (XSS) - Generic,2019-08-17
156182,Eternal,Visibility  Robots.txt file,hackerone.com/reports/156182,10,0.0,Information Disclosure,2017-05-18
156196,Phabricator,Error page Text Injection.,hackerone.com/reports/156196,4,0.0,Violation of Secure Design Principles,2016-08-25
156347,Algolia,Stored XSS triggered by json key during UI generation,hackerone.com/reports/156347,7,0.0,Cross-site Scripting (XSS) - Generic,2016-09-07
156373,Algolia,Stored xss,hackerone.com/reports/156373,12,0.0,Cross-site Scripting (XSS) - Generic,2016-09-07
156387,Algolia,Stored XSS from Display Settings triggered on Save and viewing realtime search demo,hackerone.com/reports/156387,4,0.0,Cross-site Scripting (XSS) - Generic,2016-09-07
156425,Nextcloud,demo.nextcloud.com: Content spoofing due to default Apache Error Page,hackerone.com/reports/156425,1,0.0,Violation of Secure Design Principles,2016-08-30
156510,Nextcloud,Directory listening enabled in: 88.198.160.130,hackerone.com/reports/156510,6,0.0,Information Disclosure,2016-09-04
156511,Internet Bug Bounty,Incorrect logic in MySQL & MariaDB protocol leads to remote SSRF/Remote file read,hackerone.com/reports/156511,4,0.0,Information Disclosure,2019-11-12
156520,Algolia,"Unauthorized team members can leak information and see all API calls through /1/admin/* endpoints, even after they have been removed.",hackerone.com/reports/156520,19,400.0,Improper Authentication - Generic,2016-11-27
156536,Uber,Reading Emails in Uber Subdomains,hackerone.com/reports/156536,141,0.0,Improper Authentication - Generic,2016-09-14
156537,Ubiquiti Inc.,IDOR Causing Deletion of any account,hackerone.com/reports/156537,30,0.0,,2016-11-29
156542,Gratipay,"Avoid ""resend verification email"" confusion",hackerone.com/reports/156542,7,1.0,Cross-Site Request Forgery (CSRF),2017-03-20
156615,Ruby,Attacker can smuggle a malicious domain in a URI object.,hackerone.com/reports/156615,8,0.0,Open Redirect,2022-12-13
156941,Veris,bug,hackerone.com/reports/156941,10,0.0,Improper Authentication - Generic,2016-10-10
156948,HackerOne,Repeated mediation requests and multiple emails possible on a report.,hackerone.com/reports/156948,44,500.0,,2019-04-11
157412,SecNews,Querying private posts and changing post meta,hackerone.com/reports/157412,2,0.0,Privilege Escalation,2016-08-09
157434,Nextcloud,XSS on IOS app via HTML rendering,hackerone.com/reports/157434,7,0.0,Cross-site Scripting (XSS) - Stored,2017-04-20
157465,Gratipay,Host Header Injection/Redirection Attack,hackerone.com/reports/157465,9,0.0,Command Injection - Generic,2016-08-07
157507,Gratipay,nginx version disclosure on downloads.gratipay.com,hackerone.com/reports/157507,4,0.0,Information Disclosure,2017-05-18
157563,Gratipay,Cookie:HttpOnly Flag not set,hackerone.com/reports/157563,1,0.0,Violation of Secure Design Principles,2016-08-08
157699,HackerOne,Disclosure of external users invited to a specific report,hackerone.com/reports/157699,9,0.0,Information Disclosure,2016-09-01
157750,HackerOne,"Missing rate limit on critical user actions e.g. reset password, change email, disable account.",hackerone.com/reports/157750,14,0.0,Privilege Escalation,2019-04-11
157876,Shopify,(FULL PATH DISCLOSURE) Unknown MySQL server host 'shardm-reader.chi2.shopify.io'  ,hackerone.com/reports/157876,8,0.0,Improper Authentication - Generic,2016-09-01
157956,Instacart,CSRF To change Email Notification Settings ,hackerone.com/reports/157956,8,0.0,Cross-Site Request Forgery (CSRF),2016-09-15
157958,Instacart,Stored XSS,hackerone.com/reports/157958,17,0.0,Cross-site Scripting (XSS) - Generic,2016-09-09
157986,Veris,Internal server error 500 at log.veris.in ,hackerone.com/reports/157986,4,0.0,Information Disclosure,2016-08-13
157993,Instacart,Cross-Site Request Forgery (CSRF),hackerone.com/reports/157993,33,0.0,Cross-Site Request Forgery (CSRF),2016-10-13
157996,Instacart,Race Condition in Redeeming Coupons,hackerone.com/reports/157996,43,0.0,Violation of Secure Design Principles,2016-09-12
158002,Instacart,Missing rel=noreferrer tag allows link in list to change url of currently open tab,hackerone.com/reports/158002,4,0.0,Violation of Secure Design Principles,2016-09-12
158016,Instacart,Server side request forgery on image upload for lists,hackerone.com/reports/158016,21,50.0,Code Injection,2016-10-12
158019,Instacart,Host Header Injection/Redirection in: https://www.instacart.com/,hackerone.com/reports/158019,17,0.0,Open Redirect,2016-09-11
158021,Instacart,Image Upload Path Disclosure,hackerone.com/reports/158021,5,100.0,Information Disclosure,2016-09-12
158118,Shopify,Access to Splunk at https://apt.ec2.shopify.com:8089,hackerone.com/reports/158118,14,500.0,,2016-09-01
158148,X / xAI,reverb.twitter.com redirects to vulnerable reverb.guru,hackerone.com/reports/158148,50,0.0,,2016-10-01
158157,Instacart,shopper login_code's can be brute forced,hackerone.com/reports/158157,9,0.0,Improper Authentication - Generic,2016-09-17
158186,HackerOne,Non-secure requests are not automatically upgraded to HTTPS,hackerone.com/reports/158186,30,0.0,,2016-08-19
158270,Certly,Business logic Failure - Browser cache management and logout vulnerability in Certly,hackerone.com/reports/158270,10,0.0,Improper Authentication - Generic,2016-08-29
158287,Ubiquiti Inc.,XSS on Nanostation Loco M2 Airmax,hackerone.com/reports/158287,8,0.0,Cross-site Scripting (XSS) - Generic,2017-10-02
158330,GitLab,"Ability to access all user authentication tokens, leads to RCE",hackerone.com/reports/158330,61,0.0,Privilege Escalation,2016-11-03
158393,Uber,Attacker could setup reminder remotely using brute force,hackerone.com/reports/158393,36,0.0,Cross-Site Request Forgery (CSRF),2016-09-19
158434,Shopify,(BYPASS) Open redirect and XSS in supporthiring.shopify.com,hackerone.com/reports/158434,37,0.0,Cross-Site Request Forgery (CSRF),2016-11-21
158461,Mapbox,Blind XSS in mapbox.com/contact,hackerone.com/reports/158461,17,750.0,Cross-site Scripting (XSS) - Generic,2017-08-15
158482,Gratipay,Host Header poisoning on gratipay.com,hackerone.com/reports/158482,2,0.0,Violation of Secure Design Principles,2017-08-21
158484,Ubiquiti Inc.,[scores.ubnt.com] DOM based XSS at form.html,hackerone.com/reports/158484,11,0.0,Cross-site Scripting (XSS) - Generic,2017-02-24
158505,Instacart,Reflected File Download on recipe list search,hackerone.com/reports/158505,7,0.0,Command Injection - Generic,2016-10-18
158541,Moneybird,Webhook allows sending payload using insecure HTTP protocol,hackerone.com/reports/158541,6,0.0,Cryptographic Issues - Generic,2017-06-28
158554,Instacart,Hyperlink Injection in Friend Invitation Emails,hackerone.com/reports/158554,14,100.0,Open Redirect,2016-09-12
158749,Informatica,[alpha.informatica.com] Expensive DOMXSS,hackerone.com/reports/158749,10,0.0,Cross-site Scripting (XSS) - Generic,2017-07-08
158757,Deriv.com,Cross site scripting ,hackerone.com/reports/158757,4,75.0,Cross-site Scripting (XSS) - Generic,2016-09-02
159156,HackerOne,Hacker.One Subdomain Takeover,hackerone.com/reports/159156,154,0.0,Violation of Secure Design Principles,2016-09-20
159213,Khan Academy,The web app's forgot password page is vulnerable to text injection/content spoofing,hackerone.com/reports/159213,6,0.0,Command Injection - Generic,2017-03-01
159460,Slack, Stored XSS(Cross Site Scripting) In Slack App Name,hackerone.com/reports/159460,29,1000.0,Cross-site Scripting (XSS) - Generic,2016-11-22
159497,bitaccess,"Missing Rate limiting for sensitive actions (like ""forgot password"") and reCaptcha error.  ",hackerone.com/reports/159497,4,0.0,Violation of Secure Design Principles,2016-11-21
159512,HackerOne,Requesting Mediation possible on reports that are too old for mediation,hackerone.com/reports/159512,13,0.0,Privilege Escalation,2016-08-17
159522,Shopify,Open redirect using checkout_url,hackerone.com/reports/159522,17,0.0,Open Redirect,2016-09-01
159526,HackerOne,Information leakage of private program,hackerone.com/reports/159526,35,500.0,Information Disclosure,2016-08-18
159536,Shopify,Open CouchDB on experiments.ec2.shopify.com:5984,hackerone.com/reports/159536,17,0.0,,2016-09-01
159686,Internet Bug Bounty,integer overflow in the _csv module's join_append_data function,hackerone.com/reports/159686,0,0.0,,2019-11-12
159687,Internet Bug Bounty,integer overflow in binascii.b2a_qp,hackerone.com/reports/159687,1,0.0,,2019-11-12
159690,Internet Bug Bounty,stack buffer overflows in the curses module,hackerone.com/reports/159690,2,0.0,Memory Corruption - Generic,2019-11-12
159693,Internet Bug Bounty,Py_DECREF on a non-owned object in the _sre module,hackerone.com/reports/159693,1,0.0,,2019-11-12
159696,Internet Bug Bounty,Two vulnerabilities in the ssl module,hackerone.com/reports/159696,1,0.0,,2019-11-12
159820,Instacart,Issues with uploading list images,hackerone.com/reports/159820,11,0.0,Uncontrolled Resource Consumption,2016-09-26
159878,Snapchat,[render.bitstrips.com] Stored XSS via an incorrect avatar property value,hackerone.com/reports/159878,21,400.0,Cross-site Scripting (XSS) - Generic,2017-01-04
159890,HackerOne,Ability to monitor reports' submission in real time,hackerone.com/reports/159890,16,0.0,Privilege Escalation,2016-08-17
159925,Ian Dunn,Send emails to all users using Camptix,hackerone.com/reports/159925,3,0.0,Cross-Site Request Forgery (CSRF),2016-09-27
159943,Internet Bug Bounty,Create an Unexpected Object and Don't Invoke __wakeup() in During Deserialization,hackerone.com/reports/159943,4,0.0,,2019-10-13
159946,Internet Bug Bounty,PHP Session Data Injection Vulnerability,hackerone.com/reports/159946,16,0.0,,2019-10-13
159948,Internet Bug Bounty,Use After Free Vulnerability in unserialize(),hackerone.com/reports/159948,4,0.0,Memory Corruption - Generic,2019-10-13
159953,Internet Bug Bounty,integer overflow in curl_escape caused heap corruption,hackerone.com/reports/159953,5,500.0,Memory Corruption - Generic,2019-11-12
159954,Internet Bug Bounty,integer overflow in base64_decode caused heap corruption,hackerone.com/reports/159954,4,500.0,Memory Corruption - Generic,2019-11-12
159955,Internet Bug Bounty,integer overflow in bzdecompress caused heap corruption,hackerone.com/reports/159955,5,500.0,Memory Corruption - Generic,2019-11-12
159958,Internet Bug Bounty,Integer overflow lead to heap corruption in sql_regcase,hackerone.com/reports/159958,5,500.0,Code Injection,2019-11-12
159959,Internet Bug Bounty,integer overflow in quoted_printable_encode caused heap corruption,hackerone.com/reports/159959,4,500.0,Code Injection,2019-11-12
159960,Internet Bug Bounty,integer overflow in urlencode caused heap corruption,hackerone.com/reports/159960,4,500.0,Code Injection,2019-11-12
159961,Internet Bug Bounty,integer overflow in php_uuencode caused heap corruption,hackerone.com/reports/159961,5,500.0,Code Injection,2019-11-12
159984,GitLab,XSS On meta tags in profile page,hackerone.com/reports/159984,11,0.0,Cross-site Scripting (XSS) - Generic,2016-08-21
159988,Internet Bug Bounty,Heap Overflow due to integer overflows,hackerone.com/reports/159988,1,0.0,Memory Corruption - Generic,2019-11-12
159992,Internet Bug Bounty,memory allocator fails to realloc small block to large one,hackerone.com/reports/159992,4,0.0,Memory Corruption - Generic,2019-10-14
160047,Shopify,[apps.shopify.com] Open Redirect,hackerone.com/reports/160047,13,500.0,Open Redirect,2016-09-26
160109,Instacart,Brute force login and bypass locked account restrictions via iOS app,hackerone.com/reports/160109,11,0.0,Violation of Secure Design Principles,2016-09-19
160120,Instacart,API OAuth Public Key disclosure in mobile app,hackerone.com/reports/160120,5,0.0,Information Disclosure,2016-09-15
160294,Internet Bug Bounty,Memory Leakage In exif_process_IFD_in_TIFF (CVE-2016-7128),hackerone.com/reports/160294,4,0.0,Memory Corruption - Generic,2019-11-12
160295,Internet Bug Bounty,Heap overflow in curl_escape,hackerone.com/reports/160295,2,0.0,Memory Corruption - Generic,2019-11-12
160488,Ian Dunn,stored SELF xss on Basic Google Maps Placemarks Settings plugin,hackerone.com/reports/160488,4,0.0,Cross-site Scripting (XSS) - Generic,2016-09-27
160498,Coinbase,window.opener is leaking to external domains upon redirect on Safari,hackerone.com/reports/160498,5,0.0,Violation of Secure Design Principles,2016-08-22
160500,Ian Dunn,Bypassing CSV injection using new line charcter,hackerone.com/reports/160500,5,0.0,Command Injection - Generic,2016-10-13
160520,Ian Dunn,Bypass fix in https://hackerone.com/reports/151516 report.,hackerone.com/reports/160520,4,100.0,Command Injection - Generic,2016-10-12
161189,Internet Bug Bounty,select_colors write out-of-bounds,hackerone.com/reports/161189,23,1000.0,Memory Corruption - Generic,2019-10-31
161193,Internet Bug Bounty,imagegammacorrect allows arbitrary write access,hackerone.com/reports/161193,2,1000.0,Memory Corruption - Generic,2019-10-13
161198,Internet Bug Bounty,wddx_deserialize null dereference with invalid xml,hackerone.com/reports/161198,2,500.0,Memory Corruption - Generic,2019-10-13
161200,Internet Bug Bounty,wddx_deserialize allows illegal memory access,hackerone.com/reports/161200,2,500.0,Memory Corruption - Generic,2019-10-31
161216,Internet Bug Bounty,wddx_deserialize null dereference,hackerone.com/reports/161216,1,500.0,Memory Corruption - Generic,2019-10-31
161217,Internet Bug Bounty,wddx_deserialize null dereference in php_wddx_pop_element,hackerone.com/reports/161217,2,500.0,Memory Corruption - Generic,2019-10-13
161290,Ian Dunn,bypass to csv injection,hackerone.com/reports/161290,1,0.0,Command Injection - Generic,2016-09-27
161299,Nextcloud,Content Injection - apps.nextcloud.com,hackerone.com/reports/161299,2,0.0,Violation of Secure Design Principles,2016-08-26
161301,Instacart,READ .svg files by changing .svg into .png extension,hackerone.com/reports/161301,7,0.0,Violation of Secure Design Principles,2017-03-29
161323,Nextcloud,Content Injection - demo.nextcloud.com,hackerone.com/reports/161323,1,0.0,Violation of Secure Design Principles,2016-08-26
161428,Bime,Subdomain takeover at ws.bimedb.com due to unclaimed Amazon S3 bucket,hackerone.com/reports/161428,6,0.0,,2016-10-05
161459,Ian Dunn,Potentially vulnerable version of Apache software in and default files on https://iandunn.name/,hackerone.com/reports/161459,4,0.0,Information Disclosure,2016-09-27
161529,Uber,Site-wide CSRF on eats.uber.com,hackerone.com/reports/161529,30,0.0,Cross-Site Request Forgery (CSRF),2018-12-19
161621,Gratipay,XSS Via Method injection,hackerone.com/reports/161621,3,0.0,Cross-site Scripting (XSS) - Generic,2016-09-01
161659,Airbnb,████ discloses valid Airbnb SSO login names via Google Search Results,hackerone.com/reports/161659,21,0.0,Information Disclosure,2016-10-09
161918,Gratipay,Reset Link Issue,hackerone.com/reports/161918,4,0.0,Improper Authentication - Generic,2016-08-30
161924,Nextcloud,Password Reset Link issue,hackerone.com/reports/161924,9,0.0,Improper Authentication - Generic,2016-09-23
161932,Certly,Non secure requests at guard.certly.io not upgrading to https,hackerone.com/reports/161932,3,0.0,,2016-10-05
161935,Gratipay,Usernames ending in .json are not restricted,hackerone.com/reports/161935,0,0.0,Violation of Secure Design Principles,2017-07-10
161947,HackerOne,Lack of length validation on user address attribute,hackerone.com/reports/161947,18,0.0,Uncontrolled Resource Consumption,2019-04-11
161991,Shopify,Open Redirect possible in https://www.shopify.com/admin/,hackerone.com/reports/161991,6,0.0,Open Redirect,2016-08-31
162120,Gratipay,Cross Site Scripting In Profile Statement ,hackerone.com/reports/162120,5,0.0,Cross-site Scripting (XSS) - Generic,2016-08-23
162147,GitLab,Boards leak private label names and desciptions,hackerone.com/reports/162147,10,0.0,Information Disclosure,2016-09-02
162199,Uber,Lack of payment type validation in dial.uber.com allows for free rides,hackerone.com/reports/162199,68,0.0,Business Logic Errors,2018-11-20
162336,Gratipay,x-xss protection header is not set in response header,hackerone.com/reports/162336,0,0.0,Violation of Secure Design Principles,2017-07-10
162809,Uber,Changing paymentProfileUuid when booking a trip allows free rides,hackerone.com/reports/162809,73,0.0,Cross-Site Request Forgery (CSRF),2016-09-15
162822,Instacart,Fetch private list metadata and any user's personal name,hackerone.com/reports/162822,6,150.0,Information Disclosure,2016-09-12
162955,Slack,Code Injection in Slack's Windows Desktop Client leads to Privilege Escalation,hackerone.com/reports/162955,14,0.0,Command Injection - Generic,2017-07-14
163067,Uber,Stealing users password (Limited Scenario),hackerone.com/reports/163067,35,0.0,Violation of Secure Design Principles,2016-09-29
163087,Internet Bug Bounty,use of uninitialized variables in operator.methodcaller,hackerone.com/reports/163087,1,0.0,,2019-11-12
163106,Nextcloud,Information Disclosure of .htaccess file in Private Server/Subdomain,hackerone.com/reports/163106,5,0.0,Information Disclosure,2016-08-26
163124,Skyliner,[skyliner.io / qa.skyliner.io] Open Redirect,hackerone.com/reports/163124,5,0.0,Open Redirect,2016-09-29
163131,HackerOne,Users contents on AWS  is cacheable ,hackerone.com/reports/163131,16,0.0,Information Disclosure,2016-09-06
163156,Paragon Initiative Enterprises,Email Spoofing With Your Website's Email,hackerone.com/reports/163156,4,0.0,Improper Authentication - Generic,2016-08-24
163272,Khan Academy,OPEN URL REDIRECT through PNG files,hackerone.com/reports/163272,18,0.0,Cross-site Scripting (XSS) - Generic,2017-02-17
163307,Instacart,WordPress Authentication Denial of Service,hackerone.com/reports/163307,8,100.0,Uncontrolled Resource Consumption,2017-05-26
163338,Nextcloud,\OCA\DAV\CardDAV\ImageExportPlugin allows serving arbitrary data with user-defined or empty mimetype,hackerone.com/reports/163338,9,0.0,Cross-site Scripting (XSS) - Generic,2016-12-03
163342,Nextcloud,Expired SSL certificate ,hackerone.com/reports/163342,7,0.0,Violation of Secure Design Principles,2016-08-25
163381,HackerOne,Session  hijacking attack,hackerone.com/reports/163381,20,0.0,,2019-12-06
163421,Nextcloud,Wordpress: Directory Traversal / Denial of Serivce,hackerone.com/reports/163421,7,0.0,Information Disclosure,2016-08-26
163459,Tor,potential memory corruption in or/buffers.c (particularly on 32 bit),hackerone.com/reports/163459,6,0.0,Memory Corruption - Generic,2017-10-19
163464,Legal Robot,User Information sent to client through websockets,hackerone.com/reports/163464,9,0.0,Information Disclosure,2016-09-12
163467,Legal Robot,User Information leak allows user to bypass email verification.,hackerone.com/reports/163467,9,0.0,Violation of Secure Design Principles,2016-09-12
163475,Legal Robot,Email spoofing possible via Legal Robot domain,hackerone.com/reports/163475,1,0.0,Violation of Secure Design Principles,2017-01-21
163476,Legal Robot,Information Disclosure in AWS S3 Bucket,hackerone.com/reports/163476,10,0.0,Information Disclosure,2016-08-26
163491,Legal Robot,CORS (Cross-Origin Resource Sharing),hackerone.com/reports/163491,9,0.0,Improper Authentication - Generic,2016-10-05
163501,Legal Robot,Email spoofing-fake mail from your mail domain server ,hackerone.com/reports/163501,6,0.0,Improper Authentication - Generic,2016-08-27
163526,Skyliner,Email Spoofing,hackerone.com/reports/163526,3,0.0,Privilege Escalation,2016-11-15
163599,Legal Robot,Amazon Bucket Accessible (http://legalrobot.s3.amazonaws.com/),hackerone.com/reports/163599,4,0.0,Information Disclosure,2016-08-26
163646,Legal Robot,Clickjacking: X-Frame-Options header missing,hackerone.com/reports/163646,4,0.0,UI Redressing (Clickjacking),2016-08-29
163676,Legal Robot, Legal | Application is Missing CSP(Content Security Policy) Header ,hackerone.com/reports/163676,2,0.0,Violation of Secure Design Principles,2016-08-31
163677,Legal Robot,2 vulns ,hackerone.com/reports/163677,6,0.0,,2016-08-27
163730,Legal Robot,News Feed Detected ,hackerone.com/reports/163730,12,0.0,Information Disclosure,2017-08-27
163753,Legal Robot,UI Redressing ( ClickJacking ) Issue on Information submit form ,hackerone.com/reports/163753,7,0.0,UI Redressing (Clickjacking),2016-08-29
163790,Instacart,[Critical] Subdomain Takeover,hackerone.com/reports/163790,13,0.0,Privilege Escalation,2016-09-20
163812,Gratipay,Insecure Transportation Security Protocol Supported (TLS 1.0),hackerone.com/reports/163812,1,0.0,Violation of Secure Design Principles,2017-07-10
163815,Gratipay,Lack of CSRF token validation at server side,hackerone.com/reports/163815,1,0.0,Cross-Site Request Forgery (CSRF),2017-07-10
163820,Khan Academy,Sensitive information/action is stored/done is done using a GET request,hackerone.com/reports/163820,19,0.0,Cross-Site Request Forgery (CSRF),2019-06-23
163823,Nextcloud,Slow Http attack on nextcloud(DOS),hackerone.com/reports/163823,1,0.0,Uncontrolled Resource Consumption,2016-10-05
163834,VK.com,Обход 2ух-шаговой авторизации / 2FA Bypass,hackerone.com/reports/163834,21,1000.0,Improper Authentication - Generic,2017-04-12
163885,Legal Robot,unsecured legalrobot.co.uk assets,hackerone.com/reports/163885,3,0.0,Violation of Secure Design Principles,2016-10-05
163888,Legal Robot,Click Jacking,hackerone.com/reports/163888,5,0.0,UI Redressing (Clickjacking),2016-08-29
163904,Gratipay,Username can be used to trick the victim on the name of www.gratipay.com,hackerone.com/reports/163904,5,0.0,Violation of Secure Design Principles,2016-12-30
163938,Slack,Snooping into messages via email service,hackerone.com/reports/163938,30,0.0,Improper Authentication - Generic,2016-09-14
163949,Gratipay,Username Restriction is not applied for reserved folders,hackerone.com/reports/163949,4,0.0,Violation of Secure Design Principles,2016-12-30
164027,Nextcloud,Reflected Self-XSS Vulnerability in the Comment section of Files Information,hackerone.com/reports/164027,3,100.0,Cross-site Scripting (XSS) - Generic,2016-08-30
164137,Legal Robot,Possible content spoofing due to missing error page,hackerone.com/reports/164137,2,0.0,Violation of Secure Design Principles,2016-09-06
164224,Unikrn,Urgent: Server side template injection via Smarty template allows for RCE,hackerone.com/reports/164224,122,0.0,Code Injection,2017-08-17
164239,Udemy,NON VALIDATION OF SESSIONS AFTER PASSWORD CHANGE,hackerone.com/reports/164239,6,0.0,Improper Authentication - Generic,2016-09-16
164419,Legal Robot,Non-secure requests are not automatically upgraded to HTTPS,hackerone.com/reports/164419,0,0.0,,2017-12-19
164483,Phabricator,link reset problem,hackerone.com/reports/164483,3,0.0,,2016-08-30
164520,Nextcloud,Reflected Self-XSS Vulnerability in the Comment section of Files (Different-payloads),hackerone.com/reports/164520,2,0.0,Cross-site Scripting (XSS) - Generic,2016-08-31
164648,Legal Robot,Missing access control at password change,hackerone.com/reports/164648,7,0.0,Improper Authentication - Generic,2017-09-11
164649,X / xAI,[Studio.twitter.com] See someone else pics ,hackerone.com/reports/164649,84,0.0,Improper Authentication - Generic,2017-06-22
164674,Ian Dunn,CSV Injection in Camptix,hackerone.com/reports/164674,4,0.0,Command Injection - Generic,2016-10-12
164687,Legal Robot,Validation bypass on user profile,hackerone.com/reports/164687,7,0.0,Violation of Secure Design Principles,2017-01-20
164833,Algolia,Hyperlink Injection in Friend Invitation Emails,hackerone.com/reports/164833,20,100.0,Open Redirect,2016-10-07
164922,Gratipay,XSS found In Your Web,hackerone.com/reports/164922,1,0.0,Cross-site Scripting (XSS) - Generic,2017-10-01
165046,Shopify,Open redirect allows changing iframe content in *.myshopify.com/admin/themes/<id>/editor,hackerone.com/reports/165046,19,0.0,Open Redirect,2016-09-22
165048,Shopify,Access to Splunk via shard3-db2.ec2.shopify.com endpoint,hackerone.com/reports/165048,12,0.0,Improper Authentication - Generic,2016-09-19
165102,Internet Bug Bounty,urllib HTTP header injection CVE-2016-5699,hackerone.com/reports/165102,14,0.0,,2016-09-01
165131,Instacart,Seemingly sensitive information at /api/v2/zones,hackerone.com/reports/165131,5,50.0,Information Disclosure,2016-11-16
165136,Mapbox,"target=""_blank"" Vulnerability Resulting in Critical Phishing Vector",hackerone.com/reports/165136,5,0.0,Open Redirect,2016-09-07
165154,Internet Bug Bounty,Additional information for CVE-2016-5699,hackerone.com/reports/165154,1,0.0,,2019-11-12
165229,Nextcloud,Nextcloud 10.0 privilege escalation issue - Normal user can mask external storage shared by admin    ,hackerone.com/reports/165229,14,0.0,Privilege Escalation,2020-03-01
165309,Shopify,Subdomain Takeover in http://genghis-cdn.shopify.io/ pointing to Fastly ,hackerone.com/reports/165309,23,0.0,,2016-09-06
165353,Nextcloud,**minor issue ** -Nextcloud 10.0 session issue with desktop client and android client,hackerone.com/reports/165353,3,0.0,Violation of Secure Design Principles,2020-03-01
165542,Legal Robot,clickjacking at http://mailboxes.legalrobot-uat.com/,hackerone.com/reports/165542,1,0.0,UI Redressing (Clickjacking),2017-09-01
165561,Uber,Physical Access to Mobile App Allows Local Attribute Updates without Authentication,hackerone.com/reports/165561,12,0.0,Improper Authentication - Generic,2018-12-19
165570,Slack,Race Condition in account survey,hackerone.com/reports/165570,29,0.0,Violation of Secure Design Principles,2017-11-12
165686,Nextcloud,Reflected XSS in Gallery App,hackerone.com/reports/165686,7,0.0,Cross-site Scripting (XSS) - Generic,2016-12-03
165727,Slack,Rate-limit bypass,hackerone.com/reports/165727,26,500.0,Improper Authentication - Generic,2016-11-28
165969,Internet Bug Bounty,"The “Malstaller” Attack, global hijacking of any installation process to achieve RCE with elevated privileges, Windows OS (vendor agnostic) ",hackerone.com/reports/165969,2,0.0,Code Injection,2019-11-12
166080,Internet Bug Bounty,null pointer dereference in set_conversion_mode due uncheck _ctypes_conversion_errors,hackerone.com/reports/166080,3,500.0,Memory Corruption - Generic,2019-11-12
166231,Legal Robot,CSRF Issue,hackerone.com/reports/166231,0,0.0,Cross-Site Request Forgery (CSRF),2017-08-27
166265,Yelp,Verification of E-Mail address possible on https://biz.yelp.com/login and https://biz.yelp.com/forgot,hackerone.com/reports/166265,10,0.0,Information Disclosure,2016-10-27
166581,Nextcloud,Privilege escalation - Normal user can somehow make admin to delete shared folders,hackerone.com/reports/166581,9,0.0,Privilege Escalation,2017-05-20
166629,Internet Bug Bounty,Cross-protocol attack on TLS using SSLv2 (DROWN) (CVE-2016-0800),hackerone.com/reports/166629,13,0.0,Cryptographic Issues - Generic,2016-09-21
166634,Internet Bug Bounty,SSLv2 doesn't block disabled ciphers (CVE-2015-3197),hackerone.com/reports/166634,7,0.0,Cryptographic Issues - Generic,2016-09-21
166661,Ruby,"Arbitrary heap overread in strscan on 32 bit Ruby, patch included",hackerone.com/reports/166661,17,0.0,Information Disclosure,2016-11-17
166699,WebSummit,Reflected xss on websummit.net,hackerone.com/reports/166699,3,0.0,Cross-site Scripting (XSS) - Generic,2016-10-04
166709,Yelp,Self-XSS via location cookie city field when getting suggestions for a new location,hackerone.com/reports/166709,8,0.0,Cross-site Scripting (XSS) - Generic,2016-11-30
166849,Yelp,"IDOR(indirect object references) on add friend,complement and send message ",hackerone.com/reports/166849,5,0.0,Violation of Secure Design Principles,2017-11-09
166861,Legal Robot,AWS hosting bucket for Legal Robots set as public browse and list contents: s3://legalrobot,hackerone.com/reports/166861,21,0.0,Information Disclosure,2021-02-24
166887,Shopify,Unsanitized Location Name in POS Channel can lead to XSS in Orders Timeline,hackerone.com/reports/166887,12,0.0,Cross-site Scripting (XSS) - Generic,2016-09-19
166942,X / xAI,leaking Digits OAuth authorization to third party websites,hackerone.com/reports/166942,13,0.0,Information Disclosure,2017-01-24
167036,Yelp,Ngnix Server version disclosure 404 Page!,hackerone.com/reports/167036,5,0.0,Information Disclosure,2017-11-09
167041,Legal Robot,Server version disclosure,hackerone.com/reports/167041,6,0.0,Information Disclosure,2016-12-31
167075,Shopify,XSS in SHOPIFY: Unsanitized Supplier Name  can lead to XSS in Transfers Timeline,hackerone.com/reports/167075,12,0.0,Cross-site Scripting (XSS) - Generic,2016-09-19
167121,VK.com,Второй способ обхода 2FA,hackerone.com/reports/167121,17,1050.0,Improper Authentication - Generic,2017-05-09
167380,Legal Robot,content spoofing,hackerone.com/reports/167380,13,0.0,,2017-05-16
167481,Nextcloud,Android - Possible to intercept broadcasts about uploaded files,hackerone.com/reports/167481,16,0.0,Information Disclosure,2017-03-23
167489,Yelp,Bybass The Closing of the account and logged again to your account,hackerone.com/reports/167489,34,0.0,Improper Authentication - Generic,2016-10-21
167510,Internet Bug Bounty,CVE-2016-5157 OpenJPEG opj_dwt_interleave_v Out-of-Bounds Write Vulnerability,hackerone.com/reports/167510,1,0.0,Memory Corruption - Generic,2019-11-12
167512,Internet Bug Bounty,CVE-2016-7163 OpenJPEG opj_pi_create_decode Integer Overflow Vulnerability,hackerone.com/reports/167512,3,0.0,Memory Corruption - Generic,2019-11-12
167688,Internet Bug Bounty,msilib.OpenDatabase Type Confusion,hackerone.com/reports/167688,1,1000.0,Code Injection,2016-09-20
167828,HackerOne,Ability to enumerate private programs using SAML,hackerone.com/reports/167828,24,0.0,Information Disclosure,2016-09-14
167846,Shopify,Deleted Post and Administrative Function Access in eCommerce Forum,hackerone.com/reports/167846,7,0.0,Privilege Escalation,2016-10-05
167859,Eternal,Base alpha version code exposure,hackerone.com/reports/167859,99,0.0,Information Disclosure,2016-10-14
167888,Internet Bug Bounty,Uninitialized Thumbail Data Leads To Memory Leakage in exif_process_IFD_in_TIFF,hackerone.com/reports/167888,6,0.0,Memory Corruption - Generic,2019-11-12
167895,Internet Bug Bounty,Out of bound when verify signature of zip phar in phar_parse_zipfile,hackerone.com/reports/167895,3,0.0,Memory Corruption - Generic,2019-11-12
167896,Internet Bug Bounty,Out of bound when verify signature of tar phar in phar_parse_tarfile,hackerone.com/reports/167896,3,0.0,Memory Corruption - Generic,2019-11-12
167901,Internet Bug Bounty,integer overflow in pg_escape_string caused heap corruption,hackerone.com/reports/167901,5,500.0,Memory Corruption - Generic,2019-11-12
167902,Internet Bug Bounty,integer overflow in php_ldap_do_escape caused heap corruption,hackerone.com/reports/167902,4,500.0,Memory Corruption - Generic,2019-11-12
167903,Internet Bug Bounty, integer overflow in str_pad caused heap corruption,hackerone.com/reports/167903,4,500.0,Memory Corruption - Generic,2019-11-12
167904,Internet Bug Bounty,heap overflow in substr_replace,hackerone.com/reports/167904,7,500.0,Memory Corruption - Generic,2019-11-12
167905,Internet Bug Bounty,integer overflow in pg_escape_bytea caused heap corruption,hackerone.com/reports/167905,5,500.0,Memory Corruption - Generic,2019-11-12
167906,Internet Bug Bounty,integer overflow in imap_binary caused heap corruption,hackerone.com/reports/167906,7,500.0,Memory Corruption - Generic,2019-11-12
167907,Internet Bug Bounty,integer overflow in preg_quote caused heap corruption,hackerone.com/reports/167907,3,500.0,Memory Corruption - Generic,2019-11-12
167908,Internet Bug Bounty,integer overflow in fgets cause heap corruption,hackerone.com/reports/167908,4,500.0,Memory Corruption - Generic,2019-11-12
167909,Internet Bug Bounty,integer overflow in recode_string caused heap corruption,hackerone.com/reports/167909,2,500.0,Memory Corruption - Generic,2019-11-12
167910,Internet Bug Bounty,memory corruption in wordwrap function,hackerone.com/reports/167910,7,500.0,Memory Corruption - Generic,2019-11-12
167911,Internet Bug Bounty,integer overflow in fgetcsv caused heap corruption,hackerone.com/reports/167911,6,500.0,Memory Corruption - Generic,2019-11-12
167921,Internet Bug Bounty,integer overflow in xml_utf8_encode,hackerone.com/reports/167921,1,500.0,Memory Corruption - Generic,2019-11-12
167931,Internet Bug Bounty,Memory Corruption in During Deserialized-object Destruction,hackerone.com/reports/167931,4,0.0,Memory Corruption - Generic,2019-10-13
167947,Internet Bug Bounty,CVE-2016-3183 OpenJPEG sycc422_to_rgb Out-of-Bounds Read Vulnerability,hackerone.com/reports/167947,2,0.0,Memory Corruption - Generic,2019-11-12
167953,Internet Bug Bounty,CVE-2016-3182 OpenJPEG color_esycc_to_rgb Out-of-Bounds Read Vulnerability,hackerone.com/reports/167953,2,0.0,Memory Corruption - Generic,2019-11-12
167955,Internet Bug Bounty,CVE-2016-4796 OpenJPEG color_cmyk_to_rgb Out-of-Bounds Read Vulnerability,hackerone.com/reports/167955,3,0.0,Memory Corruption - Generic,2019-11-12
167957,Internet Bug Bounty,CVE-2016-1924 OpenJPEG opj_tgt_reset Out-of-Bounds Read Vulnerability,hackerone.com/reports/167957,1,0.0,Memory Corruption - Generic,2019-11-12
167977,Internet Bug Bounty,Missing type check when unserializing SplArray,hackerone.com/reports/167977,1,500.0,Memory Corruption - Generic,2019-11-12
168027,Internet Bug Bounty,gzdecode does NOT check output string size which leads to an overflow,hackerone.com/reports/168027,1,500.0,Memory Corruption - Generic,2019-11-12
168028,Internet Bug Bounty,gzuncompress does NOT check output string size which leads to an overflow,hackerone.com/reports/168028,1,500.0,Memory Corruption - Generic,2019-11-12
168029,Internet Bug Bounty,ldap_escape could produce string larger than 2Gb,hackerone.com/reports/168029,2,500.0,Memory Corruption - Generic,2019-11-12
168054,Nextcloud,Unauthenticated Stored xss ,hackerone.com/reports/168054,14,0.0,Cross-site Scripting (XSS) - Generic,2016-09-13
168078,Concrete CMS,Content Spoofing possible in concrete5.org,hackerone.com/reports/168078,2,0.0,Violation of Secure Design Principles,2017-07-23
168116,X / xAI,Insufficient validation on Digits bridge,hackerone.com/reports/168116,261,0.0,Improper Authentication - Generic,2020-08-20
168165,SecNews,DOM based XSS in search functionality,hackerone.com/reports/168165,2,0.0,Cross-site Scripting (XSS) - Generic,2016-11-16
168223,Instacart,User Information sent to client through websockets,hackerone.com/reports/168223,1,0.0,Information Disclosure,2016-12-07
168289,Coinbase,coinbase Email leak while sending and requesting,hackerone.com/reports/168289,6,0.0,Improper Authentication - Generic,2016-10-11
168293,Paragon Initiative Enterprises,Not clearing hex-decoded variable after usage in Authentication,hackerone.com/reports/168293,3,0.0,Violation of Secure Design Principles,2016-11-03
168358,Yelp,Clickjacking: X-Frame Header Missing,hackerone.com/reports/168358,2,0.0,UI Redressing (Clickjacking),2017-11-09
168453,Uber,Users can falsely declare their own Uber account info on the monthly billing application,hackerone.com/reports/168453,7,0.0,Improper Authentication - Generic,2016-10-20
168458,Shopify,Stored XSS in https://productreviews.shopifyapps.com/proxy/v4/reviews/product,hackerone.com/reports/168458,30,0.0,Cross-site Scripting (XSS) - Generic,2019-11-08
168476,Snapchat,Incoming email hijacking on sc-cdn.net,hackerone.com/reports/168476,25,0.0,Misconfiguration,2016-09-23
168485,IRCCloud,"Exposed, outdated nginx server (v1.4.6) potentially vulnerable to heap-based buffer overflow & RCE",hackerone.com/reports/168485,15,0.0,Memory Corruption - Generic,2016-10-15
168509,Coinbase,Information leakage on https://docs.gdax.com,hackerone.com/reports/168509,7,100.0,Information Disclosure,2016-11-28
168538,X / xAI,Twitter iOS fails to validate server certificate and sends oauth token,hackerone.com/reports/168538,40,2100.0,Cryptographic Issues - Generic,2016-12-23
168574,Eternal,CORS Misconfiguration on www.zomato.com,hackerone.com/reports/168574,31,0.0,,2017-06-30
169680,Nextcloud,Bypass permissions,hackerone.com/reports/169680,9,0.0,Privilege Escalation,2017-02-09
169699,Eternal,"CSRF in the ""Add restaurant picture"" function",hackerone.com/reports/169699,8,50.0,Cross-Site Request Forgery (CSRF),2017-09-14
169704,Skyliner,DNSSEC misconfiguration,hackerone.com/reports/169704,8,0.0,Violation of Secure Design Principles,2016-09-30
169751,Imgur,Stored XSS in albums on http://m.imgur.com/,hackerone.com/reports/169751,5,0.0,Cross-site Scripting (XSS) - Generic,2017-01-17
169759,Shopify,Open redirect in bulk edit,hackerone.com/reports/169759,28,0.0,Open Redirect,2016-12-04
169992,Slack,Email information leakage for certain addresses,hackerone.com/reports/169992,5,400.0,Information Disclosure,2016-10-31
170052,DigitalSellz,AWS Signature Disclosure in www.digitalsellz.com allows access to S3,hackerone.com/reports/170052,5,0.0,Improper Authentication - Generic,2016-11-27
170138,Internet Bug Bounty,SEH buffer overflow msgfmt_format_message,hackerone.com/reports/170138,3,1000.0,Memory Corruption - Generic,2019-10-13
170144,Internet Bug Bounty,wddx_deserialize use-after-free,hackerone.com/reports/170144,14,500.0,Memory Corruption - Generic,2019-11-03
170156,Revive Adserver,Reflected XSS in Step 2 of the Installation,hackerone.com/reports/170156,6,0.0,Cross-site Scripting (XSS) - Generic,2017-08-02
170161,Yelp,Password reset token not expiring,hackerone.com/reports/170161,18,0.0,Improper Authentication - Generic,2017-11-09
170260,Internet Bug Bounty,imap_rfc822_parse_headers GS Violation,hackerone.com/reports/170260,2,500.0,Memory Corruption - Generic,2019-10-31
170295,DigitalSellz,Access to Amazon S3 bucket,hackerone.com/reports/170295,4,0.0,Violation of Secure Design Principles,2016-11-27
170301,RubyGems,Invalid username updating,hackerone.com/reports/170301,10,0.0,,2016-10-17
170310,HackerOne,Bypass rate limiting on /users/password (possibly site-wide rate limit bypass?),hackerone.com/reports/170310,75,0.0,Violation of Secure Design Principles,2016-12-08
170333,RubyGems,Host Header Injection/Redirection,hackerone.com/reports/170333,2,0.0,Violation of Secure Design Principles,2018-02-08
170369,Informatica,[kb.informatica.com] Stored XSS,hackerone.com/reports/170369,7,0.0,Cross-site Scripting (XSS) - Generic,2017-04-09
170548,Ruby,Ruby OpenSSL Library - IV Reuse in GCM Mode,hackerone.com/reports/170548,17,0.0,,2021-03-07
170552,HackerOne,Slack integration setup lacks CSRF protection,hackerone.com/reports/170552,149,2500.0,Cross-Site Request Forgery (CSRF),2021-07-07
170618,Internet Bug Bounty,CVE-2016-7418 PHP Out-Of-Bounds Read in php_wddx_push_element,hackerone.com/reports/170618,5,0.0,Memory Corruption - Generic,2020-10-10
170619,Internet Bug Bounty,PHP Integer Overflow in gdImageWebpCtx,hackerone.com/reports/170619,4,0.0,Memory Corruption - Generic,2020-10-10
170748,RubyGems,"RCE,SQL,Vulnerability + Exploit Method.",hackerone.com/reports/170748,1,0.0,Command Injection - Generic,2018-02-08
171205,Algolia,No rate limit for Referral Program,hackerone.com/reports/171205,15,0.0,Violation of Secure Design Principles,2017-03-12
171272,ownCloud,Accessable Htaccess,hackerone.com/reports/171272,6,0.0,Information Disclosure,2016-09-26
171337,Legal Robot,Near-duplicate accounts allowed with ignored email mutations,hackerone.com/reports/171337,15,0.0,Improper Authentication - Generic,2017-01-12
171398,HackerOne,"(HackerOne SSO-SAML) Login CSRF, Open Redirect, and Self-XSS Possible Exploitation",hackerone.com/reports/171398,44,0.0,Cross-site Scripting (XSS) - Generic,2016-10-27
171473,"OWOX, Inc.",HTTP Response Splitting(CRLF injection) in bi.owox.com,hackerone.com/reports/171473,13,0.0,Command Injection - Generic,2016-12-20
171497,Nextcloud,Content spoofing in lookup.nextcloud.com,hackerone.com/reports/171497,11,0.0,Violation of Secure Design Principles,2016-10-10
171593,Internet Bug Bounty,Malicious Server can force read any file on clients system with default configuration in MySQL Clients,hackerone.com/reports/171593,5,0.0,Information Disclosure,2019-11-12
171670,CodeIgniter,Link sanitation bypass in xss_clean() ,hackerone.com/reports/171670,20,0.0,Cross-site Scripting (XSS) - Generic,2016-11-04
171879,Legal Robot,Cloudflare issue: Error 521 Ray ID: 2e7ea7f706ea4056 • 2016-09-25 12:59:55 UTC Web server is down,hackerone.com/reports/171879,4,0.0,Violation of Secure Design Principles,2020-04-13
171942,Snapchat,Subdomain takeover of blog.snapchat.com,hackerone.com/reports/171942,14,0.0,,2016-10-05
172115,Internet Bug Bounty,Multiple use after frees in obj2ast_* methods,hackerone.com/reports/172115,2,0.0,Memory Corruption - Generic,2019-11-12
172137,Ubiquiti Inc.,Authentication bypass on sso.ubnt.com via subdomain takeover of ping.ubnt.com,hackerone.com/reports/172137,55,0.0,Cross-Site Request Forgery (CSRF),2016-11-29
172289,HackerOne,HackerOne Integrations Design Issue,hackerone.com/reports/172289,36,500.0,Violation of Secure Design Principles,2019-04-11
172296,Legal Robot,Information Disclosure on rate limit defense mechanism,hackerone.com/reports/172296,12,0.0,Information Disclosure,2016-10-16
172403,Internet Bug Bounty,Python 2.7 32-bit JSON encoding heap corruption,hackerone.com/reports/172403,5,0.0,Memory Corruption - Generic,2019-10-13
172411,Internet Bug Bounty,Heap overflow caused by type confusion vulnerability in merge_param(),hackerone.com/reports/172411,4,0.0,Memory Corruption - Generic,2017-05-30
172545,Reverb.com,IDOR - Ability to view unlisted products,hackerone.com/reports/172545,22,0.0,Violation of Secure Design Principles,2018-04-27
172549,Reverb.com,Possible Blind Writing to S3 Bucket,hackerone.com/reports/172549,17,0.0,Violation of Secure Design Principles,2018-04-27
172562,Internet Bug Bounty,LZMADecompressor.decompress Use After Free,hackerone.com/reports/172562,16,1500.0,Memory Corruption - Generic,2016-12-05
172574,Automattic,Follow Button XSS,hackerone.com/reports/172574,12,0.0,Cross-site Scripting (XSS) - Generic,2016-10-28
172606,Ian Dunn,Google Authenticator - Cross Site Scripting,hackerone.com/reports/172606,1,0.0,Cross-site Scripting (XSS) - Generic,2016-10-11
172609,Ian Dunn,Google Authenticator0.6 - PHP Version Dosclosure,hackerone.com/reports/172609,1,0.0,Information Disclosure,2016-10-06
172618,Ian Dunn,All Plugins - Direct file access to plugin files Vulnerability,hackerone.com/reports/172618,2,0.0,Improper Authentication - Generic,2016-10-06
172694,Udemy,Critical : Malware and XSS file can be uploaded and executed on udemy,hackerone.com/reports/172694,3,0.0,Cross-site Scripting (XSS) - Generic,2017-01-10
172698,WebSummit,Subdomain take over signup.websummit,hackerone.com/reports/172698,17,0.0,Violation of Secure Design Principles,2017-01-29
172707,Udemy,Udemy s3 storage can be used by an attacker personal website because of missing CSRF Token,hackerone.com/reports/172707,1,0.0,Cross-Site Request Forgery (CSRF),2017-01-05
172711,Udemy,Content Spoofing in udemy,hackerone.com/reports/172711,4,0.0,Violation of Secure Design Principles,2017-07-23
172733,Shopify,Add signature to transactions without any permission,hackerone.com/reports/172733,15,500.0,Improper Authentication - Generic,2016-10-07
172746,WebSummit,WebSummit - Open Redirect ,hackerone.com/reports/172746,3,0.0,Open Redirect,2016-09-30
172780,Starbucks,out of date disqus shortname usage in the web app source code,hackerone.com/reports/172780,14,0.0,Violation of Secure Design Principles,2017-08-12
172809,General Motors,Flash XSS on global nav,hackerone.com/reports/172809,5,0.0,Cross-site Scripting (XSS) - Generic,2017-06-09
172821,General Motors,Flash XSS on homepage fliptilescroller,hackerone.com/reports/172821,8,0.0,Cross-site Scripting (XSS) - Generic,2017-06-05
172837,Shopify,password less login token expiration issue,hackerone.com/reports/172837,11,500.0,Improper Authentication - Generic,2016-10-19
172843,Rockstar Games,DOM based reflected XSS in rockstargames.com/newswire/tags through cross domain ajax request,hackerone.com/reports/172843,27,0.0,Cross-site Scripting (XSS) - Generic,2017-03-17
172933,Yelp,IDNs displayed in unicode in messages/about/talk sections (Homograph Attack),hackerone.com/reports/172933,12,0.0,Violation of Secure Design Principles,2017-11-09
173043,Snapchat,"Bypassing ""You've requested your data the maximum number of times today."" + ""Please Verify an email address with snapchat to continue"" ",hackerone.com/reports/173043,20,0.0,Improper Authentication - Generic,2016-11-25
173175,HackerOne,Obtain the username & the uid of the one doing the S3 sync on Hackerone,hackerone.com/reports/173175,14,0.0,Information Disclosure,2016-10-03
173195,Legal Robot,Bypass 8 chars password complexity with 6 chars only due to insecure password reset functionaliy,hackerone.com/reports/173195,21,0.0,Violation of Secure Design Principles,2016-10-29
173251,RubyGems,Password Reset emails missing TLS leads account takeover,hackerone.com/reports/173251,10,0.0,Improper Authentication - Generic,2016-10-04
173268,RubyGems,Login credentials transmitted in cleartext on index.rubygems.org,hackerone.com/reports/173268,3,0.0,Violation of Secure Design Principles,2016-10-17
173412,WebSummit,Full Sub Domain Takeover at s3.websummit.net,hackerone.com/reports/173412,5,0.0,,2017-02-02
173417,Algolia,Possilbe Sub Domain takever at prestashop.algolia.com,hackerone.com/reports/173417,9,0.0,,2016-11-04
173501,Revive Adserver,Stored XSS on Admin Access Page - Email field,hackerone.com/reports/173501,10,0.0,Cross-site Scripting (XSS) - Generic,2017-08-02
173551,Uber,password reset token leaking allowed for ATO of an Uber account,hackerone.com/reports/173551,100,10000.0,Improper Authentication - Generic,2017-05-17
173622,Nextcloud,Bypassing quota limit ,hackerone.com/reports/173622,4,0.0,Privilege Escalation,2017-03-10
173681,Enter,[CRITICAL]-Taking over entire subdomain of romit.io,hackerone.com/reports/173681,35,513.0,Improper Authentication - Generic,2016-10-03
173721,Nextcloud,Bad content-type in response header when getting document can lead to html injection,hackerone.com/reports/173721,7,0.0,Cross-site Scripting (XSS) - Generic,2017-01-12
173969,Instacart,Full access to any list,hackerone.com/reports/173969,13,150.0,Privilege Escalation,2016-11-18
173972,ok.ru,web.xml configuration file disclosure,hackerone.com/reports/173972,7,0.0,Information Disclosure,2017-04-10
174069,Internet Bug Bounty,"Buffer overflow in HTTP parse_hostinfo(), parse_userinfo() and parse_scheme()",hackerone.com/reports/174069,3,0.0,Memory Corruption - Generic,2017-05-30
174228,Gratipay,CSRF csrftoken in cookies,hackerone.com/reports/174228,4,0.0,Cross-Site Request Forgery (CSRF),2016-12-07
174328,Slack,CSRF in github integration,hackerone.com/reports/174328,22,500.0,Cross-Site Request Forgery (CSRF),2016-11-18
174404,Uber,"private passenger information is exposed to the Uber Driver app during ride dispatch (""Ping"") events",hackerone.com/reports/174404,91,0.0,Information Disclosure,2021-05-14
174449,HackerOne,Researcher gets email updates on a private program after he/she quits that program.,hackerone.com/reports/174449,15,0.0,Information Disclosure,2016-11-21
174470,HackerOne,Possible CSRF during external programs,hackerone.com/reports/174470,12,0.0,Cross-Site Request Forgery (CSRF),2016-10-18
174524,Nextcloud,Filename enumeration && DoS,hackerone.com/reports/174524,4,0.0,Uncontrolled Resource Consumption,2017-02-09
174632,Internet Bug Bounty,Information disclosure in mmap module - python 2.7.12,hackerone.com/reports/174632,31,0.0,Information Disclosure,2019-10-13
174645,Files.com,Existence of Folder path by guessing the path through response,hackerone.com/reports/174645,14,0.0,Information Disclosure,2017-05-02
174668,Bumble,No rate-limit in SERVER_SECURITY_CHECK,hackerone.com/reports/174668,11,0.0,Improper Authentication - Generic,2016-11-10
174721,X / xAI,View liked twits of private account via publish.twitter.com,hackerone.com/reports/174721,47,0.0,Information Disclosure,2016-11-14
174882,Yelp,Requesting Show CheckIn Alert for Non Friend User,hackerone.com/reports/174882,7,0.0,Information Disclosure,2016-10-27
174896,Nextcloud,Dav sharing permissions issue,hackerone.com/reports/174896,5,0.0,Privilege Escalation,2017-05-20
174909,Veris,Reflected Cross site scripting,hackerone.com/reports/174909,3,0.0,Cross-site Scripting (XSS) - Generic,2016-11-28
174983,GitLab,Mailgun misconfiguration leads to email snooping and postmaster@-access on email.mg.gitlab.com,hackerone.com/reports/174983,31,0.0,Privilege Escalation,2016-12-06
175061,Slack,Information Disclosure on stun.screenhero.com,hackerone.com/reports/175061,14,700.0,Information Disclosure,2016-11-30
175070,Uber,Subdomain takeover on rider.uber.com due to non-existent distribution on Cloudfront,hackerone.com/reports/175070,69,0.0,Privilege Escalation,2016-12-12
175085,Nextcloud,URI scheme bypass in mail app lead to HTML content spoof and opener control,hackerone.com/reports/175085,5,0.0,Violation of Secure Design Principles,2017-01-12
175091,Internet Bug Bounty,chain.__setstate__ Type Confusion,hackerone.com/reports/175091,14,1000.0,Memory Corruption - Generic,2016-12-05
175122,DigitalSellz,Public profile is vulnerable to stored XSS / Facebook Token can be stolen,hackerone.com/reports/175122,6,0.0,Cross-site Scripting (XSS) - Generic,2016-11-27
175168,Shopify,[ecommerce.shopify.com] Invalidated redirection,hackerone.com/reports/175168,9,0.0,Open Redirect,2016-12-04
175230,Internet Bug Bounty,Double-free in X509 parsing,hackerone.com/reports/175230,6,0.0,Memory Corruption - Generic,2016-12-30
175260,Internet Bug Bounty,missing NULL check in dom_document_save_html,hackerone.com/reports/175260,1,500.0,Code Injection,2019-11-12
175262,Internet Bug Bounty,NULL pointer dereference in SimpleXMLElement::asXML(),hackerone.com/reports/175262,1,500.0,Code Injection,2019-11-12
175263,Internet Bug Bounty,crash in openssl_random_pseudo_bytes function,hackerone.com/reports/175263,1,500.0,Code Injection,2019-11-12
175264,Internet Bug Bounty,heap overflow in php_ereg_replace function,hackerone.com/reports/175264,1,500.0,Code Injection,2019-11-12
175286,Brave Software,Homograph attack,hackerone.com/reports/175286,14,0.0,Violation of Secure Design Principles,2016-10-14
175310,Internet Bug Bounty,Write out-of-bounds at number_format,hackerone.com/reports/175310,2,500.0,Memory Corruption - Generic,2017-02-07
175311,Internet Bug Bounty,memcpy negative size parameter in php_resolve_path,hackerone.com/reports/175311,1,500.0,Memory Corruption - Generic,2017-02-07
175312,Internet Bug Bounty,memcpy negative parameter _bc_new_num_ex,hackerone.com/reports/175312,2,500.0,Memory Corruption - Generic,2017-02-07
175315,Internet Bug Bounty,Illegal write access through Locale methods,hackerone.com/reports/175315,1,500.0,Memory Corruption - Generic,2019-10-13
175316,Internet Bug Bounty,"stack-buffer-overflow through ""ResourceBundle"" methods",hackerone.com/reports/175316,1,500.0,Memory Corruption - Generic,2019-10-13
175320,Brave Software,2 Directory Listing on ledger.brave.com & vault-staging.brave.com,hackerone.com/reports/175320,7,0.0,Information Disclosure,2016-11-13
175366,Brave Software,Brave: Admin Panel Access,hackerone.com/reports/175366,2,0.0,Violation of Secure Design Principles,2017-08-10
175397,Brave Software,Subdomain Takeover of Brave.com,hackerone.com/reports/175397,7,0.0,Improper Authentication - Generic,2016-10-14
175403,Brave Software,[website] Script injection in newsletter signup https://brave.com/brave_youth_program_signup.html,hackerone.com/reports/175403,10,0.0,Command Injection - Generic,2016-11-03
175451,X / xAI,Full Path Disclosure at 27.prd.vine.co,hackerone.com/reports/175451,3,140.0,,2016-10-21
175490,Shopify,Able to Login deactivated staff account in shopify app mobile,hackerone.com/reports/175490,48,0.0,Privilege Escalation,2016-11-29
175529,Brave Software,URI Obfuscation,hackerone.com/reports/175529,7,0.0,HTTP Response Splitting,2016-10-15
175587,Internet Bug Bounty,Stack Buffer Overflow in GD dynamicGetbuf,hackerone.com/reports/175587,1,1500.0,Memory Corruption - Generic,2019-11-12
175701,Brave Software,Status Bar Obfuscation,hackerone.com/reports/175701,8,0.0,Cryptographic Issues - Generic,2016-10-15
175766,Internet Bug Bounty,Remote client memory corruption in ssl_add_clienthello_tlsext(),hackerone.com/reports/175766,6,0.0,Code Injection,2016-12-30
175779,Brave Software,Address Bar Spoofing - Already resolved - Retroactive report,hackerone.com/reports/175779,8,0.0,Open Redirect,2016-10-14
175958,Brave Software,[iOS/Android] Address Bar Spoofing Vulnerability ,hackerone.com/reports/175958,30,0.0,Violation of Secure Design Principles,2017-01-08
175979,Brave Software,Access to local file system using javascript,hackerone.com/reports/175979,13,0.0,,2016-11-16
175982,Internet Bug Bounty,Use-after-free in unserialize(),hackerone.com/reports/175982,5,0.0,Memory Corruption - Generic,2019-10-13
176002,Coinbase,Information disclosure of user by email using buy widget,hackerone.com/reports/176002,6,0.0,Information Disclosure,2016-11-16
176013,Vimeo,Disclosure of sensitive information through Google Cloud Storage bucket,hackerone.com/reports/176013,27,0.0,Information Disclosure,2017-09-29
176042,Yelp,Error Page Text Injection,hackerone.com/reports/176042,0,0.0,Violation of Secure Design Principles,2017-11-09
176065,Brave Software,[Android] HTML Injection in BatterySaveArticleRenderer WebView,hackerone.com/reports/176065,43,0.0,Cross-site Scripting (XSS) - Generic,2018-10-22
176066,Brave Software,Denial of service attack on Brave Browser.,hackerone.com/reports/176066,5,0.0,Uncontrolled Resource Consumption,2017-02-10
176076,Brave Software,Javascript confirm() crashes Brave on PC,hackerone.com/reports/176076,4,0.0,,2016-10-19
176083,Brave Software,JavaScript URL Issues in the latest version of Brave Browser,hackerone.com/reports/176083,4,0.0,,2016-10-17
176116,Revive Adserver,Weak Forgot Password implementation,hackerone.com/reports/176116,17,0.0,Improper Authentication - Generic,2017-08-02
176127,Shopify,race condition in adding team members,hackerone.com/reports/176127,16,0.0,Violation of Secure Design Principles,2016-11-10
176159,Brave Software,[iOS] URI Obfuscation in iOS application,hackerone.com/reports/176159,3,0.0,HTTP Response Splitting,2016-10-17
176197,Brave Software,Denial of service attack(window object) on brave browser,hackerone.com/reports/176197,2,0.0,Uncontrolled Resource Consumption,2016-10-25
176226,Internet Bug Bounty,CachingIterator null dereference when convert to string,hackerone.com/reports/176226,1,500.0,Memory Corruption - Generic,2019-11-12
176279,Internet Bug Bounty,Heap overflow in mysqlnd related to BIT fields (CVE-2016-7412),hackerone.com/reports/176279,50,0.0,Memory Corruption - Generic,2019-11-12
176308,Automattic,Wordpress.com REST API oauth bypass via Cross Site Flashing,hackerone.com/reports/176308,8,0.0,Cross-Site Request Forgery (CSRF),2018-04-26
176364,Brave Software,DOS in browser using window.print() function,hackerone.com/reports/176364,0,0.0,Uncontrolled Resource Consumption,2016-10-20
176599,Ian Dunn,No CAPTCHA ia exist in pages,hackerone.com/reports/176599,2,0.0,Violation of Secure Design Principles,2016-11-23
176698,WebSummit,Reflective XSS,hackerone.com/reports/176698,8,0.0,Cross-site Scripting (XSS) - Generic,2017-10-28
176754,X / xAI, Cross-site scripting (reflected),hackerone.com/reports/176754,45,0.0,Cross-site Scripting (XSS) - Generic,2016-12-09
176929,Brave Software,[ios] Address bar spoofing in Brave for iOS,hackerone.com/reports/176929,13,0.0,,2016-10-25
176979,Coinbase,Authentication Issue,hackerone.com/reports/176979,27,200.0,Privilege Escalation,2017-01-05
177184,Brave Software,invalid homepage URL causes 'uncaught typeerror' or blank state,hackerone.com/reports/177184,5,0.0,Violation of Secure Design Principles,2017-06-12
177335,Nextcloud,Content spoofing due to the improper behavior of the 403 page in Private Server,hackerone.com/reports/177335,4,0.0,Violation of Secure Design Principles,2016-10-31
177472,Starbucks,CSRF: add item to victim's cart automatically (starbucks.com - updatecart),hackerone.com/reports/177472,13,0.0,Cross-Site Request Forgery (CSRF),2017-06-02
177484,HackerOne,Information disclosure via policy update notifications after removal from program,hackerone.com/reports/177484,9,0.0,Information Disclosure,2016-10-29
177508,Starbucks,Reflected XSS by exploiting CSRF vulnerability on teavana.com wishlist comment module. (wishlist-comments),hackerone.com/reports/177508,26,0.0,Cross-site Scripting (XSS) - Generic,2017-02-13
177551,Uber,SMS/Call spamming due to truncated phone number,hackerone.com/reports/177551,14,0.0,Improper Authentication - Generic,2018-11-13
177624,Bumble,Unvalidated redirect on team.badoo.com,hackerone.com/reports/177624,25,140.0,Cross-site Scripting (XSS) - Generic,2016-12-03
177635,Starbucks,CSRF vulnerability in saving payment card on store.starbucks.com (COBilling -AddCreditCard),hackerone.com/reports/177635,10,0.0,Cross-Site Request Forgery (CSRF),2017-05-15
177639,Starbucks,CSRF exploit | Adding/Editing comment of wishlist items (teavana.com - Wishlist-Comments),hackerone.com/reports/177639,8,0.0,Cross-Site Request Forgery (CSRF),2017-02-13
177713,Nextcloud,xss on demo.nextcloud.com due to outdated version,hackerone.com/reports/177713,1,0.0,Cross-site Scripting (XSS) - Generic,2016-11-26
177943,ExpressionEngine,Reflective XSS,hackerone.com/reports/177943,4,0.0,Cross-site Scripting (XSS) - Generic,2017-09-29
178057,Informatica,[ipm.informatica.com] Sql injection Oracle ,hackerone.com/reports/178057,28,0.0,SQL Injection,2017-01-21
178094,Internet Bug Bounty,php_snmp_parse_oid integer overflow in memory allocation,hackerone.com/reports/178094,2,500.0,Memory Corruption - Generic,2019-11-12
178144,Internet Bug Bounty,imagecropauto out-of-bounds access,hackerone.com/reports/178144,2,500.0,Memory Corruption - Generic,2019-10-13
178152,GitLab,"Read files on application server, leads to RCE",hackerone.com/reports/178152,114,0.0,Information Disclosure,2016-11-03
178184,X / xAI,SSRF in https://cards-dev.twitter.com/validator,hackerone.com/reports/178184,16,0.0,Server-Side Request Forgery (SSRF),2017-04-06
178278,Informatica,[parc.informatica.com] Reflected Cross Site Scripting and Open Redirect,hackerone.com/reports/178278,8,0.0,Cross-site Scripting (XSS) - Generic,2017-04-29
178293,Shopify,Misconfiguration in Two Factor Authorisation,hackerone.com/reports/178293,40,1500.0,,2016-12-17
178345,HackerOne,Limited Open redirection using SSO-SAML,hackerone.com/reports/178345,19,0.0,Open Redirect,2017-03-26
178409,RubyGems,Possible Subdomain Takeover at http://production.s3.rubygems.org/ pointing to Fastly ,hackerone.com/reports/178409,5,0.0,,2017-03-06
178503,Uber,ability to retrieve a user's phone-number/email for a given inviteCode,hackerone.com/reports/178503,6,0.0,Information Disclosure,2017-05-17
178506,Instacart,Access private list metadata,hackerone.com/reports/178506,6,100.0,Information Disclosure,2016-12-24
178567,Bumble,"Arbitrary modification value ""session"" (Cookie) in badoo.com",hackerone.com/reports/178567,9,0.0,,2017-06-25
178611,Revive Adserver,Reflected XSS on Zones > Invocation Code,hackerone.com/reports/178611,7,0.0,Cross-site Scripting (XSS) - Generic,2017-08-02
178632,Informatica,[afocusp.informatica.com] Sql injection  afocusp.informatica.com:37777,hackerone.com/reports/178632,10,0.0,SQL Injection,2017-01-21
178742,Bumble,Leave inaccessible messaging system with a message (https://us1.badoo.com),hackerone.com/reports/178742,10,0.0,,2017-01-19
178831,Yelp,CSRF on signup endpoint (auto-api.yelp.com),hackerone.com/reports/178831,13,0.0,Cross-Site Request Forgery (CSRF),2017-03-01
178990,Legal Robot,The websocket traffic is not secure enough,hackerone.com/reports/178990,1,0.0,Cross-Site Request Forgery (CSRF),2017-08-27
179021,Yelp,Possible content spoofing due to missing error page,hackerone.com/reports/179021,0,0.0,Violation of Secure Design Principles,2017-11-09
179034,Paragon Initiative Enterprises,[Airship CMS] Local File Inclusion - RST Parser,hackerone.com/reports/179034,7,0.0,Information Disclosure,2016-10-31
179073,Nextcloud,"Content Spoofing in ""files"" app",hackerone.com/reports/179073,4,50.0,Violation of Secure Design Principles,2017-03-06
179103,Imgur,Unauthenticated Docker registry,hackerone.com/reports/179103,92,0.0,Improper Authentication - Generic,2016-11-22
179121,Brave Software,Information disclosure of website,hackerone.com/reports/179121,3,0.0,Information Disclosure,2016-11-16
179164,Ubiquiti Inc.,Stored XSS in community.ubnt.com,hackerone.com/reports/179164,22,0.0,Cross-site Scripting (XSS) - Generic,2017-04-28
179217,Blockchain,server version dislosure,hackerone.com/reports/179217,14,0.0,Information Disclosure,2016-12-15
179248,Brave Software,Denial of service(POP UP Recursion) on Brave browser,hackerone.com/reports/179248,1,0.0,Uncontrolled Resource Consumption,2016-11-07
179421,VK.com,Новый 2FA Bypass,hackerone.com/reports/179421,12,1000.0,Improper Authentication - Generic,2017-07-23
179426,Blockchain,Reflected XSS on blockchain.info,hackerone.com/reports/179426,12,0.0,Cross-site Scripting (XSS) - Generic,2017-03-06
179599,Blockchain,Information disclosure at https://blockchain.atlassian.net,hackerone.com/reports/179599,16,100.0,Information Disclosure,2016-11-03
179695,WordPress,XSS via unicode characters in upload filename,hackerone.com/reports/179695,23,0.0,Cross-site Scripting (XSS) - Generic,2020-08-28
179701,Blockchain,username enumeration ,hackerone.com/reports/179701,4,0.0,Command Injection - Generic,2017-03-08
179732,Yelp,[Yelp Blog] Backslash in search string causes JS error,hackerone.com/reports/179732,0,0.0,Violation of Secure Design Principles,2017-11-09
179826,General Motors,Flash XSS on Buick_RotatingMasthead_JellyBeanSlider.swf,hackerone.com/reports/179826,4,0.0,Cross-site Scripting (XSS) - Generic,2017-06-05
179828,Paragon Initiative Enterprises,DMARC  Not found for paragonie.com   URGENT,hackerone.com/reports/179828,147,0.0,XML External Entities (XXE),2016-11-03
179839,Yelp,ClickJacking ,hackerone.com/reports/179839,1,0.0,UI Redressing (Clickjacking),2017-11-09
179920,WordPress,"WordPress DB Class, bad implementation of prepare method guides to sqli and information disclosure",hackerone.com/reports/179920,17,0.0,SQL Injection,2017-11-13
179986,Ubiquiti Inc.,Exposed API-key allows to control nightly builds of firmwares (█████████ & ████████),hackerone.com/reports/179986,21,0.0,Violation of Secure Design Principles,2017-10-09
180074,Paragon Initiative Enterprises,BAD Code ! ,hackerone.com/reports/180074,547,0.0,Command Injection - Generic,2016-11-04
180109,Internet Bug Bounty,crash in gzcompress and 3 other compress functions,hackerone.com/reports/180109,2,500.0,Memory Corruption - Generic,2019-11-12
180110,Internet Bug Bounty,crash in implode() function,hackerone.com/reports/180110,1,500.0,Memory Corruption - Generic,2019-11-12
180111,Internet Bug Bounty,crash in bzcompress function,hackerone.com/reports/180111,1,500.0,Memory Corruption - Generic,2019-11-12
180112,Internet Bug Bounty,iconv() function missing string length check,hackerone.com/reports/180112,1,500.0,Memory Corruption - Generic,2019-11-12
180113,Internet Bug Bounty,crash in get_icu_value_internal function,hackerone.com/reports/180113,1,500.0,Memory Corruption - Generic,2019-11-12
180115,Internet Bug Bounty,crash in locale_get_keywords() when keyword value in locale string too long,hackerone.com/reports/180115,1,500.0,Code Injection,2019-11-12
180116,Internet Bug Bounty,another crash in locale_get_keywords function,hackerone.com/reports/180116,1,500.0,Code Injection,2019-11-12
180196,RubyGems,Host header Injection rubygems.org,hackerone.com/reports/180196,3,0.0,Open Redirect,2018-02-08
180346,Yelp,Nginx server version disclosure on engineeringblog,hackerone.com/reports/180346,4,0.0,Information Disclosure,2017-11-09
180388,Eternal,takeover a lot of accounts,hackerone.com/reports/180388,15,0.0,,2017-03-08
180393,Paragon Initiative Enterprises,Subdomain Takeover,hackerone.com/reports/180393,83,0.0,Information Disclosure,2017-05-05
180434,Internet Bug Bounty,cURL / libcURL - CVE-2016-8624 invalid URL parsing with '#',hackerone.com/reports/180434,10,500.0,Server-Side Request Forgery (SSRF),2018-01-11
180527,VK.com,SSRF (open) - via GET request,hackerone.com/reports/180527,11,0.0,Server-Side Request Forgery (SSRF),2017-02-09
180538,Yelp,X.509 certificate validation fails on international vanity domains,hackerone.com/reports/180538,7,0.0,Violation of Secure Design Principles,2017-02-06
180548,Legal Robot,Missing restriction on string size in profile fields,hackerone.com/reports/180548,9,0.0,Uncontrolled Resource Consumption,2017-01-20
180559,Yelp,Content spoofing on yelp.onelogin,hackerone.com/reports/180559,3,0.0,Open Redirect,2017-11-09
180562,Internet Bug Bounty,Memory corruption in _php_math_number_format_ex(),hackerone.com/reports/180562,1,0.0,Memory Corruption - Generic,2019-11-12
180563,Internet Bug Bounty,Heap overflow due to integer overflow in bzdecompress() function,hackerone.com/reports/180563,1,0.0,Memory Corruption - Generic,2019-11-12
180572,Internet Bug Bounty,Memory corruption due to missing check size in _php_math_number_format_ex(),hackerone.com/reports/180572,1,0.0,Memory Corruption - Generic,2019-11-12
180582,Internet Bug Bounty,Heap overflow due to integer overflow in php_escape_html_entities_ex() function,hackerone.com/reports/180582,1,0.0,Memory Corruption - Generic,2019-11-12
180584,Internet Bug Bounty,Heap overflow due to integer overflow in pg_escape_string() function,hackerone.com/reports/180584,1,0.0,Memory Corruption - Generic,2019-11-12
180588,Internet Bug Bounty,Invalid memory access in zend_strtod() function,hackerone.com/reports/180588,1,500.0,Memory Corruption - Generic,2019-11-12
180589,Internet Bug Bounty,crash in simplestring_addn function,hackerone.com/reports/180589,1,500.0,Memory Corruption - Generic,2019-11-12
180590,Internet Bug Bounty,Invalid memory access in spl_filesystem_dir_open function,hackerone.com/reports/180590,1,500.0,Memory Corruption - Generic,2019-11-12
180591,Internet Bug Bounty,Invalid memory access in php_basename function,hackerone.com/reports/180591,1,500.0,Memory Corruption - Generic,2019-11-12
180592,Internet Bug Bounty,Invalid memory access in spl_filesystem_info_set_filename function,hackerone.com/reports/180592,1,500.0,Memory Corruption - Generic,2019-11-12
180695,shopify-scripts,ruby DoS https://www.mruby.science,hackerone.com/reports/180695,5,8000.0,Uncontrolled Resource Consumption,2017-01-15
180814,Internet Bug Bounty,crash in locale_compose() function,hackerone.com/reports/180814,3,500.0,Code Injection,2019-11-12
180895,Legal Robot,Password reset access control,hackerone.com/reports/180895,12,0.0,Improper Authentication - Generic,2017-08-16
180908,Internet Bug Bounty,NULL Pointer Dereference in WDDX Packet Deserialization with PDORow,hackerone.com/reports/180908,4,0.0,Memory Corruption - Generic,2019-10-13
180909,Internet Bug Bounty,Use-after-free in ArrayObject Deserialization,hackerone.com/reports/180909,4,0.0,Use After Free,2019-10-13
180977,shopify-scripts,Exception cause SIGABRT,hackerone.com/reports/180977,13,0.0,Uncontrolled Resource Consumption,2016-12-16
181061,Brave Software,Remote Stack Overflow Vulnerability (DoS),hackerone.com/reports/181061,1,0.0,Uncontrolled Resource Consumption,2017-08-10
181073,Internet Bug Bounty,malloc negative size parameter,hackerone.com/reports/181073,1,500.0,Memory Corruption - Generic,2019-11-12
181088,Coinbase,Window.opener bug at www.coinbase.com,hackerone.com/reports/181088,2,100.0,,2016-11-28
181210,Paragon Initiative Enterprises,Incorrect detection of onion URLs,hackerone.com/reports/181210,5,0.0,,2016-11-13
181212,Paragon Initiative Enterprises,Missing GIT tag/commit verification in Docker,hackerone.com/reports/181212,1,0.0,,2016-11-09
181214,Paragon Initiative Enterprises,Using plain git protocol (vulnerable to MITM),hackerone.com/reports/181214,1,0.0,,2016-11-09
181225,Paragon Initiative Enterprises,Missing rel=noopener noreferrer in target=_blank links (Phishing attack),hackerone.com/reports/181225,3,0.0,,2016-11-13
181232,shopify-scripts,Denial of Service in mruby due to null pointer dereference,hackerone.com/reports/181232,8,8000.0,Uncontrolled Resource Consumption,2016-12-17
181315,Paragon Initiative Enterprises,Not using Binary::safe* functions for substr/strlen function,hackerone.com/reports/181315,0,0.0,,2016-11-13
181319,shopify-scripts,Memory disclosure in mruby String#lines method,hackerone.com/reports/181319,10,0.0,Memory Corruption - Generic,2016-12-16
181321,shopify-scripts,Use after free vulnerability in mruby Array#to_h causing DOS possible RCE,hackerone.com/reports/181321,29,0.0,Code Injection,2016-12-16
181558,Brave Software,[DOS] denial of service using code snippet on brave browser,hackerone.com/reports/181558,6,0.0,Uncontrolled Resource Consumption,2018-05-06
181642,Internet Bug Bounty,libtiff 4.0.6 heap bufer overflow / out of bounds read (CVE-2016-9273),hackerone.com/reports/181642,7,0.0,Uncontrolled Resource Consumption,2019-10-04
181665,Ubiquiti Inc.,Subdomain Takeover (moderator.ubnt.com),hackerone.com/reports/181665,19,0.0,Cross-site Scripting (XSS) - Generic,2017-02-06
181677,shopify-scripts,NULL pointer dereference when parsing ternary operators,hackerone.com/reports/181677,10,0.0,Uncontrolled Resource Consumption,2016-12-17
181685,shopify-scripts,Range#initialize_copy null pointer dereference,hackerone.com/reports/181685,9,10000.0,Uncontrolled Resource Consumption,2016-12-17
181686,Brave Software,[DOS] Browser hangs on loading the code snippet,hackerone.com/reports/181686,9,0.0,Uncontrolled Resource Consumption,2018-05-06
181695,shopify-scripts,Undefined method_missing null pointer dereference,hackerone.com/reports/181695,7,8000.0,Uncontrolled Resource Consumption,2016-12-17
181748,X / xAI,[IDOR][translate.twitter.com] Opportunity to change any comment at the forum,hackerone.com/reports/181748,38,0.0,Privilege Escalation,2017-05-12
181816,Informatica,[marketplace.informatica.com] Persistent XSS through document title,hackerone.com/reports/181816,8,0.0,Cross-site Scripting (XSS) - Generic,2017-02-02
181823,VK.com,Stored XSS в личных сообщениях,hackerone.com/reports/181823,67,0.0,Cross-site Scripting (XSS) - Generic,2017-01-10
181828,shopify-scripts,"Segfault in mruby, mruby_engine and the parent MRI Ruby due to null pointer dereference",hackerone.com/reports/181828,4,10000.0,Uncontrolled Resource Consumption,2016-12-16
181849,Udemy,Jenkins,hackerone.com/reports/181849,13,0.0,,2017-01-10
181871,shopify-scripts,DoS: type confusion in mrb_no_method_error,hackerone.com/reports/181871,60,0.0,Uncontrolled Resource Consumption,2017-03-01
181874,shopify-scripts,SIGSEGV when invalid argument on remove_method,hackerone.com/reports/181874,9,0.0,Uncontrolled Resource Consumption,2016-12-17
181879,shopify-scripts,Struct type confusion RCE,hackerone.com/reports/181879,14,18000.0,Code Injection,2016-12-17
181893,shopify-scripts,TOCTTOU bug in mrb_str_setbyte leading the memory corruption,hackerone.com/reports/181893,23,0.0,Code Injection,2016-12-16
181910,shopify-scripts,Range constructor type confusion DoS,hackerone.com/reports/181910,7,10000.0,Uncontrolled Resource Consumption,2016-12-17
181955,Imgur,Stored xss in ALBUM DESCRIPTION ,hackerone.com/reports/181955,18,0.0,Cross-site Scripting (XSS) - Generic,2017-01-27
182008,Pushwoosh,Spoof Email with Hyperlink Injection via Invites functionality,hackerone.com/reports/182008,14,0.0,Violation of Secure Design Principles,2016-11-14
182017,Pushwoosh,htaccess file is accesible,hackerone.com/reports/182017,9,0.0,Information Disclosure,2016-11-14
182027,shopify-scripts,SIGSEV on mrb_ary_splice,hackerone.com/reports/182027,5,0.0,Uncontrolled Resource Consumption,2016-12-17
182033,Pushwoosh,Reflected Xss on ,hackerone.com/reports/182033,11,0.0,Cross-site Scripting (XSS) - Generic,2016-12-14
182046,Pushwoosh,Nginx server version disclosure,hackerone.com/reports/182046,9,0.0,Information Disclosure,2016-11-14
182089,Pushwoosh, Spam Some one using (user.saveInvite) system,hackerone.com/reports/182089,5,0.0,Memory Corruption - Generic,2016-11-22
182104,Udemy,Completed Compromise & Source Code Disclosure via Exposed Jenkins Dashboard at https://jenkins101.udemy.com,hackerone.com/reports/182104,63,0.0,Code Injection,2017-06-17
182140,Internet Bug Bounty,libtiff 4.0.6 segfault / read outside of buffer (CVE-2016-9297),hackerone.com/reports/182140,6,0.0,Memory Corruption - Generic,2019-10-04
182160,PortSwigger Web Security,XSS in IE11 on portswigger.net via Flash,hackerone.com/reports/182160,33,0.0,Cross-site Scripting (XSS) - Generic,2016-11-30
182169,Internet Bug Bounty,Type confusion in FutureIter_throw() which may potentially lead to an arbitrary code execution,hackerone.com/reports/182169,4,500.0,Code Injection,2016-12-03
182234,Pushwoosh,Unsecured Grafana instance,hackerone.com/reports/182234,9,0.0,Improper Authentication - Generic,2016-11-15
182267,Pushwoosh,Password Forgot/Password Reset Request Bug,hackerone.com/reports/182267,11,0.0,Uncontrolled Resource Consumption,2016-11-16
182274,shopify-scripts,Null pointer dereference due to TOCTTOU bug in mrb_time_initialize,hackerone.com/reports/182274,15,0.0,Uncontrolled Resource Consumption,2017-01-15
182358,HackerOne,"Partial disclosure of report activity through new ""Export as .zip"" feature",hackerone.com/reports/182358,354,10000.0,Information Disclosure,2016-11-29
182420,Internet Bug Bounty,Illegal write/read access caused by gdImageAALine overflow,hackerone.com/reports/182420,7,500.0,Memory Corruption - Generic,2019-10-31
182467,Bumble,Email Spoofing,hackerone.com/reports/182467,28,0.0,Violation of Secure Design Principles,2017-01-24
182474,Internet Bug Bounty,Use After Free in PHP7 unserialize(),hackerone.com/reports/182474,5,0.0,Memory Corruption - Generic,2019-10-13
182484,shopify-scripts,Broken handling of maximum number of method call arguments leads to segfault,hackerone.com/reports/182484,10,10000.0,Uncontrolled Resource Consumption,2016-12-21
182487,GitLab,CSRF Token Bypass in Account Deletion,hackerone.com/reports/182487,7,0.0,Cross-Site Request Forgery (CSRF),2017-04-20
182530,Pushwoosh,Bypass the resend limit in Send Invites,hackerone.com/reports/182530,16,0.0,Violation of Secure Design Principles,2016-11-22
182557,Brave Software,links the user may download can be a malicious files,hackerone.com/reports/182557,4,0.0,Code Injection,2017-08-10
182576,"OWOX, Inc.",Subdomain Takeover on http://kiosk.owox.com/,hackerone.com/reports/182576,12,0.0,Improper Authentication - Generic,2016-11-17
182637,Pushwoosh,Administrator Access To Management Console,hackerone.com/reports/182637,9,0.0,Command Injection - Generic,2016-11-17
183127,"OWOX, Inc.",ClickJacking,hackerone.com/reports/183127,1,0.0,UI Redressing (Clickjacking),2017-05-22
183231,shopify-scripts,SIGSEGV on mruby mrb_str_modify() (Invalid memory access),hackerone.com/reports/183231,5,0.0,Uncontrolled Resource Consumption,2016-12-17
183239,shopify-scripts,SIGSEGV on mruby's mark_tbl() (Invalid memory access),hackerone.com/reports/183239,5,0.0,Memory Corruption - Generic,2016-12-17
183245,Pushwoosh,Nginx version disclosure via response header,hackerone.com/reports/183245,11,0.0,Information Disclosure,2016-11-18
183318,"OWOX, Inc.",Direct IP Access,hackerone.com/reports/183318,4,0.0,Information Disclosure,2017-05-22
183352,VK.com,Возможность провести DoS атаку от имени vk.com сервера,hackerone.com/reports/183352,8,0.0,,2017-03-06
183356,shopify-scripts,"Segfault and/or potential unwanted (byte)code execution with ""break"" and ""||="" inside a loop",hackerone.com/reports/183356,14,10000.0,Uncontrolled Resource Consumption,2016-12-16
183405,shopify-scripts,Null target_class DoS,hackerone.com/reports/183405,14,8000.0,Uncontrolled Resource Consumption,2016-12-17
183425,shopify-scripts,Segmentation fault when a Ruby method is invoked by a C method via Object#send,hackerone.com/reports/183425,14,8000.0,Uncontrolled Resource Consumption,2017-04-13
183458,Ubiquiti Inc.,Command injection in the process of downloading the latest version of the cloud key firmware through the unifi management software.,hackerone.com/reports/183458,7,0.0,Command Injection - Generic,2017-12-11
183568,WordPress,[Buddypress] Arbitrary File Deletion through bp_avatar_set,hackerone.com/reports/183568,9,0.0,,2017-08-22
183667,shopify-scripts,Null pointer dereference in ary_concat,hackerone.com/reports/183667,3,0.0,Uncontrolled Resource Consumption,2016-12-17
183696,shopify-scripts,"Invalid memory access while freeing memory, caused by invalid type passed to mrb_ary_unshift",hackerone.com/reports/183696,2,0.0,Uncontrolled Resource Consumption,2016-12-17
183835,U.S. Dept Of Defense,Reflected XSS vulnerability on a DoD website,hackerone.com/reports/183835,7,0.0,Cross-site Scripting (XSS) - Generic,2017-03-16
183837,Urban Dictionary,Race condition in up voting and down voting,hackerone.com/reports/183837,42,0.0,Violation of Secure Design Principles,2023-10-27
183844,U.S. Dept Of Defense,Reflected XSS on a DoD website,hackerone.com/reports/183844,2,0.0,Cross-site Scripting (XSS) - Generic,2017-06-01
183854,U.S. Dept Of Defense,Reflective XSS vulnerability on a DoD website,hackerone.com/reports/183854,4,0.0,Cross-site Scripting (XSS) - Generic,2017-06-23
183855,U.S. Dept Of Defense,Reflected XSS on a Department of Defense website,hackerone.com/reports/183855,8,0.0,Cross-site Scripting (XSS) - Generic,2017-01-12
183871,U.S. Dept Of Defense,Reflected XSS on a DoD website,hackerone.com/reports/183871,9,0.0,Cross-site Scripting (XSS) - Generic,2017-02-16
183878,U.S. Dept Of Defense,Reflected XSS on a Navy website,hackerone.com/reports/183878,7,0.0,Cross-site Scripting (XSS) - Generic,2017-01-11
183925,U.S. Dept Of Defense,Unrestricted File Download / Path Traversal,hackerone.com/reports/183925,13,0.0,Information Disclosure,2017-01-11
183971,U.S. Dept Of Defense,Stored cross-site scripting (XSS) on a DoD website,hackerone.com/reports/183971,4,0.0,Cross-site Scripting (XSS) - Generic,2017-03-16
183978,U.S. Dept Of Defense,Local File Inclusion vulnerability on an Army system allows downloading local files,hackerone.com/reports/183978,48,0.0,Information Disclosure,2017-01-06
184042,U.S. Dept Of Defense,Reflected cross-site scripting vulnerability on a DoD website,hackerone.com/reports/184042,11,0.0,Cross-site Scripting (XSS) - Generic,2017-04-07
184057,Pushwoosh,"Read Application Name , Subscribers Count ",hackerone.com/reports/184057,13,0.0,Information Disclosure,2016-11-23
184076,U.S. Dept Of Defense,Information disclosure on a DoD website,hackerone.com/reports/184076,7,0.0,Information Disclosure,2017-07-03
184125,U.S. Dept Of Defense,Reflected XSS vulnerability on a DoD website,hackerone.com/reports/184125,4,0.0,Cross-site Scripting (XSS) - Generic,2017-06-23
184199,U.S. Dept Of Defense,Reflected XSS on an Army website,hackerone.com/reports/184199,8,0.0,Cross-site Scripting (XSS) - Generic,2017-01-12
184200,U.S. Dept Of Defense,Reflected XSS on a DoD website,hackerone.com/reports/184200,3,0.0,Cross-site Scripting (XSS) - Generic,2017-06-01
184279,U.S. Dept Of Defense,RCE on a Department of Defense website,hackerone.com/reports/184279,27,0.0,Code Injection,2017-01-11
184286,U.S. Dept Of Defense,Reflected XSS on a Department of Defense website,hackerone.com/reports/184286,8,0.0,Cross-site Scripting (XSS) - Generic,2017-01-12
184472,U.S. Dept Of Defense,http://████/data.json  showing users sensitive information via  json file,hackerone.com/reports/184472,13,0.0,Information Disclosure,2019-12-02
184495,U.S. Dept Of Defense,Cross-site scripting (XSS) vulnerability on a DoD website,hackerone.com/reports/184495,6,0.0,Cross-site Scripting (XSS) - Generic,2017-04-07
184558,U.S. Dept Of Defense,Information disclosure vulnerability on a DoD website,hackerone.com/reports/184558,3,0.0,Information Disclosure,2017-07-05
184575,U.S. Dept Of Defense,Cross-site scripting vulnerability on a DoD website,hackerone.com/reports/184575,4,0.0,Cross-site Scripting (XSS) - Generic,2017-03-16
184596,U.S. Dept Of Defense,Unrestricted File Upload,hackerone.com/reports/184596,31,0.0,Command Injection - Generic,2016-12-22
184661,shopify-scripts,mruby-time: Crash host with uninitialized Time obj,hackerone.com/reports/184661,3,8000.0,Memory Corruption - Generic,2016-12-16
184698,Slack,Eavesdropping on private Slack calls,hackerone.com/reports/184698,68,1000.0,Improper Authentication - Generic,2017-02-08
184712,shopify-scripts,Denial of service due to invalid memory access in mrb_ary_concat,hackerone.com/reports/184712,9,8000.0,Uncontrolled Resource Consumption,2016-12-17
184715,shopify-scripts,Read after free in mrb_vm_exec with OP_ARYCAT reading R(B),hackerone.com/reports/184715,8,1000.0,Memory Corruption - Generic,2016-12-18
184750,U.S. Dept Of Defense,Reflected XSS on a DoD website,hackerone.com/reports/184750,8,0.0,Cross-site Scripting (XSS) - Generic,2017-06-01
184759,U.S. Dept Of Defense,XSS on a DoD website,hackerone.com/reports/184759,8,0.0,Cross-site Scripting (XSS) - Generic,2017-04-27
184857,shopify-scripts,Crash: calling Proc::initialize_copy with a Proc instance where initialize never ran leads to a crash,hackerone.com/reports/184857,4,8000.0,Memory Corruption - Generic,2016-12-16
184877,U.S. Dept Of Defense, Out-of-date Version (Apache) ,hackerone.com/reports/184877,6,0.0,Privilege Escalation,2019-12-02
184881,"OWOX, Inc.",invalid URL parsing with and '@',hackerone.com/reports/184881,2,0.0,HTTP Response Splitting,2017-05-22
184884,"OWOX, Inc.",Subdomain Takeover on  http://blog.owox.com/,hackerone.com/reports/184884,2,0.0,Improper Authentication - Generic,2017-05-22
184901,U.S. Dept Of Defense,Stored cross site scripting (XSS) vulnerability on a DoD website,hackerone.com/reports/184901,4,0.0,Cross-site Scripting (XSS) - Generic,2017-06-23
184933,U.S. Dept Of Defense,Insecure direct object reference vulnerability on a DoD website,hackerone.com/reports/184933,7,0.0,Privilege Escalation,2017-06-01
185041,shopify-scripts,Type confusion in mrb_exc_set leading to memory corruption,hackerone.com/reports/185041,40,0.0,Uncontrolled Resource Consumption,2016-12-16
185051,shopify-scripts,Type confusion in wrap_decimal leading to memory corruption,hackerone.com/reports/185051,35,0.0,Code Injection,2017-01-15
185387,shopify-scripts,Null pointer dereference regression in parse.y,hackerone.com/reports/185387,5,1000.0,Uncontrolled Resource Consumption,2016-12-17
185705,shopify-scripts,Null pointer dereference in mrb_str_concat,hackerone.com/reports/185705,2,0.0,Uncontrolled Resource Consumption,2016-12-17
185775,shopify-scripts,Crash: Initialize Decimal with itself triggers an assertion,hackerone.com/reports/185775,10,10000.0,,2016-12-16
185794,shopify-scripts,"Crash: mrb_any_to_s can't handle NilClass, Symbol and Fixnum",hackerone.com/reports/185794,4,8000.0,Memory Corruption - Generic,2016-12-16
185826,Shopify,XSS in my.shopify.com in  widget,hackerone.com/reports/185826,5,500.0,Cross-site Scripting (XSS) - Generic,2017-07-21
185833,Gratipay,Incomplete or No Cache-control and Pragma HTTP Header Set,hackerone.com/reports/185833,6,0.0,,2017-03-17
185835,Gratipay,Secure Pages Include Mixed Content,hackerone.com/reports/185835,4,0.0,,2016-12-29
185862,X / xAI,Twitter for android is exposing user's location to any installed android app,hackerone.com/reports/185862,23,560.0,Information Disclosure,2017-01-13
185899,shopify-scripts,Invalid memory write caused by incorrect upper bound in array_copy,hackerone.com/reports/185899,6,1000.0,Uncontrolled Resource Consumption,2016-12-18
185907,Ian Dunn,unchecked unserialize usage in WordPress-Functionality-Plugin-Skeleton/functionality-plugin-skeleton.php,hackerone.com/reports/185907,7,25.0,,2016-12-29
185909,Ian Dunn,unchecked unserialize usages in audit-trail-extension/audit-trail-extension.php,hackerone.com/reports/185909,9,50.0,,2016-12-30
185914,Ian Dunn,constant cache_page_secret in regolith,hackerone.com/reports/185914,7,25.0,,2016-12-30
185957,shopify-scripts,Crash: A call to Symbol.new leads to a crash when inspecting the resulting object,hackerone.com/reports/185957,3,1000.0,Memory Corruption - Generic,2016-12-16
186156,U.S. Dept Of Defense,SQL Injection vulnerability on a DoD website,hackerone.com/reports/186156,9,0.0,Cross-site Scripting (XSS) - Generic,2017-01-11
186189,U.S. Dept Of Defense,Information leakage on a Department of Defense website,hackerone.com/reports/186189,7,0.0,Improper Authentication - Generic,2017-01-12
186194,GitLab,State filter in IssuableFinder allows attacker to delete all issues and merge requests,hackerone.com/reports/186194,11,0.0,Privilege Escalation,2016-12-06
186230,HackerOne,"Internal attachments can be exported via ""Export as .zip"" feature",hackerone.com/reports/186230,269,12500.0,Information Disclosure,2016-11-30
186307,U.S. Dept Of Defense,Information disclosure vulnerability on a DoD website,hackerone.com/reports/186307,3,0.0,Information Disclosure,2017-04-27
186308,U.S. Dept Of Defense,Information disclosure vulnerability in a DoD website,hackerone.com/reports/186308,4,0.0,Cryptographic Issues - Generic,2017-06-23
186315,U.S. Dept Of Defense,Cross-site scripting (XSS) vulnerability on a DoD website,hackerone.com/reports/186315,4,0.0,Cross-site Scripting (XSS) - Generic,2017-03-16
186316,U.S. Dept Of Defense,DNS Misconfiguration,hackerone.com/reports/186316,4,0.0,,2016-12-22
186317,U.S. Dept Of Defense,Information disclosure on a DoD website,hackerone.com/reports/186317,2,0.0,Information Disclosure,2017-03-16
186326,U.S. Dept Of Defense,Arbitary file download vulnerability on a DoD website,hackerone.com/reports/186326,6,0.0,Information Disclosure,2017-07-05
186352,Phabricator,Fetching binaries (for software installation) over HTTP without verification (RCE as ROOT by MITM),hackerone.com/reports/186352,8,300.0,,2016-12-29
186367,U.S. Dept Of Defense,SQLi in LASCO CME Query,hackerone.com/reports/186367,8,0.0,SQL Injection,2026-01-12
186393,"OWOX, Inc.",Subdomain Takeover on OWOX.RU,hackerone.com/reports/186393,2,0.0,Improper Authentication - Generic,2017-05-22
186402,U.S. Dept Of Defense,Cross-Site Scripting (XSS) on a DoD website,hackerone.com/reports/186402,4,0.0,Cross-site Scripting (XSS) - Generic,2017-04-27
186462,Shopify,Stored XSS at 'Buy Button' page,hackerone.com/reports/186462,13,500.0,Cross-site Scripting (XSS) - Generic,2016-12-16
186530,U.S. Dept Of Defense,Information disclosure vulnerability on a DoD website,hackerone.com/reports/186530,5,0.0,Information Disclosure,2017-08-15
186554,Starbucks,Stored XSS in Adress Book (starbucks.com/account/profile),hackerone.com/reports/186554,9,0.0,Cross-site Scripting (XSS) - Generic,2017-05-31
186586,"OWOX, Inc.",Access to Grafana Dashboard,hackerone.com/reports/186586,12,0.0,Information Disclosure,2017-01-06
186723,shopify-scripts,Crash: Overwriting NoMethodError with a builtin class crashes/corrupts memory,hackerone.com/reports/186723,20,10000.0,Memory Corruption - Generic,2017-03-01
186766,Starbucks,Subdomain takeover on happymondays.starbucks.com due to non-used AWS S3 DNS record,hackerone.com/reports/186766,105,0.0,Privilege Escalation,2016-12-19
186862,PortSwigger Web Security,Order-phishing via Payment ID URL,hackerone.com/reports/186862,6,0.0,Cross-Site Request Forgery (CSRF),2016-11-30
187006,U.S. Dept Of Defense,Open Redirect in a DoD website,hackerone.com/reports/187006,5,0.0,Open Redirect,2017-02-14
187025,Pushwoosh,Publicy accessible IDRAC instance at api-m.inapp.pushwoosh.com,hackerone.com/reports/187025,11,0.0,Improper Authentication - Generic,2017-03-29
187134,PortSwigger Web Security,JSBeautifier BApp: Race condition leads to memory disclosure,hackerone.com/reports/187134,32,0.0,Memory Corruption - Generic,2016-12-07
187232,U.S. Dept Of Defense,Arbitrary Script Injection (Mail) in a DoD Website,hackerone.com/reports/187232,4,0.0,Cross-site Scripting (XSS) - Generic,2017-03-16
187305,shopify-scripts,Invalid handling of zero-length heredoc identifiers leads to infinite loop in the sandbox,hackerone.com/reports/187305,23,10000.0,Uncontrolled Resource Consumption,2017-01-12
187380,ownCloud,Stored xss,hackerone.com/reports/187380,5,0.0,Cross-site Scripting (XSS) - Generic,2017-03-30
187410,Slack,Store XSS,hackerone.com/reports/187410,43,0.0,Cross-site Scripting (XSS) - Generic,2017-01-01
187460,Nextcloud,Files Drop: WebDAV endpoint is leaking existence of resources,hackerone.com/reports/187460,9,0.0,Information Disclosure,2017-01-01
187520,WordPress,Wordpress 4.7 - CSRF -> HTTP SSRF any private ip:port and basic-auth,hackerone.com/reports/187520,21,0.0,Cross-Site Request Forgery (CSRF),2017-11-20
187536,shopify-scripts,Null pointer derefence due to bug in codegen with negation without using value,hackerone.com/reports/187536,9,10000.0,Uncontrolled Resource Consumption,2016-12-17
187539,shopify-scripts,Null pointer dereference due to bug in codegen with negation of floats,hackerone.com/reports/187539,2,0.0,Uncontrolled Resource Consumption,2016-12-17
187542,Brave Software,Brave Browser unexpectedly allows to send arbitrary IPC messages,hackerone.com/reports/187542,9,0.0,Command Injection - Generic,2018-09-18
187705,U.S. Dept Of Defense,Authentication bypass vulnerability on a DoD website,hackerone.com/reports/187705,12,0.0,Improper Authentication - Generic,2017-02-15
187714,X / xAI,Vine - overwrite account associated with email via android application,hackerone.com/reports/187714,30,280.0,Improper Authentication - Generic,2017-06-14
187759,U.S. Dept Of Defense,Persistent XSS vulnerability on a DoD website,hackerone.com/reports/187759,4,0.0,Cross-site Scripting (XSS) - Generic,2017-02-14
187822,U.S. Dept Of Defense,Reflected XSS vulnerability on a DoD website,hackerone.com/reports/187822,5,0.0,Cross-site Scripting (XSS) - Generic,2017-06-16
187881,U.S. Dept Of Defense,XSS vulnerability on an Army website,hackerone.com/reports/187881,5,0.0,Cross-site Scripting (XSS) - Generic,2017-01-11
187969,U.S. Dept Of Defense,Open redirect vulnerability in a DoD website,hackerone.com/reports/187969,6,0.0,Open Redirect,2017-06-23
188078,Brave Software,Command Execution because of extension handling,hackerone.com/reports/188078,8,0.0,Command Injection - Generic,2017-08-10
188086,Brave Software,Sending arbitrary IPC messages via overriding Function.prototype.apply,hackerone.com/reports/188086,53,0.0,Command Injection - Generic,2018-09-18
188102,Internet Bug Bounty,3 heap corruptions in PHP,hackerone.com/reports/188102,1,1500.0,Memory Corruption - Generic,2019-11-12
188124,U.S. Dept Of Defense,Violation of secure design principles on a DoD website,hackerone.com/reports/188124,7,0.0,Violation of Secure Design Principles,2017-07-05
188132,Nextcloud,Wordpress Version Disclosure Bug On Nextcloud,hackerone.com/reports/188132,6,0.0,Information Disclosure,2016-12-04
188149,U.S. Dept Of Defense,Personal information disclosure on a DoD website,hackerone.com/reports/188149,9,0.0,Information Disclosure,2017-02-16
188185,Starbucks,Dom Based Xss DIV.innerHTML  parameters store.starbucks*,hackerone.com/reports/188185,15,0.0,Cross-site Scripting (XSS) - Generic,2017-01-12
188195,Nextcloud,Login Hints on Admin Panel,hackerone.com/reports/188195,3,0.0,Violation of Secure Design Principles,2016-12-05
188205,Nextcloud,BruteForce in to Admin Account,hackerone.com/reports/188205,2,0.0,Improper Authentication - Generic,2016-12-04
188266,Shopify,Redirect in adding advance cash on delivery app,hackerone.com/reports/188266,7,0.0,Open Redirect,2017-06-27
188284,U.S. Dept Of Defense,Remote code execution on an Army website,hackerone.com/reports/188284,31,0.0,Code Injection,2017-01-12
188313,shopify-scripts,Segmentation fault due to bad memory access in kh_get_mt,hackerone.com/reports/188313,4,8000.0,Uncontrolled Resource Consumption,2016-12-17
188326,shopify-scripts,Buffer overflow in mrb_time_asctime,hackerone.com/reports/188326,13,10000.0,Uncontrolled Resource Consumption,2016-12-18
188561,Brave Software,Sending arbitrary IPC messages via overriding Array.prototype.push,hackerone.com/reports/188561,6,0.0,Command Injection - Generic,2018-09-18
188661,Internet Bug Bounty,Invalid read when wddx decodes empty boolean element,hackerone.com/reports/188661,1,0.0,Memory Corruption - Generic,2019-11-12
188691,U.S. Dept Of Defense,Reflected XSS in a Navy website,hackerone.com/reports/188691,8,0.0,Cross-site Scripting (XSS) - Generic,2017-01-06
188719,HackerOne,Information Disclosure in /skills call,hackerone.com/reports/188719,285,10000.0,Information Disclosure,2017-01-05
188743,U.S. Dept Of Defense,XXE on DoD web server,hackerone.com/reports/188743,36,0.0,XML External Entities (XXE),2017-01-09
188929,U.S. Dept Of Defense,Time Based SQL Injection vulnerability on a DoD website,hackerone.com/reports/188929,4,0.0,SQL Injection,2017-06-16
188972,Starbucks,Persistent XSS in www.starbucks.com,hackerone.com/reports/188972,35,0.0,Cross-site Scripting (XSS) - Generic,2017-01-17
189023,Legal Robot,S3 ACL misconfiguration,hackerone.com/reports/189023,3,0.0,Improper Authentication - Generic,2017-08-29
189069,U.S. Dept Of Defense,SQL injection vulnerability on a DoD website,hackerone.com/reports/189069,7,0.0,SQL Injection,2017-06-16
189149,U.S. Dept Of Defense,QuickTime Promotion on a DoD website,hackerone.com/reports/189149,7,0.0,Violation of Secure Design Principles,2017-02-15
189241,U.S. Dept Of Defense,Reflected XSS on a DoD website,hackerone.com/reports/189241,4,0.0,Cross-site Scripting (XSS) - Generic,2017-06-01
189332,U.S. Dept Of Defense,SQL injection vulnerability on a DoD website,hackerone.com/reports/189332,14,0.0,SQL Injection,2017-02-17
189356,Urban Dictionary,Text injection on Auth problem at urbandictionary.com,hackerone.com/reports/189356,11,0.0,Violation of Secure Design Principles,2017-01-17
189378,Shopify,Unauthenticated Stored XSS on <any>.myshopify.com via checkout page,hackerone.com/reports/189378,14,0.0,Cross-site Scripting (XSS) - Generic,2016-12-16
189414,U.S. Dept Of Defense,Information disclosure on a DoD website,hackerone.com/reports/189414,7,0.0,Information Disclosure,2017-03-16
189458,U.S. Dept Of Defense,Information disclosure vulnerability on a DoD website,hackerone.com/reports/189458,7,0.0,Information Disclosure,2017-06-01
189548,X / xAI,GNIP subdomain take over,hackerone.com/reports/189548,30,0.0,,2017-02-06
189633,shopify-scripts,Certain inputs cause tight C-level recursion leading to process stack overflow,hackerone.com/reports/189633,11,10000.0,Memory Corruption - Generic,2017-03-14
189648,U.S. Dept Of Defense,Server Side Request Forgery (SSRF) vulnerability in a DoD website,hackerone.com/reports/189648,6,0.0,Server-Side Request Forgery (SSRF),2017-08-15
189704,shopify-scripts,Segmentation fault due to invalid memory access in codegen when using break with the 127th argument a constant,hackerone.com/reports/189704,2,0.0,Uncontrolled Resource Consumption,2016-12-17
189726,HackerOne,Websites opened from reports can change url of report page ,hackerone.com/reports/189726,50,0.0,Open Redirect,2017-02-25
189768,Quora,[controlsyou.quora.com] 429 Too Many Requests Error-Page XSS,hackerone.com/reports/189768,20,0.0,Cross-site Scripting (XSS) - Generic,2017-03-31
189793,Quora,[Android] XSS via start ContentActivity,hackerone.com/reports/189793,50,0.0,Cross-site Scripting (XSS) - Generic,2017-04-05
189834,Informatica,[kb.informatica.com] DOM based XSS in the bindBreadCrumb function,hackerone.com/reports/189834,10,0.0,Cross-site Scripting (XSS) - Generic,2017-06-24
189851,U.S. Dept Of Defense,Time Based SQL Injection vulnerability on a DoD website,hackerone.com/reports/189851,9,0.0,SQL Injection,2017-07-05
189878,Ruby on Rails,CSRF header is sent to external websites when using data-remote forms,hackerone.com/reports/189878,2,0.0,Cross-Site Request Forgery (CSRF),2020-05-26
190015,Gratipay,Certificate signed using SHA-1,hackerone.com/reports/190015,3,0.0,,2016-12-29
190016,Informatica,[network.informatica.com] The login form XSS via the referer value,hackerone.com/reports/190016,7,0.0,Cross-site Scripting (XSS) - Generic,2017-05-22
190020,Informatica,"[careers.informatica.com] XSS on ""isJTN""",hackerone.com/reports/190020,5,0.0,Cross-site Scripting (XSS) - Generic,2017-04-07
190133,shopify-scripts,Segfault when passing invalid values to `values_at`,hackerone.com/reports/190133,5,1000.0,Uncontrolled Resource Consumption,2016-12-17
190194,Gratipay,Cookie HttpOnly Flag Not Set ,hackerone.com/reports/190194,4,0.0,,2016-12-29
190205,U.S. Dept Of Defense,Reflected XSS on a DoD website,hackerone.com/reports/190205,3,0.0,Cross-site Scripting (XSS) - Generic,2017-06-16
190217,Informatica,[marketplace.informatica.com] Profile stored XSS,hackerone.com/reports/190217,4,0.0,Cross-site Scripting (XSS) - Generic,2017-04-19
190247,GoCD,Reflected XSS vector,hackerone.com/reports/190247,8,0.0,Cross-site Scripting (XSS) - Generic,2017-02-22
190373,Gratipay,Gratipay uses the random module's cryptographically insecure PRNG.,hackerone.com/reports/190373,5,0.0,Cryptographic Issues - Generic,2016-12-12
190427,U.S. Dept Of Defense,Reflected XSS on a DoD website,hackerone.com/reports/190427,4,0.0,Cross-site Scripting (XSS) - Generic,2017-06-16
190798,Starbucks,Reflected XSS on teavana.com (Locale-Change),hackerone.com/reports/190798,15,0.0,Cross-site Scripting (XSS) - Generic,2017-06-09
190863,Internet Bug Bounty,imagefilltoborder stackoverflow on truecolor images,hackerone.com/reports/190863,2,500.0,Uncontrolled Resource Consumption,2017-02-07
190870,Nextcloud,Stored XSS on new Calling plugin (spreed),hackerone.com/reports/190870,4,0.0,Cross-site Scripting (XSS) - Generic,2016-12-13
190933,Internet Bug Bounty,Invalid parameter in memcpy function trough openssl_pbkdf2,hackerone.com/reports/190933,4,500.0,Memory Corruption - Generic,2017-02-08
190951,Shopify,XSS on manually entering Postal codes,hackerone.com/reports/190951,21,500.0,Cross-site Scripting (XSS) - Generic,2016-12-17
190964,Gratipay,Content type incorrectly stated,hackerone.com/reports/190964,2,0.0,,2016-12-27
191179,Starbucks,http://digital.starbucks.com/ Creation of Google G Suite Account on Behalf of starbucks. ,hackerone.com/reports/191179,11,0.0,Information Disclosure,2017-01-17
191196,Uber,Authorization issue in Google G Suite allows DoS through HTTP redirect,hackerone.com/reports/191196,62,0.0,Uncontrolled Resource Consumption,2017-02-09
191216,GitLab,SSRF via git Repo by URL Abuse,hackerone.com/reports/191216,3,0.0,Server-Side Request Forgery (SSRF),2017-11-28
191220,PortSwigger Web Security,HTTP OPTION Method is Enabled on portswigger.net ,hackerone.com/reports/191220,6,0.0,Violation of Secure Design Principles,2016-12-27
191243,U.S. Dept Of Defense,File upload vulnerability on a DoD website,hackerone.com/reports/191243,10,0.0,Unrestricted Upload of File with Dangerous Type,2017-03-16
191323,X / xAI,Sub Domain Takeover at mk.prd.vine.co,hackerone.com/reports/191323,7,140.0,,2017-02-13
191328,shopify-scripts,Invalid memory access in `mrb_str_format`,hackerone.com/reports/191328,4,100.0,Uncontrolled Resource Consumption,2017-01-11
191380,X / xAI,CRLF and XSS stored on ton.twitter.com,hackerone.com/reports/191380,31,1680.0,Cross-site Scripting (XSS) - Generic,2017-07-05
191381,U.S. Dept Of Defense,Reflected cross-site scripting (XSS) vulnerability on a DoD website,hackerone.com/reports/191381,5,0.0,Cross-site Scripting (XSS) - Generic,2017-06-23
191407,U.S. Dept Of Defense,DOM Based XSS on an Army website,hackerone.com/reports/191407,12,0.0,Cross-site Scripting (XSS) - Generic,2017-01-12
191416,U.S. Dept Of Defense,DOM Based XSS on a DoD website,hackerone.com/reports/191416,3,0.0,Cross-site Scripting (XSS) - Generic,2017-06-16
191608,U.S. Dept Of Defense,Cross-site request forgery vulnerability on a DoD website,hackerone.com/reports/191608,6,0.0,Cross-Site Request Forgery (CSRF),2017-03-16
191643,Legal Robot,Password complexity requirements not enforced,hackerone.com/reports/191643,18,0.0,Improper Authentication - Generic,2017-02-04
191689,shopify-scripts,Incorrect code generation when result of NODE_NEGATE is not used,hackerone.com/reports/191689,8,1000.0,Uncontrolled Resource Consumption,2017-01-12
191810,Uber,Reflected XSS in lert.uber.com,hackerone.com/reports/191810,39,0.0,Cross-site Scripting (XSS) - Reflected,2018-12-19
191830,U.S. Dept Of Defense,Server side information disclosure on a DoD website,hackerone.com/reports/191830,4,0.0,Information Disclosure,2017-06-01
191831,U.S. Dept Of Defense,Cross-site request forgery (CSRF) vulnerability on a DoD website,hackerone.com/reports/191831,3,0.0,Cross-Site Request Forgery (CSRF),2017-06-16
191884,X / xAI,Remote Unrestricted file Creation/Deletion and Possible RCE.,hackerone.com/reports/191884,99,0.0,Code Injection,2017-02-26
191890,Discourse,DOM Based XSS in Discourse Search,hackerone.com/reports/191890,29,0.0,Cross-site Scripting (XSS) - Generic,2017-01-10
191902,U.S. Dept Of Defense,HTML injection vulnerability on a DoD website,hackerone.com/reports/191902,6,0.0,Cross-site Scripting (XSS) - Generic,2017-04-27
191909,Discourse,XSS Vulnerability on Image link parser,hackerone.com/reports/191909,15,256.0,Cross-site Scripting (XSS) - Generic,2017-01-10
191938,shopify-scripts,SIGSEGV on mruby mrb_get_args() ,hackerone.com/reports/191938,4,0.0,Uncontrolled Resource Consumption,2017-02-10
191979,Nextcloud,Limitation of app specific password scope can be bypassed (NC-SA-2017-009),hackerone.com/reports/191979,5,300.0,Privilege Escalation,2017-05-08
191994,shopify-scripts,SIGSEGV mrb_obj_freeze() Manipulating Register RAX and RSI,hackerone.com/reports/191994,4,0.0,Memory Corruption - Generic,2017-02-10
192074,U.S. Dept Of Defense,Default credentials on a DoD website,hackerone.com/reports/192074,9,0.0,Improper Authentication - Generic,2017-07-03
192079,U.S. Dept Of Defense,SQL Injection vulnerability in a DoD website,hackerone.com/reports/192079,4,0.0,SQL Injection,2017-06-23
192082,U.S. Dept Of Defense,Attackers can control which security questions they are presented (████████),hackerone.com/reports/192082,4,0.0,Improper Authentication - Generic,2019-12-02
192110,U.S. Dept Of Defense,SQL Injection vulnerability in a DoD website,hackerone.com/reports/192110,4,0.0,SQL Injection,2017-06-23
192127,Ruby,Buffer underflow in sprintf,hackerone.com/reports/192127,7,0.0,Memory Corruption - Generic,2017-03-05
192131,Bumble,CSRF Attack on (m.badoo.com)deleting account and erasing imported contacts,hackerone.com/reports/192131,5,280.0,Cross-Site Request Forgery (CSRF),2017-02-06
192140,Shopify,XSS on postal codes,hackerone.com/reports/192140,15,0.0,Cross-site Scripting (XSS) - Generic,2017-01-11
192197,Coinbase, Information disclosure in coinbase android app,hackerone.com/reports/192197,1,0.0,Improper Authentication - Generic,2017-08-30
192210,Shopify,Stored XSS in blog comments through Shopify API,hackerone.com/reports/192210,48,0.0,Cross-site Scripting (XSS) - Generic,2017-03-16
192223,Discourse,XSS vulnerability on Audio and Video parsers,hackerone.com/reports/192223,15,256.0,Cross-site Scripting (XSS) - Generic,2017-01-10
192235,shopify-scripts,Integer Overflow in mrb_ary_set,hackerone.com/reports/192235,3,100.0,Memory Corruption - Generic,2017-01-12
192318,shopify-scripts,mrb_vformat() heap overflow could lead to code execution,hackerone.com/reports/192318,4,0.0,Memory Corruption - Generic,2017-02-10
192321,U.S. Dept Of Defense,Open FTP server on a DoD system,hackerone.com/reports/192321,14,0.0,File and Directory Information Exposure,2019-10-08
192362,shopify-scripts,Heap Overflow in mrb_arb_splice,hackerone.com/reports/192362,4,800.0,Memory Corruption - Generic,2017-01-12
192485,shopify-scripts,SIGSEGV on mrb_vm_exec() Null Deref,hackerone.com/reports/192485,3,0.0,Uncontrolled Resource Consumption,2017-03-01
192512,Internet Bug Bounty,RCE on default Ubuntu Desktop >= 12.10 Quantal,hackerone.com/reports/192512,6,0.0,Command Injection - Generic,2019-11-12
192532,shopify-scripts,"SIGABRT, SIGSEGV mspace_free() and mrb_default_allocf()",hackerone.com/reports/192532,3,0.0,Uncontrolled Resource Consumption,2017-03-01
192567,U.S. Dept Of Defense,Remote code execution vulnerability on a DoD website,hackerone.com/reports/192567,6,0.0,Code Injection,2017-06-23
192577,U.S. Dept Of Defense,Server side information disclosure,hackerone.com/reports/192577,3,0.0,Information Disclosure,2017-01-06
192578,shopify-scripts,kh_get_n2s() stack overrun,hackerone.com/reports/192578,8,0.0,Memory Corruption - Generic,2017-03-09
192611,Discourse,Users can bookmark other user's messages,hackerone.com/reports/192611,7,0.0,Privilege Escalation,2017-01-10
192665,shopify-scripts,heap-buffer-overflow on mruby,hackerone.com/reports/192665,4,100.0,Memory Corruption - Generic,2017-02-10
192667,Starbucks,"[stagecafrstore.starbucks.com] CRLF Injection, XSS",hackerone.com/reports/192667,27,0.0,Cross-site Scripting (XSS) - Generic,2018-01-22
192734,shopify-scripts,SIGSEGV Null Pointer mrb_str_concat(),hackerone.com/reports/192734,5,0.0,Uncontrolled Resource Consumption,2017-02-10
192749,Starbucks,"[newscdn.starbucks.com] CRLF Injection, XSS",hackerone.com/reports/192749,23,0.0,HTTP Response Splitting,2017-03-09
192751,U.S. Dept Of Defense,XSS vulnerability on a DoD website,hackerone.com/reports/192751,3,0.0,Cross-site Scripting (XSS) - Generic,2017-03-16
192786,Nextcloud,Reflected XSS in U2F plugin by shipping the example endpoints,hackerone.com/reports/192786,10,0.0,Cross-site Scripting (XSS) - Generic,2017-03-22
192886,Mapbox,Mapbox Android SDK uses Broadcast Receiver instead of Local Broadcast Manager,hackerone.com/reports/192886,11,1000.0,Information Disclosure,2017-03-21
192896,shopify-scripts,Memory disclosure in timegm,hackerone.com/reports/192896,7,1000.0,Memory Corruption - Generic,2017-01-31
192922,"OWOX, Inc.",Stored XSS at https://finance.owox.com/customer/accountList,hackerone.com/reports/192922,16,0.0,Cross-site Scripting (XSS) - Generic,2017-02-12
192931,U.S. Dept Of Defense,Server-side include injection vulnerability in a DoD website,hackerone.com/reports/192931,9,0.0,Code Injection,2017-07-03
192940,U.S. Dept Of Defense,"Remote File Inclusion, Malicious File Hosting, and Cross-site Scripting (XSS) in ████████",hackerone.com/reports/192940,5,0.0,Cross-site Scripting (XSS) - Generic,2019-12-02
192986,Gratipay,User Enumeration,hackerone.com/reports/192986,2,0.0,Improper Authentication - Generic,2016-12-27
193056,WebSummit,Subdomain Takeover at http://gameday.websummit.net,hackerone.com/reports/193056,9,0.0,Privilege Escalation,2017-01-30
193075,shopify-scripts,SIGSEGV - mrb_check_intern_str() - NullPointer,hackerone.com/reports/193075,3,0.0,Uncontrolled Resource Consumption,2017-03-01
193077,shopify-scripts,mrb_str_modify try to write to memory not marked for writing,hackerone.com/reports/193077,6,0.0,Uncontrolled Resource Consumption,2017-02-06
193081,shopify-scripts,Null pointer dereference in mrb_str_prepend,hackerone.com/reports/193081,3,800.0,Uncontrolled Resource Consumption,2017-02-07
193143,shopify-scripts,Use After Free in str_replace,hackerone.com/reports/193143,7,800.0,Memory Corruption - Generic,2017-01-31
193419,VK.com,Способ узнать имя человека удаленной страницы,hackerone.com/reports/193419,5,0.0,Information Disclosure,2017-02-09
193436,U.S. Dept Of Defense,SQL injection vulnerability on a DoD website,hackerone.com/reports/193436,4,0.0,SQL Injection,2017-04-27
193478,Starbucks,Create New User Whilst Logged On,hackerone.com/reports/193478,4,0.0,Open Redirect,2017-01-13
193481,U.S. Dept Of Defense,Reflected XSS on a DoD website,hackerone.com/reports/193481,4,0.0,Cross-site Scripting (XSS) - Generic,2017-04-27
193517,shopify-scripts,attempting double-free using the mruby compiler `mrbc`,hackerone.com/reports/193517,6,0.0,Memory Corruption - Generic,2017-02-07
193556,Gratipay,Session Fixation At Logout /Session Misconfiguration,hackerone.com/reports/193556,8,0.0,Improper Authentication - Generic,2016-12-29
193719,shopify-scripts,Double free of filename after codegen error,hackerone.com/reports/193719,6,200.0,Memory Corruption - Generic,2017-02-07
193724,shopify-scripts,SIGSEGV - kh_resize_iv - Null Deref,hackerone.com/reports/193724,4,0.0,Uncontrolled Resource Consumption,2017-03-09
193759,VK.com,Способ узнать имя человека удаленной страницы 2,hackerone.com/reports/193759,5,0.0,Information Disclosure,2017-02-09
193773,shopify-scripts,SIGABRT - mrb_default_allocf ,hackerone.com/reports/193773,13,0.0,Memory Corruption - Generic,2017-02-05
193799,Uber,XSS in ubermovement.com via editable Google Sheets,hackerone.com/reports/193799,11,2000.0,Cross-site Scripting (XSS) - Stored,2018-12-19
193932,U.S. Dept Of Defense,Misconfigured password reset vulnerability on a DoD website,hackerone.com/reports/193932,19,0.0,Improper Authentication - Generic,2017-02-15
193936,U.S. Dept Of Defense,SQL injection vulnerability on a DoD website,hackerone.com/reports/193936,7,0.0,SQL Injection,2017-05-31
194065,Internet Bug Bounty, DoS vulnerability in mod_auth_digest CVE-2016-2161,hackerone.com/reports/194065,6,0.0,Uncontrolled Resource Consumption,2017-04-10
194142,Legal Robot,Legal Robot AWS S3 Bucket Directory Listing,hackerone.com/reports/194142,14,0.0,Information Disclosure,2017-10-11
194294,U.S. Dept Of Defense,Reflected XSS on a DoD website,hackerone.com/reports/194294,4,0.0,Cross-site Scripting (XSS) - Generic,2017-05-31
194308,U.S. Dept Of Defense,Password reset vulnerability on a DoD website,hackerone.com/reports/194308,9,0.0,Improper Authentication - Generic,2017-03-16
194318,Starbucks,Brute Force Attack against PIN on Card History Page Could Lead to Card Information Discovery / Fraud,hackerone.com/reports/194318,9,0.0,Violation of Secure Design Principles,2017-02-28
194329,Nextcloud,No session logout after changing password & alsoandroid sessions not shown in sessions list so they can be deleted,hackerone.com/reports/194329,35,0.0,Violation of Secure Design Principles,2020-02-09
194351,Yelp,Able to download arbitrary  PHP files at yelpblog.com,hackerone.com/reports/194351,21,0.0,Privilege Escalation,2017-02-06
194454,Starbucks,Exposed Unencrypted Telnet Endpoint,hackerone.com/reports/194454,16,0.0,,2017-02-08
194564,Nextcloud,Review remote code execution in SwiftMailer,hackerone.com/reports/194564,4,0.0,Code Injection,2017-02-18
194594,Uber,IDOR on partners.uber.com allows for a driver to override administrator documents,hackerone.com/reports/194594,23,0.0,Insecure Direct Object Reference (IDOR),2018-12-19
194721,Yelp,Verification of email addresses possible through https://www.yelp.com/signup/facebook,hackerone.com/reports/194721,10,0.0,Information Disclosure,2017-09-16
194832,Shopify,Authentication Bypass on monitoring server,hackerone.com/reports/194832,12,0.0,Improper Authentication - Generic,2017-01-11
194866,shopify-scripts,Deleting Key-value pair from Frozen HASH or Clearing a Frozen HASH,hackerone.com/reports/194866,12,0.0,Violation of Secure Design Principles,2017-01-05
194884,shopify-scripts,Heap use-after-free during range creation,hackerone.com/reports/194884,5,200.0,Memory Corruption - Generic,2017-02-07
194906,shopify-scripts,Heap overflow due to off-by-one when expanding stack,hackerone.com/reports/194906,5,800.0,Memory Corruption - Generic,2017-02-07
195051,U.S. Dept Of Defense,SQL injection vulnerability in a DoD website,hackerone.com/reports/195051,4,0.0,SQL Injection,2017-06-23
195058,GitLab,Users can download old project exports due to unclaimed namespace,hackerone.com/reports/195058,10,0.0,Information Disclosure,2017-01-23
195088,GitLab,Every user can delete public deploy keys,hackerone.com/reports/195088,12,0.0,Privilege Escalation,2017-01-23
195134,GitLab,User with guest access can access private merge requests,hackerone.com/reports/195134,13,0.0,Privilege Escalation,2017-01-23
195140,GitLab,"Users with guest access can post notes to private merge requests, issues, and snippets",hackerone.com/reports/195140,9,0.0,Privilege Escalation,2017-01-23
195156,Shopify,CSRF in all API endpoints when authenticated using HTTP Authentication,hackerone.com/reports/195156,30,0.0,Cross-Site Request Forgery (CSRF),2017-03-28
195163,Starbucks,SAP Server - default credentials enabled,hackerone.com/reports/195163,28,0.0,Improper Authentication - Generic,2017-02-28
195205,Uber,lert.uber.com: Few default folders/files of AURA Framework are accessible,hackerone.com/reports/195205,5,0.0,Information Disclosure,2018-12-19
195350,Slack,Subdomain takeover on podcasts.slack-core.com,hackerone.com/reports/195350,27,100.0,Cross-site Scripting (XSS) - Generic,2017-01-04
195356,U.S. Dept Of Defense,HTML Injection/Load Images vulnerability on a DoD website,hackerone.com/reports/195356,4,0.0,Violation of Secure Design Principles,2017-03-16
195544,U.S. Dept Of Defense,Exposed Access Control Data Backup Files on DoD Website,hackerone.com/reports/195544,10,0.0,Improper Authentication - Generic,2017-02-15
195580,Internet Bug Bounty,Crash (DoS) when parsing a hostile TIFF,hackerone.com/reports/195580,3,0.0,Uncontrolled Resource Consumption,2019-10-13
195586,Internet Bug Bounty,Memory corruption when parsing a hostile PHAR archive,hackerone.com/reports/195586,12,0.0,Memory Corruption - Generic,2019-10-13
195635,U.S. Dept Of Defense,Video player on ███ allows arbitrary remote videos to be played,hackerone.com/reports/195635,26,0.0,Violation of Secure Design Principles,2019-12-02
195636,U.S. Dept Of Defense,Information disclosure vulnerability on a DoD website,hackerone.com/reports/195636,5,0.0,Violation of Secure Design Principles,2017-06-16
195638,U.S. Dept Of Defense,Information disclosure vulnerability on a DoD website,hackerone.com/reports/195638,5,0.0,Information Disclosure,2017-06-16
195688,Internet Bug Bounty,NULL Pointer Dereference while unserialize php object,hackerone.com/reports/195688,2,0.0,NULL Pointer Dereference,2019-11-12
195836,U.S. Dept Of Defense,Information disclosure vulnerability on a DoD website,hackerone.com/reports/195836,4,0.0,Information Disclosure,2017-06-16
195842,shopify-scripts,Segmentation fault - mrb_gc_mark,hackerone.com/reports/195842,3,0.0,Uncontrolled Resource Consumption,2017-03-09
195950,Internet Bug Bounty,Use of uninitialized memory in unserialize(),hackerone.com/reports/195950,3,0.0,Code Injection,2017-06-01
196221,Instacart,XSS in instacart.com/store/partner_recipe,hackerone.com/reports/196221,15,100.0,Cross-site Scripting (XSS) - Generic,2017-05-11
196222,Snapchat,RTLO char allowed in chat,hackerone.com/reports/196222,18,0.0,UI Redressing (Clickjacking),2017-02-28
196300,U.S. Dept Of Defense,Blind SQLi in a DoD Website,hackerone.com/reports/196300,9,0.0,SQL Injection,2017-06-14
196358,HackerOne,Report redaction doesn't apply to report title update activities,hackerone.com/reports/196358,27,0.0,Violation of Secure Design Principles,2017-02-25
196380,shopify-scripts,SIGSEGV in mrb_vm_exec,hackerone.com/reports/196380,4,0.0,Memory Corruption - Generic,2017-03-01
196386,shopify-scripts,SIGSEGV - mrb_vm_exec - vm.c in line:1272,hackerone.com/reports/196386,5,0.0,Uncontrolled Resource Consumption,2017-03-09
196416,shopify-scripts,"Clearing , Shifting and Pop Value from Frozen Array  ",hackerone.com/reports/196416,12,0.0,Violation of Secure Design Principles,2017-08-30
196448,U.S. Dept Of Defense,Local file inclusion vulnerability on a DoD website,hackerone.com/reports/196448,11,0.0,Privilege Escalation,2017-04-27
196458,Shopify,apps.shopify.com - CSRF token leakage through Google Analytics,hackerone.com/reports/196458,48,0.0,Cross-Site Request Forgery (CSRF),2017-02-07
196482,U.S. Dept Of Defense,Information disclosure vulnerability on a DoD website,hackerone.com/reports/196482,5,0.0,Information Disclosure,2017-04-27
196498,shopify-scripts,Segmentation fault on program counter,hackerone.com/reports/196498,10,0.0,Memory Corruption - Generic,2017-02-05
196624,Slack,dom xss in https://www.slackatwork.com,hackerone.com/reports/196624,12,0.0,Cross-site Scripting (XSS) - Generic,2017-03-02
196655,HackerOne,Disclose any user's private email through API,hackerone.com/reports/196655,140,0.0,Information Disclosure,2017-02-24
196819,shopify-scripts,Heap Buffer overflow in mrb_funcall_with_block,hackerone.com/reports/196819,5,800.0,Uncontrolled Resource Consumption,2017-02-27
196833,CodeIgniter,Vulnerable Javascript library,hackerone.com/reports/196833,4,0.0,Violation of Secure Design Principles,2017-01-10
196846,Starbucks,Open redirect / Reflected XSS payload in root that affects all your sites (store.starbucks.* / shop.starbucks.* / teavana.com),hackerone.com/reports/196846,18,0.0,Cross-site Scripting (XSS) - Generic,2017-06-14
196878,Nextcloud,bug reporting template encourages users to paste config file with passwords,hackerone.com/reports/196878,10,0.0,Information Disclosure,2017-04-19
196937,VK.com,Возможность смотреть видео рекомендации любого пользователя вконтакте,hackerone.com/reports/196937,7,0.0,,2017-03-29
196969,ownCloud,bug reporting template encourages users to paste config file with passwords,hackerone.com/reports/196969,3,0.0,Information Disclosure,2017-04-21
196989,FormAssembly,XSS on username when register to proffesional account,hackerone.com/reports/196989,5,0.0,Cross-site Scripting (XSS) - Generic,2017-04-26
197055,U.S. Dept Of Defense,Information disclosure vulnerability on a DoD website,hackerone.com/reports/197055,5,0.0,Information Disclosure,2017-06-16
197115,Yelp,Clickjacking @ Main Domain[www.yelp.com],hackerone.com/reports/197115,0,0.0,UI Redressing (Clickjacking),2017-11-09
197153,Rockstar Games,Ability to post comments to a crew even after getting kicked out,hackerone.com/reports/197153,6,500.0,Violation of Secure Design Principles,2017-08-08
197253,FormAssembly,formassembly.com is vulnerable to padding-oracle attacks.,hackerone.com/reports/197253,5,0.0,Cryptographic Issues - Generic,2017-03-17
197279,Airbnb,[m.airbnb.com] CRLF Injection,hackerone.com/reports/197279,37,2500.0,HTTP Response Splitting,2018-04-03
197334,Airbnb,[airbnb.com] XSS via Cookie flash,hackerone.com/reports/197334,17,0.0,Cross-site Scripting (XSS) - Generic,2018-04-03
197337,Rockstar Games,[IMP] - Blind XSS in the admin panel for reviewing comments,hackerone.com/reports/197337,20,650.0,Cross-site Scripting (XSS) - Generic,2017-03-17
197365,VK.com,SSRF через Share-ботов,hackerone.com/reports/197365,4,300.0,Server-Side Request Forgery (SSRF),2017-04-22
197443,Discourse,XSS in topics because of bandcamp preview engine vulnerability,hackerone.com/reports/197443,15,0.0,Cross-site Scripting (XSS) - Generic,2017-01-20
197489,Uber,Subdomain takeover at signup.uber.com,hackerone.com/reports/197489,79,0.0,Privilege Escalation,2019-01-25
197585,Starbucks,Starbucks.com is reachable via ip address thus possible to link any doamin to Starbucks.,hackerone.com/reports/197585,9,0.0,Cryptographic Issues - Generic,2017-01-26
197693,shopify-scripts,SIGSEGV - mrb_vm_exec - line:1681,hackerone.com/reports/197693,6,0.0,Uncontrolled Resource Consumption,2017-03-09
197694,shopify-scripts,SIGSEGV - mrb_obj_extend - line:413,hackerone.com/reports/197694,8,0.0,Uncontrolled Resource Consumption,2017-03-09
197719,shopify-scripts,Still heap overflow in mrb_ary_splice,hackerone.com/reports/197719,3,800.0,Uncontrolled Resource Consumption,2017-02-07
197723,shopify-scripts,Null pointer dereference in mrb_str_modify,hackerone.com/reports/197723,4,0.0,Uncontrolled Resource Consumption,2017-02-07
197754,U.S. Dept Of Defense,SQL Injection vulnerability in a DoD website,hackerone.com/reports/197754,2,0.0,SQL Injection,2017-08-15
197755,U.S. Dept Of Defense,SQL injection found in US Navy Website (http://███/),hackerone.com/reports/197755,1,0.0,SQL Injection,2019-12-02
197786,ownCloud,User Information Disclosure via REST API,hackerone.com/reports/197786,10,0.0,Information Disclosure,2017-04-19
197789,ok.ru,[insideok.ru] Database Dump,hackerone.com/reports/197789,27,0.0,Improper Authentication - Generic,2018-04-25
197877,Nextcloud,User Information Disclosure via REST API,hackerone.com/reports/197877,8,0.0,Information Disclosure,2017-02-11
197878,Nextcloud,WordPress <= 4.6.1 Stored XSS Via Theme File,hackerone.com/reports/197878,12,0.0,Cross-site Scripting (XSS) - Generic,2017-01-13
197880,Yelp,Nginx version disclosure via forbidden page,hackerone.com/reports/197880,1,0.0,Information Disclosure,2017-11-21
197902,Discourse,Stored XSS in topics because of whitelisted_generic engine vulnerability,hackerone.com/reports/197902,13,0.0,Cross-site Scripting (XSS) - Generic,2017-01-20
197907,U.S. Dept Of Defense,Misconfigured user account settings on DoD website,hackerone.com/reports/197907,4,0.0,Improper Authentication - Generic,2017-03-16
197914,Discourse,Stored XSS in posts because of absence of oembed variables values escaping,hackerone.com/reports/197914,13,0.0,Cross-site Scripting (XSS) - Generic,2017-01-20
197916,shopify-scripts,Crash in print_backtrace,hackerone.com/reports/197916,3,100.0,Uncontrolled Resource Consumption,2017-02-07
197958,Ubiquiti Inc.,[EdgeSwitch] Web GUI command injection as root with Privilege-1 and Privilege-15 users,hackerone.com/reports/197958,27,0.0,Command Injection - Generic,2017-07-21
197976,U.S. Dept Of Defense,Open FTP on ███,hackerone.com/reports/197976,7,0.0,Information Disclosure,2019-12-02
198012,Nextcloud,Disclosure of administrators via JSON on nextcloud.com Wordpress,hackerone.com/reports/198012,12,0.0,Information Disclosure,2017-01-13
198218,U.S. Dept Of Defense,HTML Injection on ████,hackerone.com/reports/198218,5,0.0,Cross-site Scripting (XSS) - Generic,2019-12-02
198259,U.S. Dept Of Defense,Reflected XSS vulnerability on a DoD website,hackerone.com/reports/198259,3,0.0,Cross-site Scripting (XSS) - Generic,2017-07-05
198292,Starbucks,Time-based Blind SQLi on news.starbucks.com,hackerone.com/reports/198292,35,0.0,SQL Injection,2017-02-24
198452,shopify-scripts,SIGABRT - mrb_realloc_simple - gc.c - line:201,hackerone.com/reports/198452,4,0.0,Memory Corruption - Generic,2017-03-29
198470,Starbucks,csrf blogs.starbucks.com,hackerone.com/reports/198470,5,0.0,Cross-Site Request Forgery (CSRF),2017-08-15
198494,Starbucks,Lack of Controls Allowing for Card and PIN Enumeration Leading to Fraud,hackerone.com/reports/198494,18,0.0,,2017-07-01
198622,X / xAI,Clickjacking Periscope.tv on Chrome,hackerone.com/reports/198622,11,560.0,UI Redressing (Clickjacking),2017-02-06
198673,Nextcloud,HTTP-Basic Authentication on logs.nextcloud.com,hackerone.com/reports/198673,5,0.0,Violation of Secure Design Principles,2017-01-17
198723,Internet Bug Bounty,Create an Unexpected Object and Don't Invoke __wakeup() in Deserialization,hackerone.com/reports/198723,4,0.0,,2019-10-13
198732,Internet Bug Bounty,Use After Free in unserialize(),hackerone.com/reports/198732,4,0.0,Use After Free,2019-10-13
198733,Internet Bug Bounty,Type Confusion in Object Deserialization,hackerone.com/reports/198733,3,0.0,Type Confusion,2019-10-13
198734,Internet Bug Bounty,GMP Deserialization Type Confusion Vulnerability [MyBB <= 1.8.3 RCE Vulnerability],hackerone.com/reports/198734,68,0.0,Code Injection,2019-10-13
198773,Nextcloud,Drone Nextcloud,hackerone.com/reports/198773,5,0.0,,2017-02-12
198851,FormAssembly,XSS in api_v1,hackerone.com/reports/198851,7,0.0,Cross-site Scripting (XSS) - Generic,2018-01-04
198907,VK.com,HTML Injection possible due to bad filter,hackerone.com/reports/198907,11,0.0,Cross-site Scripting (XSS) - Generic,2017-02-10
198927,Ruby,Parsing invalid unicode codepoints using json c extension (2.0.1+) triggers a segfault,hackerone.com/reports/198927,4,0.0,Memory Corruption - Generic,2017-10-25
199243,Brave Software,No user confirmation when an auto-updated extension gets more permissions,hackerone.com/reports/199243,3,0.0,Violation of Secure Design Principles,2017-01-20
199286,Nextcloud,Group admin can remove user from all his groups via API,hackerone.com/reports/199286,10,0.0,,2017-02-23
199436,Yelp,Yelp.com is vulnerable to SWEET32 attack,hackerone.com/reports/199436,2,0.0,Cryptographic Issues - Generic,2017-11-09
199438,Legal Robot,SWEET32 TLS attack,hackerone.com/reports/199438,4,0.0,Cryptographic Issues - Generic,2017-02-01
199445,Nextcloud,Nextcloud.com is vulnerable to SWEET32 attack,hackerone.com/reports/199445,2,0.0,Cryptographic Issues - Generic,2017-01-25
199644,U.S. Dept Of Defense,Privilege Escalation on a DoD Website,hackerone.com/reports/199644,9,0.0,Privilege Escalation,2017-02-15
199714,Nextcloud,Missing Rate Limit for Current Password field in nextcloud.com,hackerone.com/reports/199714,8,0.0,Improper Authentication - Generic,2017-05-20
199764,shopify-scripts,Aborted - proc.c - line:143,hackerone.com/reports/199764,4,0.0,Uncontrolled Resource Consumption,2017-03-09
199779,HackerOne,Google Analytics could be used as CSP bypass for data exfiltration on hackerone.com,hackerone.com/reports/199779,44,0.0,Violation of Secure Design Principles,2017-03-26
199996,Ian Dunn,HTML injection-WordCamp Talks plugin,hackerone.com/reports/199996,5,0.0,Cross-site Scripting (XSS) - Generic,2017-10-16
200034,Informatica,[marketplace.informatica.com] Search XSS,hackerone.com/reports/200034,5,0.0,Cross-site Scripting (XSS) - Generic,2017-05-22
200079,U.S. Dept Of Defense,Critical information disclosure at https://█████████,hackerone.com/reports/200079,8,0.0,Information Disclosure,2019-12-02
200125,U.S. Dept Of Defense,Information disclosure vulnerability on a DoD website,hackerone.com/reports/200125,7,0.0,Improper Authentication - Generic,2017-06-16
200179,Uber,SMS URL verification link does not expire on phone number change and lacks rate limiting,hackerone.com/reports/200179,9,0.0,Improper Authentication - Generic,2018-12-19
200351,Eternal,XSS in flashmediaelement.swf (business-blog.zomato.com),hackerone.com/reports/200351,4,0.0,Cross-site Scripting (XSS) - Generic,2017-06-17
200355,Eternal,MailPoet Newsletters <= 2.7.2 - Authenticated Reflected Cross-Site Scripting (XSS),hackerone.com/reports/200355,4,0.0,Cross-site Scripting (XSS) - Generic,2017-06-17
200387,shopify-scripts,Incorrect code generation with redo inside NODE_RESCUE.,hackerone.com/reports/200387,3,100.0,Uncontrolled Resource Consumption,2017-02-28
200419,Pushwoosh,Clickjacking,hackerone.com/reports/200419,7,0.0,UI Redressing (Clickjacking),2017-02-02
200427,Slack,Access of Android protected components via embedded intent,hackerone.com/reports/200427,31,0.0,Privilege Escalation,2017-07-17
200623,U.S. Dept Of Defense,SQL injection vulnerability on a DoD website,hackerone.com/reports/200623,17,0.0,SQL Injection,2017-03-16
200693,GitLab,[RDoc] XSS in project README files,hackerone.com/reports/200693,8,0.0,Cross-site Scripting (XSS) - Generic,2017-02-15
200753,Ubiquiti Inc.,[nutty.ubnt.com] DOM Based XSS nuttyapp github-btn.html,hackerone.com/reports/200753,17,0.0,Cross-site Scripting (XSS) - Generic,2017-03-30
200762,Nextcloud,Email Spoofing,hackerone.com/reports/200762,4,0.0,Violation of Secure Design Principles,2017-01-25
200821,shopify-scripts, heap-use-after-free /home/operac/testafl/mruby/mrubylast/mruby/src/gc.c,hackerone.com/reports/200821,3,100.0,Memory Corruption - Generic,2017-02-07
200826,Algolia,[github.algolia.com] DOM Based XSS github-btn.html,hackerone.com/reports/200826,15,100.0,Cross-site Scripting (XSS) - Generic,2017-03-31
200909,Internet Bug Bounty,Out of bounds memory read in unserialize(),hackerone.com/reports/200909,6,500.0,Out-of-bounds Read,2017-05-28
201152,Informatica,[ipm.informatica.com]- Broken Authentication,hackerone.com/reports/201152,10,0.0,Improper Authentication - Generic,2017-04-11
201300,X / xAI,Attacker can get vine repost user all informations even Ip address and location .,hackerone.com/reports/201300,95,0.0,Improper Authentication - Generic,2017-03-25
201326,Uber,"[uchat.uberinternals.com] Mattermost doesn't check Origin in Websockets, which leads to the Critical Inforamation Leakage.",hackerone.com/reports/201326,50,2000.0,Cross-Site Request Forgery (CSRF),2023-03-23
201346,Internet Bug Bounty,CVE-2017-3730: Bad (EC)DHE parameters cause a client crash,hackerone.com/reports/201346,5,0.0,Uncontrolled Resource Consumption,2017-02-07
201489,Nextcloud,Wordpress 4.7.1,hackerone.com/reports/201489,12,0.0,,2017-01-27
201512,U.S. Dept Of Defense,SQL Injection vulnerability in a DoD website,hackerone.com/reports/201512,5,0.0,SQL Injection,2017-07-05
201520,Eternal,test.zba.se is vulnerable to SSL POODLE  ,hackerone.com/reports/201520,15,0.0,Cryptographic Issues - Generic,2017-02-27
201529,Ubiquiti Inc.,Can upload files without authentication on AirFibre 3.2,hackerone.com/reports/201529,4,0.0,Violation of Secure Design Principles,2017-05-17
201796,Automattic,cloudup Subdomain Takeover That resolves to Desk.com ( CNAME cloudup.desk.com ) ,hackerone.com/reports/201796,38,0.0,Violation of Secure Design Principles,2017-02-02
201848,Yelp,Click jacking in delete image of user in Yelp,hackerone.com/reports/201848,2,0.0,UI Redressing (Clickjacking),2017-11-09
201855,Coinbase,Information disclosue in Android Application,hackerone.com/reports/201855,0,0.0,Uncontrolled Resource Consumption,2017-08-30
201897,shopify-scripts,Recursion causing uninitialized memory reads leading to a segfault,hackerone.com/reports/201897,4,2000.0,Memory Corruption - Generic,2017-02-28
201903,shopify-scripts,Segmentfault at mrb_vm_exec,hackerone.com/reports/201903,3,100.0,Uncontrolled Resource Consumption,2017-02-28
201905,shopify-scripts,SIGSEGV - vm.c - line:1214,hackerone.com/reports/201905,5,0.0,Uncontrolled Resource Consumption,2017-03-29
201984,Ubiquiti Inc.,Wordpress directories/files visible to internet,hackerone.com/reports/201984,18,0.0,Information Disclosure,2017-03-08
202177,Instacart,Login with Google Not Authenticated on iOS App,hackerone.com/reports/202177,15,0.0,Improper Authentication - Generic,2017-05-21
202354,Ubiquiti Inc.,Stored XSS / Bypassing .htaccess protection in http://nodebb.ubnt.com/,hackerone.com/reports/202354,9,0.0,Cross-site Scripting (XSS) - Generic,2017-09-28
202361,Coinbase,Requestor Email Disclosure via Email Notification,hackerone.com/reports/202361,13,0.0,Information Disclosure,2017-02-02
202362,shopify-scripts,Null pointer dereference in mrb_random_initialize,hackerone.com/reports/202362,5,100.0,Uncontrolled Resource Consumption,2017-02-07
202425,Grab,Two-factor authentication bypass on Grab Android App,hackerone.com/reports/202425,45,0.0,Improper Authentication - Generic,2017-09-12
202496,U.S. Dept Of Defense,Stored XSS vulnerability on a DoD website,hackerone.com/reports/202496,2,0.0,Cross-site Scripting (XSS) - Generic,2017-05-31
202499,Phabricator,User with only Viewing Privilege can send message to Room,hackerone.com/reports/202499,14,300.0,Privilege Escalation,2017-02-01
202582,shopify-scripts,Denial of service (segfault) due to null pointer dereference in mrb_obj_instance_eval,hackerone.com/reports/202582,3,0.0,Uncontrolled Resource Consumption,2017-02-28
202584,shopify-scripts,Denial of service (segfault) due to null pointer dereference in mrb_vm_exec,hackerone.com/reports/202584,2,0.0,Uncontrolled Resource Consumption,2017-02-28
202619,U.S. Dept Of Defense,SQL injection vulnerability on a DoD website,hackerone.com/reports/202619,5,0.0,SQL Injection,2017-07-05
202652,U.S. Dept Of Defense,Remote command execution (RCE) vulnerability on a DoD website,hackerone.com/reports/202652,5,0.0,Code Injection,2017-03-16
202725,Mapbox,Public access to objects in AWS S3 bucket,hackerone.com/reports/202725,22,750.0,Information Disclosure,2017-07-12
202740,VK.com,Missing Server Side Rate Limiting can Lead to VK Account Take over ,hackerone.com/reports/202740,14,400.0,Violation of Secure Design Principles,2017-04-19
202767,HackerOne,Subdomain takeover at info.hacker.one,hackerone.com/reports/202767,134,0.0,Privilege Escalation,2017-03-27
202774,ExpressionEngine,Type Juggling -> PHP Object Injection -> SQL Injection Chain,hackerone.com/reports/202774,40,0.0,Cryptographic Issues - Generic,2017-02-07
202781,Uber,Chained Bugs to Leak Victim's Uber's FB Oauth Token,hackerone.com/reports/202781,426,0.0,Improper Authentication - Generic,2019-01-25
202797,WebSummit,found a vulnerability in your website,hackerone.com/reports/202797,7,0.0,,2017-03-10
202808,U.S. Dept Of Defense,Cross-site request forgery (CSRF) vulnerability in a DoD website,hackerone.com/reports/202808,4,0.0,Cross-site Scripting (XSS) - Generic,2017-06-23
202823,X / xAI,Vine all registered user Private/sensitive information disclosure .[ Ip address/phone no/email and many other informations ],hackerone.com/reports/202823,121,0.0,Information Disclosure,2017-07-11
202921,Eternal,Unauthorised Access to Anyone's User Account,hackerone.com/reports/202921,32,0.0,Improper Authentication - Generic,2017-03-28
202951,Informatica,[marketplace.informatica.com]- Stored XSS on Image title and Edit Property,hackerone.com/reports/202951,5,0.0,Cross-site Scripting (XSS) - Generic,2017-04-21
202960,Internet Bug Bounty,CVE-2017-5204: The IPv6 parser in tcpdump before 4.9.0 has a buffer overflow in print-ip6.c:ip6_print(),hackerone.com/reports/202960,3,0.0,Memory Corruption - Generic,2019-10-08
202965,Internet Bug Bounty,CVE-2017-5341 The OTV parser in tcpdump before 4.9.0 has a buffer overflow in print-otv.c:otv_print(),hackerone.com/reports/202965,5,0.0,Memory Corruption - Generic,2019-10-08
202967,Internet Bug Bounty,CVE-2017-5484 The ATM parser in tcpdump before 4.9.0 has a buffer overflow in print-atm.c:sig_print(),hackerone.com/reports/202967,5,0.0,Memory Corruption - Generic,2019-10-08
202968,Internet Bug Bounty,CVE-2017-5342 In tcpdump before 4.9.0 a bug in multiple protocol parsers could cause a buffer overflow in print-ether.c:ether_print(),hackerone.com/reports/202968,2,0.0,Memory Corruption - Generic,2019-10-08
202969,Internet Bug Bounty,CVE-2017-5482 The Q.933 parser in tcpdump before 4.9.0 has a buffer overflow in print-fr.c:q933_print().,hackerone.com/reports/202969,2,0.0,Memory Corruption - Generic,2019-10-08
203002,Internet Bug Bounty,Incorrect GC behavior in xxlimited could lead to use-after-free,hackerone.com/reports/203002,2,500.0,Memory Corruption - Generic,2019-11-12
203060,U.S. Dept Of Defense,Cross-site scripting (XSS) on a DoD website,hackerone.com/reports/203060,4,0.0,Cross-site Scripting (XSS) - Generic,2017-08-15
203088,Brave Software,Brave payments remembers history even after clearing all browser data.,hackerone.com/reports/203088,2,0.0,Information Disclosure,2017-08-10
203241,Algolia,Reflected XSS,hackerone.com/reports/203241,14,0.0,Cross-site Scripting (XSS) - Generic,2017-02-11
203311,U.S. Dept Of Defense,Bypass file access control vulnerability on a DoD website,hackerone.com/reports/203311,8,0.0,Improper Authentication - Generic,2017-04-07
203384,Gratipay,HTTP trace method is enabled on gip.rocks,hackerone.com/reports/203384,5,0.0,Violation of Secure Design Principles,2017-04-08
203388,Gratipay,Content length restriction bypass can lead to DOS by reading large files on gip.rocks,hackerone.com/reports/203388,11,0.0,Uncontrolled Resource Consumption,2017-03-31
203391,Ubiquiti Inc.,Content Spoofing or Text Injection in (403 forbidden page injection) and Nginx version disclosure via response header,hackerone.com/reports/203391,8,0.0,Violation of Secure Design Principles,2017-04-03
203409,Gratipay,HTTP trace method is enabled on aspen.io,hackerone.com/reports/203409,10,0.0,Violation of Secure Design Principles,2017-03-31
203513,shopify-scripts,SIGSEGV - mrb_vm_exec - line:1312,hackerone.com/reports/203513,4,0.0,Uncontrolled Resource Consumption,2017-03-29
203515,WordPress,Wordpress 4.7.2 - Two XSS in Media Upload when file too large.,hackerone.com/reports/203515,23,0.0,Cross-site Scripting (XSS) - Generic,2017-07-17
203594,Nextcloud,Calendar and addressbook names disclosed (NC-SA-2017-012),hackerone.com/reports/203594,7,183.0,Information Disclosure,2017-05-08
203595,shopify-scripts,forgot to add the patch,hackerone.com/reports/203595,3,0.0,Memory Corruption - Generic,2017-03-29
203600,U.S. Dept Of Defense,Remote code execution vulnerability on a DoD website,hackerone.com/reports/203600,3,0.0,Code Injection,2017-06-23
203614,Phabricator,"Enumerating emails through ""Forgot Password"" form",hackerone.com/reports/203614,5,0.0,Violation of Secure Design Principles,2017-02-06
203658,Phabricator,Restricted file access when it exists in old versions of task or wiki document,hackerone.com/reports/203658,3,0.0,Violation of Secure Design Principles,2017-02-06
203673,Ubiquiti Inc.,AirFibre products vulnerable to HTTP Header injection,hackerone.com/reports/203673,4,0.0,Improper Authentication - Generic,2017-05-17
203726,Greenhouse.io,Open Redirect in <customer>.greenhouse.io,hackerone.com/reports/203726,9,0.0,Open Redirect,2017-07-08
203912,Informatica,Stored XSS via Discussion Title and Send as Email attribute in [marketplace.informatica.com],hackerone.com/reports/203912,9,0.0,Cross-site Scripting (XSS) - Generic,2017-04-08
204047,shopify-scripts,Segmentation fault while printing backtrace,hackerone.com/reports/204047,2,1000.0,Uncontrolled Resource Consumption,2017-03-14
204048,U.S. Dept Of Defense,Illegal account registration in ████████,hackerone.com/reports/204048,3,0.0,Violation of Secure Design Principles,2019-12-02
204052,Ubiquiti Inc.,Weak credentials for nutty.ubnt.com,hackerone.com/reports/204052,4,0.0,Improper Authentication - Generic,2017-03-29
204198,Brave Software,Clickjacking or URL Masking ,hackerone.com/reports/204198,2,0.0,Improper Authentication - Generic,2017-08-10
204237,Informatica,[informatica.com]- Cross Site scripting ,hackerone.com/reports/204237,10,0.0,Cross-site Scripting (XSS) - Generic,2017-10-30
204239,Informatica,[informatica.com]- Information Disclosure ,hackerone.com/reports/204239,5,0.0,Information Disclosure,2018-09-05
204292,Rockstar Games,<- Critical IDOR vulnerability in socialclub allow to insert and delete comments as another user and it discloses sensitive information ->,hackerone.com/reports/204292,39,0.0,Cross-Site Request Forgery (CSRF),2017-05-24
204421,shopify-scripts,Heap buffer oveflow with many arguments,hackerone.com/reports/204421,12,800.0,Memory Corruption - Generic,2017-02-28
204513,WordPress,Infrastructure - Photon - SSRF,hackerone.com/reports/204513,21,0.0,Server-Side Request Forgery (SSRF),2017-07-17
204568,Uber,stack trace exposed on  https://receipts.uber.com/,hackerone.com/reports/204568,8,0.0,Information Disclosure,2021-02-25
204628,shopify-scripts,segafult in mruby's sprintf - mrb_str_format,hackerone.com/reports/204628,3,0.0,Uncontrolled Resource Consumption,2017-02-28
204774,shopify-scripts,A crash when an exception is caught in a caller and the receiver returned from `ensure`,hackerone.com/reports/204774,4,0.0,,2017-02-28
204802,Uber,pam-ussh may be tricked into using another logged in user's ssh-agent,hackerone.com/reports/204802,23,0.0,Improper Authentication - Generic,2017-03-20
204996,U.S. Dept Of Defense,Access to job creation web page on http://████████,hackerone.com/reports/204996,1,0.0,Violation of Secure Design Principles,2019-12-02
205000,Grab,Authorization bypass using login by phone option+horizontal escalation possible on Grab Android App,hackerone.com/reports/205000,67,0.0,Improper Authentication - Generic,2017-09-14
205034,Informatica,[wave.informatica.com]- Subdomain missconfiguration,hackerone.com/reports/205034,3,0.0,Violation of Secure Design Principles,2017-02-19
205250,Nextcloud,Missing SPF Flags on nextcloud.com,hackerone.com/reports/205250,5,0.0,Violation of Secure Design Principles,2017-02-10
205284,shopify-scripts,SIGABRT - method_missing - mark_context_stack,hackerone.com/reports/205284,5,0.0,Memory Corruption - Generic,2017-03-29
205360,U.S. Dept Of Defense,Content-Injection/XSS ████,hackerone.com/reports/205360,1,0.0,Information Disclosure,2019-12-02
205481,WordPress,Wordpress unzip_file path traversal,hackerone.com/reports/205481,119,0.0,Violation of Secure Design Principles,2020-01-29
205497,GitLab,[reStructuredText] XSS in project README files,hackerone.com/reports/205497,7,0.0,Cross-site Scripting (XSS) - Generic,2017-02-15
205498,GitLab,[Textile] XSS in project README files,hackerone.com/reports/205498,5,0.0,Cross-site Scripting (XSS) - Generic,2017-02-15
205521,shopify-scripts,Heap Buffer overflow in mrb_ary_unshift,hackerone.com/reports/205521,3,800.0,Uncontrolled Resource Consumption,2017-02-28
205536,shopify-scripts,Use After Free in mrb_vm_exec,hackerone.com/reports/205536,3,800.0,Uncontrolled Resource Consumption,2017-02-28
205626,Coursera,XSS Stored,hackerone.com/reports/205626,28,0.0,Cross-site Scripting (XSS) - Generic,2018-01-12
205884,shopify-scripts,Interger overflow in str_substr leading to read/write out of bound memory,hackerone.com/reports/205884,4,100.0,Uncontrolled Resource Consumption,2017-03-15
205908,Nextcloud,LDAP login possible even though account doesn't match user filter,hackerone.com/reports/205908,5,0.0,Improper Authentication - Generic,2019-07-27
205949,"OWOX, Inc.",Subdomain takeover in many subdomains,hackerone.com/reports/205949,9,0.0,Privilege Escalation,2017-03-24
205953,Lyst,CSRF - Adding unlimited number of saved items via GET request,hackerone.com/reports/205953,19,150.0,Cross-Site Request Forgery (CSRF),2017-09-28
206109,shopify-scripts,mruby heap use-after-free ,hackerone.com/reports/206109,3,0.0,Memory Corruption - Generic,2017-04-27
206227,Imgur,Remote Code Execution on Git.imgur-dev.com ,hackerone.com/reports/206227,119,0.0,Code Injection,2017-04-16
206239,shopify-scripts,Heap Buffer Overflow while processing OP_SEND,hackerone.com/reports/206239,4,800.0,Uncontrolled Resource Consumption,2017-04-03
206319,Starbucks,Persistent CSRF in /GiftCert-AddToBasket prevents purchases on eCommerce sites,hackerone.com/reports/206319,22,0.0,Cross-Site Request Forgery (CSRF),2017-05-15
206359,PortSwigger Web Security, Email Spoofing,hackerone.com/reports/206359,3,0.0,Violation of Secure Design Principles,2017-02-14
206591,Uber,Open Redirect on central.uber.com allows for account takeover,hackerone.com/reports/206591,143,0.0,Improper Authentication - Generic,2019-01-25
206650,Automattic,Broken Authentication - Security token gets captured via man in the middle attack,hackerone.com/reports/206650,67,0.0,Improper Authentication - Generic,2019-06-22
206653,Automattic,Captcha bypass for the most important function - At en.instagram-brand.com,hackerone.com/reports/206653,64,0.0,,2019-06-22
206872,Uber,SQL injection in 3rd party software Anomali,hackerone.com/reports/206872,61,2500.0,SQL Injection,2017-03-21
206877,ownCloud,HTML injection in Desktop Client,hackerone.com/reports/206877,5,0.0,Cross-site Scripting (XSS) - Generic,2017-05-23
206894,Lyst,SSRF at iris.lystit.com,hackerone.com/reports/206894,21,0.0,Server-Side Request Forgery (SSRF),2017-10-18
207042,HackerOne,Stealing contact form data on www.hackerone.com using Marketo Forms XSS with postMessage frame-jumping and jQuery-JSONP,hackerone.com/reports/207042,153,0.0,Violation of Secure Design Principles,2017-08-29
207053,Ruby,Writable RubyCi Amazon s3 bucket,hackerone.com/reports/207053,14,0.0,Improper Authentication - Generic,2017-02-27
207062,VK.com,Воскрешение сессии после сброса сессий / смены пароля / принудительной смены пароля,hackerone.com/reports/207062,7,700.0,Improper Authentication - Generic,2017-12-31
207099,U.S. Dept Of Defense,Insecure Direct Object Reference (IDOR) vulnerability in a DoD website,hackerone.com/reports/207099,8,0.0,Violation of Secure Design Principles,2017-08-15
207170,Slack,Stealing xoxs-tokens using weak postMessage / call-popup redirect to current team domain,hackerone.com/reports/207170,120,0.0,Violation of Secure Design Principles,2017-02-28
207236,U.S. Dept Of Defense,Potentially sensitive information disclosure on a DoD website,hackerone.com/reports/207236,3,0.0,Information Disclosure,2017-03-16
207266,HackerOne,Information leakage via CSV when content is valid JavaScript,hackerone.com/reports/207266,29,0.0,Cross-Site Request Forgery (CSRF),2017-05-23
207321,shopify-scripts,Controlled address leak due to type confusion - ASLR bypass,hackerone.com/reports/207321,3,0.0,Information Disclosure,2017-03-14
207329,Lyst,Mixed Active content issue on https://www.lyst.com,hackerone.com/reports/207329,12,0.0,Violation of Secure Design Principles,2017-02-22
207431,Yelp,One of yelp.com url is redirecting to domain which is not yet purchased,hackerone.com/reports/207431,0,0.0,Open Redirect,2017-11-09
207435,Yelp,Research papers on yelp  are getting indexed by google bots.,hackerone.com/reports/207435,2,0.0,Information Disclosure,2017-11-09
207457,Khan Academy, SSL/TLS Vulnerability at khanacademy.org,hackerone.com/reports/207457,3,0.0,Cryptographic Issues - Generic,2017-02-22
207477,U.S. Dept Of Defense,SSRF in ███████,hackerone.com/reports/207477,10,0.0,Server-Side Request Forgery (SSRF),2019-12-02
207552,Khan Academy,No Security check at changing password and at adding mobile number which leads to account takeover and spam,hackerone.com/reports/207552,5,0.0,Violation of Secure Design Principles,2017-02-21
207576,Shopify,Subdomain takeover on s3.shopify.com,hackerone.com/reports/207576,13,500.0,Cross-site Scripting (XSS) - Generic,2017-02-27
207695,Ubiquiti Inc.,sqli,hackerone.com/reports/207695,33,0.0,SQL Injection,2017-03-31
207710,shopify-scripts,Heap use-after-free in mrb_vm_exec ,hackerone.com/reports/207710,2,0.0,Memory Corruption - Generic,2017-04-13
207781,U.S. Dept Of Defense,Reflected XSS vulnerability in a DoD website ,hackerone.com/reports/207781,2,0.0,Cross-site Scripting (XSS) - Generic,2017-04-27
207983,Internet Bug Bounty,read outside of buffer (heap buffer overflow) in S_regmatch - regexec.c:6057,hackerone.com/reports/207983,7,0.0,Heap Overflow,2017-05-28
208363,shopify-scripts,Memory corrouption in mrb_gc_mark,hackerone.com/reports/208363,6,100.0,Memory Corruption - Generic,2017-04-17
208407,HackerOne,Able to create basic user account via Google login on HackerOne Drupal CMS,hackerone.com/reports/208407,20,0.0,Improper Authentication - Generic,2017-04-25
208480,Lyst,Site configured improperly at subdomain of lyst.co.uk,hackerone.com/reports/208480,19,100.0,Violation of Secure Design Principles,2017-03-29
208481,U.S. Dept Of Defense,Remote file inclusion vulnerability on a DoD website,hackerone.com/reports/208481,6,0.0,Violation of Secure Design Principles,2017-04-27
208526,shopify-scripts,Null pointer dereference in mark_context_stack,hackerone.com/reports/208526,2,800.0,Uncontrolled Resource Consumption,2017-03-14
208556,U.S. Dept Of Defense,Cross-site scripting (XSS) vulnerability on a DoD website,hackerone.com/reports/208556,1,0.0,Cross-site Scripting (XSS) - Generic,2017-08-15
208566,ownCloud,Outdated Jenkins server hosted at OwnCloud.org,hackerone.com/reports/208566,6,0.0,Information Disclosure,2017-03-30
208622,Ubiquiti Inc.,Reflected cross-site scripting (XSS) vulnerability in scores.ubnt.com allows attackers to inject arbitrary web script via p parameter.,hackerone.com/reports/208622,9,0.0,Cross-site Scripting (XSS) - Generic,2017-04-07
208654,VK.com,"Обход: ""Аудиозапись недоступна для прослушивания в Вашем регионе.""",hackerone.com/reports/208654,8,0.0,Privilege Escalation,2017-04-22
208719,Udemy,Subdomain Takeover at Landing.udemy.com ,hackerone.com/reports/208719,9,0.0,Privilege Escalation,2017-03-30
208734,Files.com,CSRF @ configuration ,hackerone.com/reports/208734,7,0.0,Cross-Site Request Forgery (CSRF),2017-05-27
208834,Brave Software,Address bar spoofing in Brave browser via. window close warnings,hackerone.com/reports/208834,5,0.0,Violation of Secure Design Principles,2017-08-10
208978,X / xAI,[URGENT] Opportunity to publish tweets on any twitters account,hackerone.com/reports/208978,119,0.0,,2017-05-22
209004,HackerOne,Subdomain takeover #2  at info.hacker.one,hackerone.com/reports/209004,78,0.0,Privilege Escalation,2017-04-28
209008,Automattic,Authentication Bypass - Chaining two vulnerabilities leads to account takeover at en.instagram-brand.com,hackerone.com/reports/209008,40,0.0,Improper Authentication - Generic,2019-06-22
209140,HackerOne,Private program email forwarding response invitation not expire after first use.,hackerone.com/reports/209140,38,0.0,Violation of Secure Design Principles,2018-05-30
209223,Ruby,Open S3 Bucket WriteAble To Any Aws User,hackerone.com/reports/209223,14,0.0,Improper Authentication - Generic,2017-03-29
209251,Ruby,public report - Reproducible - Writable RubyCi Amazon s3 bucket[207053],hackerone.com/reports/209251,7,0.0,Improper Authentication - Generic,2017-03-29
209352,Automattic,Cross Domain leakage of sensitive information - Leading to Account Takeover at Instagram Brand,hackerone.com/reports/209352,19,0.0,Improper Authentication - Generic,2019-06-22
209449,shopify-scripts,Heap buffer overflow with long array assignment,hackerone.com/reports/209449,2,800.0,Uncontrolled Resource Consumption,2017-03-14
209520,Nextcloud,http://www.nextcloud.com/wp-includes/js/swfupload/swfupload.swf allows open redirect / site defacement,hackerone.com/reports/209520,42,0.0,Open Redirect,2020-03-07
209521,Greenhouse.io,Content Spoofing on link.greenhouse.io,hackerone.com/reports/209521,6,0.0,Violation of Secure Design Principles,2017-07-27
209736,Starbucks,"DOM XSS on teavana.com via ""pr_zip_location"" parameter",hackerone.com/reports/209736,15,0.0,Cross-site Scripting (XSS) - Generic,2017-05-03
209765,shopify-scripts,Heap buffer overflow in mruby value_move,hackerone.com/reports/209765,2,0.0,Memory Corruption - Generic,2017-04-13
209821,Gratipay,URL Given leading to end users ending up in malicious sites,hackerone.com/reports/209821,2,0.0,Violation of Secure Design Principles,2017-03-01
209860,Khan Academy,Rate Limitation Vulnerability (DDos),hackerone.com/reports/209860,2,0.0,Uncontrolled Resource Consumption,2018-04-17
209917,HackerOne,javascript: and mailto: links are allowed in JIRA integration settings,hackerone.com/reports/209917,12,0.0,Violation of Secure Design Principles,2017-04-10
209937,shopify-scripts,SIGSEGV - mark_context_stack,hackerone.com/reports/209937,7,0.0,Memory Corruption - Generic,2017-05-13
209949,Ruby,Arbitrary heap exposure in JSON.generate,hackerone.com/reports/209949,9,0.0,Memory Corruption - Generic,2017-09-25
210188,Ubiquiti Inc.,Subdomain takeover on https://cloudfront.ubnt.com/ due to non-used CloudFront DNS entry,hackerone.com/reports/210188,12,0.0,Improper Authentication - Generic,2017-05-07
210190,HackerOne,Transitioning a Private Program to Public Does Not Clear Previously Private Updates to Hackers,hackerone.com/reports/210190,24,500.0,Information Disclosure,2017-04-05
210238,Rockstar Games,full path disclosure on www.rockstargames.com via apache filename brute forcing,hackerone.com/reports/210238,48,0.0,Information Disclosure,2019-10-04
210246,shopify-scripts,Invalid Pointer Reference from OP_RESCUE,hackerone.com/reports/210246,3,800.0,Uncontrolled Resource Consumption,2017-04-03
210331,Rockstar Games,SSLv3 POODLE Vulnerability,hackerone.com/reports/210331,6,0.0,Violation of Secure Design Principles,2017-04-09
210417,Rockstar Games,Bypass CAPTCHA protection,hackerone.com/reports/210417,50,0.0,Improper Authentication - Generic,2018-04-23
210429,shopify-scripts,mrb_vm_exec - null ptr dereference,hackerone.com/reports/210429,5,0.0,Uncontrolled Resource Consumption,2017-04-13
210525,U.S. Dept Of Defense,Information disclosure vulnerability on a DoD website,hackerone.com/reports/210525,4,0.0,Information Disclosure,2017-07-05
210572,Rockstar Games,Full path Disclosure in Rockstargames.com██████████ ,hackerone.com/reports/210572,13,0.0,Information Disclosure,2017-04-28
210654,Slack,Bypass to postMessage origin validation via FTP,hackerone.com/reports/210654,15,0.0,Cross-site Scripting (XSS) - Generic,2017-04-21
210671,shopify-scripts,Null pointer dereferences from mrb_vm_exec,hackerone.com/reports/210671,5,800.0,Uncontrolled Resource Consumption,2017-04-16
210741,Rockstar Games,Unserialize leading to arbitrary PHP function invoke,hackerone.com/reports/210741,118,0.0,Code Injection,2017-12-13
210779,X / xAI,[Urgent] Invalidating OAuth2 Bearer token makes TweetDeck unavailable,hackerone.com/reports/210779,323,0.0,Uncontrolled Resource Consumption,2019-04-25
210875,Rockstar Games,use of unsafe host header leads to open redirect,hackerone.com/reports/210875,23,0.0,Violation of Secure Design Principles,2017-05-01
210994,Rockstar Games,Control Character Injection In Messages,hackerone.com/reports/210994,15,0.0,Improper Authentication - Generic,2017-05-23
211021,shopify-scripts,Null pointer dereference in 'get_file',hackerone.com/reports/211021,3,800.0,Uncontrolled Resource Consumption,2017-04-03
211065,GitLab,Gitlab.com is vulnerable to reverse tabnabbing.,hackerone.com/reports/211065,7,0.0,Open Redirect,2017-03-21
211072,VK.com,"Написать от имени любого пользователя на его стене, если он перейдет по ссылке. https://vk.com/al_video.php",hackerone.com/reports/211072,15,200.0,Privilege Escalation,2017-06-17
211149,Gratipay,Inadequate/dangerous jQuery behavior,hackerone.com/reports/211149,8,0.0,Violation of Secure Design Principles,2017-04-05
211206,Nextcloud,Version 4.7.2 of wordpress is vulnerable,hackerone.com/reports/211206,5,0.0,,2017-03-07
211213,Nextcloud,https://xmpp.nextcloud.com///;@www.google.com allows open redirect,hackerone.com/reports/211213,20,0.0,Open Redirect,2017-08-13
211283,Legal Robot,Cross Site WebSocket Hijacking,hackerone.com/reports/211283,3,0.0,Improper Authentication - Generic,2017-10-16
211381,U.S. Dept Of Defense,Remote Code Execution (RCE) in a DoD website,hackerone.com/reports/211381,29,0.0,Code Injection,2017-04-13
211418,Rockstar Games,Source Code Disclosure (CGI),hackerone.com/reports/211418,13,150.0,Information Disclosure,2017-03-17
211477,Shopify,Stealing users' facebook access tokens - kitcrm.com,hackerone.com/reports/211477,26,0.0,Information Disclosure,2017-03-15
211643,Moneybird,Stored Cross Site Scripting in Customer Name,hackerone.com/reports/211643,13,0.0,Cross-site Scripting (XSS) - Generic,2017-03-17
211988,Legal Robot,sql injection vulnerablity found,hackerone.com/reports/211988,5,0.0,SQL Injection,2017-10-13
212015,Starbucks,Unable to register in starbucks IN app,hackerone.com/reports/212015,3,0.0,Uncontrolled Resource Consumption,2017-08-15
212022,U.S. Dept Of Defense,Remote Code Execution (RCE) in a DoD website,hackerone.com/reports/212022,7,0.0,Code Injection,2017-06-01
212046,VK.com,Создание ссылки от имени чужой страницы vk.cc,hackerone.com/reports/212046,7,200.0,Cross-Site Request Forgery (CSRF),2017-09-20
212067,Algolia,An “algobot”-s GitHub access token was leaked,hackerone.com/reports/212067,10,100.0,Information Disclosure,2017-06-10
212074,shopify-scripts,SIGSEGV - mrb_yield_with_class,hackerone.com/reports/212074,4,0.0,Violation of Secure Design Principles,2017-04-13
212107,shopify-scripts,Null pointer dereference in mrb_class,hackerone.com/reports/212107,2,800.0,Uncontrolled Resource Consumption,2017-03-14
212239,shopify-scripts,sprintf gem - format string combined attack,hackerone.com/reports/212239,3,0.0,,2017-03-14
212241,Ruby,sprintf combined format string attack,hackerone.com/reports/212241,18,0.0,Memory Corruption - Generic,2017-09-22
212253,Ubiquiti Inc.,XSS via SVG file,hackerone.com/reports/212253,9,0.0,Cross-site Scripting (XSS) - Generic,2017-05-01
212456,shopify-scripts,SIGSEGV - kh_get_n2s - in /src/symbol.c:37,hackerone.com/reports/212456,3,0.0,Uncontrolled Resource Consumption,2017-04-27
212629,GitLab,Gitlab.com is vulnerable to reverse tabnabbing. (#2),hackerone.com/reports/212629,8,0.0,UI Redressing (Clickjacking),2017-05-09
212696,Imgur,RCE by command line argument injection to `gm convert` in `/edit/process?a=crop`,hackerone.com/reports/212696,229,0.0,Command Injection - Generic,2017-04-26
212700,Rockstar Games,XSS on rockstargames.com,hackerone.com/reports/212700,75,500.0,Cross-site Scripting (XSS) - Generic,2023-07-25
212721,HackerOne,IE 11 Self-XSS on Jira Integration Preview Base Link,hackerone.com/reports/212721,42,750.0,Cross-site Scripting (XSS) - Generic,2017-03-29
212770,Nextcloud,Content spoofing due to the improper behavior of the 403 page,hackerone.com/reports/212770,5,0.0,Violation of Secure Design Principles,2017-05-18
212882,shopify-scripts,SIGABRT in only mirb,hackerone.com/reports/212882,4,0.0,Memory Corruption - Generic,2017-04-27
212931,Internet Bug Bounty,heap-buffer-overflow (buffer read overrun) in curl: ourWriteOut() src/tool_writeout.c:115,hackerone.com/reports/212931,5,0.0,Memory Corruption - Generic,2018-05-16
212985,U.S. Dept Of Defense,Remote code execution vulnerability on a DoD website,hackerone.com/reports/212985,17,0.0,Code Injection,2017-07-03
213056,Nextcloud,Invalid request may lead content spoofing for phishing,hackerone.com/reports/213056,11,0.0,Violation of Secure Design Principles,2017-04-12
213069,U.S. Dept Of Defense,Remote Code Execution (RCE) in a DoD website,hackerone.com/reports/213069,3,0.0,Code Injection,2017-05-31
213114,GitLab,Gitlab.com is vulnerable to reverse tabnabbing via AsciiDoc links. (#3),hackerone.com/reports/213114,5,0.0,UI Redressing (Clickjacking),2017-05-09
213180,Legal Robot,Password reset form ignores email field,hackerone.com/reports/213180,6,0.0,Improper Authentication - Generic,2017-08-18
213190,Starbucks,Reflected XSS in openapi.starbucks.com /searchasyoutype/v1/search?x-api-key=,hackerone.com/reports/213190,10,0.0,Cross-site Scripting (XSS) - Generic,2017-07-25
213227,Nextcloud,DOM XSS vulnerability in search dialogue (NC-SA-2017-007),hackerone.com/reports/213227,16,250.0,Cross-site Scripting (XSS) - Generic,2017-06-07
213239,U.S. Dept Of Defense,Blind SQLi vulnerability in a DoD Website,hackerone.com/reports/213239,14,0.0,Cross-site Scripting (XSS) - Generic,2017-06-16
213255,shopify-scripts,SIGSEGV in str_buf_cat,hackerone.com/reports/213255,5,0.0,Memory Corruption - Generic,2017-04-27
213261,shopify-scripts,Use-after-free leading to an invalid pointer dereference,hackerone.com/reports/213261,7,800.0,Uncontrolled Resource Consumption,2017-04-02
213358,Nextcloud,SSRF at apps.nextcloud.com/developer/apps/releases/new,hackerone.com/reports/213358,4,0.0,Server-Side Request Forgery (SSRF),2017-04-20
213360,Nextcloud,Content Spoofing/Text Injection in nextcloud.com,hackerone.com/reports/213360,6,0.0,Violation of Secure Design Principles,2017-04-19
213437,Internet Bug Bounty,Critical vulnerability in JSON Web Encryption (JWE) - RFC 7516 Invalid Curve attack,hackerone.com/reports/213437,14,1000.0,Cryptographic Issues - Generic,2019-11-12
213558,Discourse,Arbitrary Local-File Read from Admin - Restore From Backup due to Symlinks,hackerone.com/reports/213558,52,512.0,Information Disclosure,2017-05-13
213767,Legal Robot,Password Policy Bypass,hackerone.com/reports/213767,1,0.0,Violation of Secure Design Principles,2017-08-28
213776,U.S. Dept Of Defense,Remote Command Execution on a DoD website,hackerone.com/reports/213776,7,0.0,Code Injection,2017-04-07
213779,shopify-scripts,SIGSEGV - mrb_obj_value,hackerone.com/reports/213779,6,0.0,Uncontrolled Resource Consumption,2017-04-19
213789,Nextcloud,Update php-saml library to 2.10.5,hackerone.com/reports/213789,8,0.0,Cryptographic Issues - Generic,2017-04-27
213936,Legal Robot,Token leakage by referrer,hackerone.com/reports/213936,7,0.0,Information Disclosure,2017-07-19
213942,Phabricator,"Differential ""Show Raw File"" feature exposes generated files to unauthorised users",hackerone.com/reports/213942,10,0.0,Information Disclosure,2017-03-16
213991,Shopify,Setting Arbitrary Cookie at kitcrm.com,hackerone.com/reports/213991,2,0.0,,2017-08-23
214000,shopify-scripts,SIGABRT - mirb and mruby,hackerone.com/reports/214000,7,0.0,Memory Corruption - Generic,2017-05-13
214001,Files.com,File access controls incorrectly enforced for files shared via QuickLink - Unshared files can be accessed,hackerone.com/reports/214001,28,600.0,,2017-04-16
214022,Discourse,Admin Command Injection via username in user_archive ExportCsvFile,hackerone.com/reports/214022,45,512.0,Command Injection - Generic,2017-05-13
214028,GitLab,"Race condition in GitLab import, giving access to other people their imports due to filename collision",hackerone.com/reports/214028,22,0.0,Information Disclosure,2017-10-03
214034,GitLab,Open redirect,hackerone.com/reports/214034,4,0.0,Open Redirect,2017-04-06
214044,Shopify,Stored XSS in [shop].myshopify.com/admin/orders/[id],hackerone.com/reports/214044,36,0.0,Cross-site Scripting (XSS) - Generic,2017-03-28
214087,Yelp,Clickjacking Vulnerability found on Yelp,hackerone.com/reports/214087,13,0.0,Cross-Site Request Forgery (CSRF),2017-05-12
214171,shopify-scripts,Null pointer dereferences in ary_concat,hackerone.com/reports/214171,5,800.0,Uncontrolled Resource Consumption,2017-05-04
214340,Nextcloud,Content spoofing due to the improper behavior of the 403 page,hackerone.com/reports/214340,6,0.0,,2017-05-18
214370,Rockstar Games,Comments Denial of Service in socialclub.rockstargames.com,hackerone.com/reports/214370,19,0.0,Code Injection,2017-09-11
214436,Blockchain,HTTP Header Injection/HTTP_Response_Splitting,hackerone.com/reports/214436,4,0.0,HTTP Request Smuggling,2017-03-23
214449,Gratipay,Content-Length restriction bypass to heap overflow in gip.rocks.,hackerone.com/reports/214449,5,0.0,Heap Overflow,2017-03-20
214570,Airbnb,Nginx Version Disclosure,hackerone.com/reports/214570,4,0.0,Information Disclosure,2017-03-23
214571,Rockstar Games,Login form on non-HTTPS page,hackerone.com/reports/214571,24,350.0,Cleartext Transmission of Sensitive Information,2017-04-26
214576,shopify-scripts,SIGABRT - mirb - Double Free,hackerone.com/reports/214576,5,0.0,Double Free,2017-05-13
214581,Shopify,Stored passive XSS at scheduled posts (kitcrm.com),hackerone.com/reports/214581,7,0.0,Cross-site Scripting (XSS) - Reflected,2017-03-28
214681,shopify-scripts,Null pointer dereference in ary_concat ,hackerone.com/reports/214681,7,800.0,NULL Pointer Dereference,2017-04-15
214763,Rockstar Games,Profile bio at rockstar is accepting control characters,hackerone.com/reports/214763,8,0.0,Failure to Sanitize Special Elements into a Different Plane (Special Element Injection),2017-05-23
214798,U.S. Dept Of Defense,SQL injection on https://███████,hackerone.com/reports/214798,4,0.0,SQL Injection,2019-12-02
214800,U.S. Dept Of Defense,Default page exposes admin functions and all metods and classes available. on https://██████/█████/dwr/index.html,hackerone.com/reports/214800,6,0.0,Information Exposure Through Debug Information,2019-12-02
214839,HackerOne,Report invitation links not restricted to any existing user,hackerone.com/reports/214839,39,500.0,Information Disclosure,2017-05-23
214845,shopify-scripts,SIGSEGV in mrb_vm_exec,hackerone.com/reports/214845,6,0.0,NULL Pointer Dereference,2017-05-13
215044,Brave Software,[iOS] URL can be replaceState by blob URL in iOS Brave,hackerone.com/reports/215044,6,0.0,Violation of Secure Design Principles,2017-08-10
215053,Ubiquiti Inc.,Ability to log in as any user without authentication if █████████ is empty,hackerone.com/reports/215053,54,0.0,Improper Authentication - Generic,2017-08-08
215083,Pushwoosh,Cleartext Password returned in JSON response,hackerone.com/reports/215083,6,0.0,Cleartext Storage of Sensitive Information,2018-03-04
215105,GitLab,SSRF vulnerability in gitlab.com via project import.,hackerone.com/reports/215105,19,0.0,Server-Side Request Forgery (SSRF),2017-11-09
215326,VK.com,Подмена SSL-сертификата для любой группы в секции Управление группой->Работа с API неавторизированным пользователем.,hackerone.com/reports/215326,8,0.0,Insecure Direct Object Reference (IDOR),2017-06-07
215372,Nextcloud,Server version/OS type disclosure via HTTP Response Header,hackerone.com/reports/215372,2,0.0,,2017-03-23
215381,X / xAI,CSRF on Periscope Web OAuth authorization endpoint ,hackerone.com/reports/215381,74,0.0,Cross-Site Request Forgery (CSRF),2017-07-26
215384,GitLab,[Subgroups] Unprivileged User Can Disclose Private Group Names,hackerone.com/reports/215384,11,0.0,Insecure Direct Object Reference (IDOR),2017-03-30
215410,ownCloud,HTML Injection in Owncloud,hackerone.com/reports/215410,6,150.0,Resource Injection,2017-07-06
215447,shopify-scripts,SIGSEGV in mrb_class,hackerone.com/reports/215447,5,0.0,NULL Pointer Dereference,2017-05-13
215625,HackerOne,A HackerOne employee's GitHub personal access token exposed in Travis CI build logs,hackerone.com/reports/215625,75,2000.0,Information Exposure Through an Error Message,2017-05-23
215854,shopify-scripts,Garbage collector crash,hackerone.com/reports/215854,2,300.0,Uncontrolled Resource Consumption,2017-04-15
215859,U.S. Dept Of Defense,[REMOTE] Full Account Takeover At https://██████████████/CAS/,hackerone.com/reports/215859,21,0.0,Reliance on Cookies without Validation and Integrity Checking in a Security Decision,2019-10-04
215891,shopify-scripts,Null pointer dereference in mrb_class,hackerone.com/reports/215891,3,800.0,NULL Pointer Dereference,2017-04-15
215967,shopify-scripts,SIGABRT in mrb_debug_info_append_file,hackerone.com/reports/215967,6,0.0,Memory Corruption - Generic,2017-05-13
215970,GitLab,"[Repository Import] Open Redirect via ""continue[to]"" parameter ",hackerone.com/reports/215970,4,0.0,Open Redirect,2017-04-06
216151,Internet Bug Bounty,Use-after-free in _asyncio_Future_remove_done_callback,hackerone.com/reports/216151,2,500.0,Use After Free,2019-11-12
216161,Udemy,CSRF Token Design Flaw,hackerone.com/reports/216161,1,0.0,Cross-Site Request Forgery (CSRF),2017-08-28
216243,GitLab,CSV injection in gitlab.com via issues export feature.,hackerone.com/reports/216243,20,0.0,Command Injection - Generic,2017-07-21
216289,VK.com,Раскрытие информации о частной группе или приложении,hackerone.com/reports/216289,13,100.0,Information Disclosure,2018-05-12
216294,Urban Dictionary,Session replay vulnerability in www.urbandictionary.com,hackerone.com/reports/216294,13,0.0,Insufficient Session Expiration,2017-06-20
216330,Legal Robot,Big XSS vulnerability!,hackerone.com/reports/216330,33,0.0,Classic Buffer Overflow,2017-07-30
216336,Urban Dictionary,Source Code Disclosure,hackerone.com/reports/216336,0,0.0,Information Disclosure,2019-01-08
216351,shopify-scripts,Null pointer dereferences in mrb_get_args,hackerone.com/reports/216351,4,800.0,Uncontrolled Resource Consumption,2017-05-03
216373,Uber,deleting payment profile during active trip puts account into arrears but active trip is temporarily “free”,hackerone.com/reports/216373,20,0.0,Business Logic Errors,2017-06-28
216389,Shopify,Full access at an internal service of Shopify,hackerone.com/reports/216389,5,0.0,Information Disclosure,2017-03-28
216453,GitLab,Unfiltered `class` attribute in markdown code,hackerone.com/reports/216453,11,0.0,Cross-site Scripting (XSS) - DOM,2017-04-13
216615,shopify-scripts,Crash in ary_concat() ,hackerone.com/reports/216615,3,0.0,,2017-05-13
216699,U.S. Dept Of Defense,SQL Injection vulnerability in a DoD website,hackerone.com/reports/216699,11,0.0,SQL Injection,2017-07-05
216700,shopify-scripts,heap use-after-free in mrb_vm_exec(),hackerone.com/reports/216700,4,0.0,,2017-05-13
216725,shopify-scripts,SIGABRT - in free,hackerone.com/reports/216725,6,0.0,Memory Corruption - Generic,2017-05-13
216746,Phabricator,Phabricator is vulnerable to padding oracle attacks and chosen-ciphertext attacks.,hackerone.com/reports/216746,22,750.0,Missing Required Cryptographic Step,2017-04-05
216812,Nextcloud,Reflected XSS in error pages (NC-SA-2017-008),hackerone.com/reports/216812,28,450.0,Cross-site Scripting (XSS) - Reflected,2017-05-15
216822,Coursera,Stored XSS via transloadit.com and imageproxy,hackerone.com/reports/216822,5,0.0,Cross-site Scripting (XSS) - Stored,2017-11-30
216840,Internet Bug Bounty,OCSP Status Request extension unbounded memory growth (CVE-2016-6304),hackerone.com/reports/216840,5,0.0,Uncontrolled Resource Consumption,2017-04-12
216992,shopify-scripts,Heap Buffer Overflow in mrb_hash_keys,hackerone.com/reports/216992,8,800.0,Uncontrolled Resource Consumption,2017-05-03
217058,HackerOne,CRLF injection in info.hacker.one,hackerone.com/reports/217058,21,0.0,CRLF Injection,2017-05-03
217083,shopify-scripts,SIGSEGV in mrb_str_inum,hackerone.com/reports/217083,4,0.0,NULL Pointer Dereference,2017-05-13
217097,shopify-scripts,SIGSEGV in mrb_vm_exec,hackerone.com/reports/217097,4,0.0,NULL Pointer Dereference,2017-05-13
217108,U.S. Dept Of Defense,Reflected XSS in a DoD Website,hackerone.com/reports/217108,6,0.0,Cross-site Scripting (XSS) - Reflected,2017-06-14
217344,U.S. Dept Of Defense,Path traversal on ████████,hackerone.com/reports/217344,12,0.0,Path Traversal,2019-10-04
217358,HackerOne,Subdomain takeover #3 at info.hacker.one,hackerone.com/reports/217358,58,0.0,Privilege Escalation,2017-06-21
217381,ownCloud,doc.owncloud.com: CVE-2015-5477 BIND9 TKEY Vulnerability + Exploit (Denial of Service),hackerone.com/reports/217381,3,0.0,,2017-06-01
217430,Starbucks,[connect.teavana.com] Open Redirect and abuse of connect.teavana.com,hackerone.com/reports/217430,8,0.0,Open Redirect,2017-07-27
217431,Udemy,sweet32 ,hackerone.com/reports/217431,2,0.0,Cryptographic Issues - Generic,2017-05-04
217610,shopify-scripts,kh_put_iv SEGFAULT - mruby 1.2.0,hackerone.com/reports/217610,3,800.0,Memory Corruption - Generic,2017-04-13
217679,ok.ru,ВИП подарки бесплатные без подключения ВИП услуги,hackerone.com/reports/217679,7,0.0,,2018-09-05
217739,Uber,Stored XSS on any page in most Uber domains,hackerone.com/reports/217739,107,6000.0,Cross-site Scripting (XSS) - Stored,2018-11-20
217745,Shopify,"XSS in $shop$.myshopify.com/admin/ via ""Button Objects"" in malicious app",hackerone.com/reports/217745,30,800.0,Cross-site Scripting (XSS) - Generic,2017-05-22
217747,U.S. Dept Of Defense,Information disclosure vulnerability on a DoD website,hackerone.com/reports/217747,4,0.0,NULL Pointer Dereference,2017-06-23
217790,Shopify,"XSS in $shop$.myshopify.com/admin/ via twine template injection in ""Shopify.API.Modal.input"" method when using a malicious app",hackerone.com/reports/217790,31,1000.0,Cross-site Scripting (XSS) - Generic,2017-06-01
218088,RubyGems,Request Hijacking Vulnerability in RubyGems 2.6.11 and earlier,hackerone.com/reports/218088,10,0.0,Code Injection,2017-08-30
218136,U.S. Dept Of Defense,Reflected XSS vulnerability on a DoD website,hackerone.com/reports/218136,3,0.0,Cross-site Scripting (XSS) - Reflected,2017-06-16
218199,Nextcloud,Directory Listing In Subdomain Of nextcloud.com,hackerone.com/reports/218199,1,0.0,Information Exposure Through Directory Listing,2017-07-14
218226,Starbucks,Stored XSS in comments on https://www.starbucks.co.uk/blog/*,hackerone.com/reports/218226,19,0.0,Cross-site Scripting (XSS) - Stored,2017-06-27
218230,GitLab,Access to GitLab's Slack by abusing issue creation from e-mail,hackerone.com/reports/218230,54,0.0,Improper Authentication - Generic,2017-09-21
218233,shopify-scripts,Null pointer dereference in OP_ENTER,hackerone.com/reports/218233,3,800.0,NULL Pointer Dereference,2017-04-15
218264,Automattic,An Automattic employee's GitHub personal access token exposed in Travis CI build logs,hackerone.com/reports/218264,10,0.0,Information Exposure Through an Error Message,2017-06-06
218287,Kaspersky,In App purchase Hack ,hackerone.com/reports/218287,47,0.0,Use of a Key Past its Expiration Date,2017-08-03
218324,Phabricator,An unsafe design practice in the Passphrase may result in Secret being accidentally changed.,hackerone.com/reports/218324,2,0.0,Violation of Secure Design Principles,2017-04-04
218342,Ruby,RCE (Remote Code Execution) Vulnerability on Ruby,hackerone.com/reports/218342,9,0.0,Remote File Inclusion,2017-04-05
218451,X / xAI,"[Gnip Blogs] Reflected XSS via ""plupload.flash.swf"" component vulnerable to SOME ",hackerone.com/reports/218451,11,0.0,Cross-site Scripting (XSS) - Reflected,2017-05-08
218465,X / xAI,[staging-engineering.gnip.com] Publicly accessible GIT directory,hackerone.com/reports/218465,33,280.0,Information Disclosure,2018-11-01
218567,shopify-scripts,SIGSEGV in array_copy - array.c:71,hackerone.com/reports/218567,2,800.0,Memory Corruption - Generic,2017-04-13
218570,shopify-scripts,Invalid pointer dereference in OP_ENTER,hackerone.com/reports/218570,3,800.0,Uncontrolled Resource Consumption,2017-04-15
218680,Coinbase,[buy.coinbase.com]Content Injection,hackerone.com/reports/218680,26,0.0,,2017-05-25
218705,HackerOne,Example HackerOne security@ forward domain is not registered,hackerone.com/reports/218705,17,0.0,Violation of Secure Design Principles,2017-04-10
218733,Nextcloud,Design Issues on ( ███ ) Lead to show ( IPS of Users ) ,hackerone.com/reports/218733,13,0.0,,2017-04-05
218748,Adobe,Parameter tampering can result in product price manipulation,hackerone.com/reports/218748,33,0.0,,2017-06-14
218803,shopify-scripts,SIGABRT in sym_validate_len - symbol.c:44,hackerone.com/reports/218803,2,100.0,Memory Corruption - Generic,2017-05-02
218872,GitLab,Stored XSS on Files overview by abusing git submodule URL,hackerone.com/reports/218872,17,0.0,Cross-site Scripting (XSS) - Stored,2017-05-09
218876,Nextcloud,Share tokens for public calendars disclosed (NC-SA-2017-011),hackerone.com/reports/218876,2,0.0,Information Exposure Through Directory Listing,2017-06-06
218898,Rockstar Games,Table and Column Exposure,hackerone.com/reports/218898,18,150.0,Information Exposure Through an Error Message,2018-05-10
219014,Ubiquiti Inc.,"[dev-unifi-go.ubnt.com] Insecure CORS, Stealing Cookies",hackerone.com/reports/219014,12,0.0,Information Exposure Through an Error Message,2017-08-28
219170,Ubiquiti Inc.,XSS,hackerone.com/reports/219170,8,0.0,Cross-site Scripting (XSS) - Reflected,2017-05-20
219171,VK.com,"Возможность взлома любого пользователя, не использующего двухфакторной аутентификации, через получения кода восстановления на чужой номер.",hackerone.com/reports/219171,31,0.0,Privilege Escalation,2017-05-20
219197,X / xAI,[██████████.gnip.com] .htpasswd disclosure,hackerone.com/reports/219197,19,0.0,,2017-05-26
219205,Uber,Authentication bypass on auth.uber.com via subdomain takeover of saostatic.uber.com,hackerone.com/reports/219205,181,0.0,Improper Authentication - Generic,2017-07-13
219293,shopify-scripts,Invalid Pointer reference in L_RESCUE,hackerone.com/reports/219293,2,100.0,Uncontrolled Resource Consumption,2017-06-01
219323,Gratipay,CSV injection in gratipay.com via payment history export feature.,hackerone.com/reports/219323,8,0.0,Command Injection - Generic,2017-11-03
219499,Gratipay,POODLE SSLv3.0,hackerone.com/reports/219499,1,0.0,,2017-04-09
219509,Informatica,Store XSS on Informatica University via transcript (informatica.csod.com),hackerone.com/reports/219509,17,0.0,Cross-site Scripting (XSS) - Generic,2017-09-09
219601,Gratipay,Transferring incorrect data to the http://gip.rocks/v1 endpoint with correct Content-Type leads to local paths disclosure through the error message,hackerone.com/reports/219601,7,0.0,Information Exposure Through an Error Message,2017-04-08
219657,VK.com,api.vk.com отдаёт в ответ HTML авторизированную страницу vk.com,hackerone.com/reports/219657,7,0.0,Business Logic Errors,2017-08-30
219715,VK.com,Раскрытие имени файла приватных документов,hackerone.com/reports/219715,5,0.0,Privacy Violation,2017-09-20
219729,U.S. Dept Of Defense,Reflected XSS on a DoD website,hackerone.com/reports/219729,3,0.0,Cross-site Scripting (XSS) - Reflected,2017-08-15
219870,shopify-scripts,mirb only: stack-buffer-overflow (OOB write) in main(),hackerone.com/reports/219870,3,0.0,Stack Overflow,2017-05-09
219957,Rocket.Chat,XSS via /api/v1/chat.postMessage ,hackerone.com/reports/219957,73,0.0,Cross-site Scripting (XSS) - Stored,2024-08-10
220002,HackerOne,Subdomain takeover #4 at info.hacker.one,hackerone.com/reports/220002,50,0.0,Privilege Escalation,2017-06-21
220009,HackerOne,Lack of input sanitization in Marketo form leads to execution of HTML in lead emails,hackerone.com/reports/220009,25,500.0,Server-Side Request Forgery (SSRF),2017-10-03
220116,FormAssembly,SSLv3 Poodle Vulnerability,hackerone.com/reports/220116,20,0.0,Violation of Secure Design Principles,2018-11-24
220150,Ubiquiti Inc.,200 http code in 403 forbidden directories on main Ubnt.com domain,hackerone.com/reports/220150,8,0.0,Forced Browsing,2017-04-19
220185,Skyliner,Password reset Token not expiring ,hackerone.com/reports/220185,10,0.0,Deserialization of Untrusted Data,2017-04-11
220385,Nextcloud,Delete All Data of Any User,hackerone.com/reports/220385,8,0.0,,2020-03-01
220445,HackerOne,Race condition leads to duplicate payouts,hackerone.com/reports/220445,73,0.0,Improper Access Control - Generic,2017-05-23
220494,Algolia,[GitHub Extension] Unsanitised HTML leading to XSS on GitHub.com,hackerone.com/reports/220494,26,0.0,Cross-site Scripting (XSS) - DOM,2017-04-24
220615,Ubiquiti Inc.,Expired SSL certificate,hackerone.com/reports/220615,9,0.0,Use of a Key Past its Expiration Date,2017-05-19
220737,Mavenlink,Tabnabbing via Window.Opener @Mavenlink,hackerone.com/reports/220737,9,0.0,Open Redirect,2017-05-09
220774,HackerOne,API Last Request Date/Time Not Updating,hackerone.com/reports/220774,45,0.0,Business Logic Errors,2019-05-19
220852,Rockstar Games,XSS STORED AT socialclub.rockstargames.com (add friend request from profile attacker),hackerone.com/reports/220852,194,0.0,Cross-site Scripting (XSS) - Stored,2021-06-03
220903,WordPress,Authenticated Cross-site Scripting in Template Name,hackerone.com/reports/220903,15,0.0,Cross-site Scripting (XSS) - Stored,2017-11-18
220909,Phabricator,Autoclose can close any task regardless of policies/spaces,hackerone.com/reports/220909,3,0.0,,2017-04-24
220946,Nextcloud,https://portal.nextcloud.com/.htaccess file is readable,hackerone.com/reports/220946,12,0.0,Information Disclosure,2017-04-14
221041,GitLab,Cookie bomb,hackerone.com/reports/221041,6,0.0,Uncontrolled Resource Consumption,2018-02-16
221043,Nextcloud,CSRF token validation is missing,hackerone.com/reports/221043,2,0.0,Cross-Site Request Forgery (CSRF),2017-04-19
221133,Gratipay,Sub Domain Takeover,hackerone.com/reports/221133,16,0.0,,2017-10-24
221163,LibSass,heap-buffer-overflow (read outside of buffer) in Sass::Prelexer::exactly<(char)92>(char const*) - libsass/src/lexer.hpp:92,hackerone.com/reports/221163,2,0.0,Heap Overflow,2019-10-05
221251,shopify-scripts,heap-buffer-overflow (read outside of buffer) in mrb_vm_exec(),hackerone.com/reports/221251,3,0.0,Heap Overflow,2017-05-09
221260,LibSass,stack overflow in libsass,hackerone.com/reports/221260,6,0.0,Uncontrolled Resource Consumption,2017-10-20
221262,LibSass,stack overflow #2 in libsass,hackerone.com/reports/221262,3,0.0,Uncontrolled Resource Consumption,2017-10-20
221264,LibSass,stack overflow #3 in libsass,hackerone.com/reports/221264,3,0.0,Uncontrolled Resource Consumption,2017-10-20
221267,LibSass,stack overflow #4 in libsass,hackerone.com/reports/221267,3,0.0,Uncontrolled Resource Consumption,2017-10-20
221286,LibSass,stack overflow #5 in libsass,hackerone.com/reports/221286,3,0.0,Uncontrolled Resource Consumption,2017-10-20
221287,LibSass,null pointer dereference in Sass::Eval::operator()(Sass::Map*),hackerone.com/reports/221287,5,0.0,NULL Pointer Dereference,2017-06-08
221289,LibSass,heap-use-after-free in Sass::SharedPtr::incRefCount(),hackerone.com/reports/221289,4,0.0,Use After Free,2017-08-10
221292,LibSass,stack overflow #6 in libsass,hackerone.com/reports/221292,5,0.0,Uncontrolled Resource Consumption,2017-10-20
221294,Starbucks,Java Deserialization RCE via JBoss on card.starbucks.in,hackerone.com/reports/221294,48,0.0,Code Injection,2017-05-22
221298,Nextcloud,GIT Detected,hackerone.com/reports/221298,10,0.0,Information Disclosure,2017-04-20
221325,Concrete CMS,Stored XSS in Express Objects - Concrete5 v8.1.0,hackerone.com/reports/221325,7,0.0,,2017-05-17
221328,X / xAI,"HTTP 401 response injection on ""amp.twimg.com/amplify-web-player/prod/source.html"" through ""image_src"" parameter",hackerone.com/reports/221328,30,0.0,Information Disclosure,2017-05-08
221380,Concrete CMS,Stored XSS in RSS Feeds Title (Concrete5 v8.1.0),hackerone.com/reports/221380,4,0.0,Cross-site Scripting (XSS) - Stored,2017-05-17
221432,GitLab,CSRF-Token leak by request forgery,hackerone.com/reports/221432,6,0.0,Cross-Site Request Forgery (CSRF),2017-10-09
221454,Ubiquiti Inc.,Privilege escalation in the client impersonation functionality,hackerone.com/reports/221454,13,0.0,Privilege Escalation,2017-11-13
221461,Brave Software,homograph-attack (unicode vuln),hackerone.com/reports/221461,1,0.0,,2017-08-10
221507,WordPress,Multiple stored XSS in WordPress,hackerone.com/reports/221507,35,0.0,Cross-site Scripting (XSS) - Stored,2018-11-16
221558,Grab,Private Grab Messages on Android App can be accessed and cached by Search Engines,hackerone.com/reports/221558,34,0.0,,2017-09-14
221625,Ubiquiti Inc.,UBNT Amplification DDOS Attack,hackerone.com/reports/221625,14,0.0,,2019-02-06
221631,Shopify,[ux.shopify.com] Subdomain takeover,hackerone.com/reports/221631,26,0.0,Improper Access Control - Generic,2018-10-19
221712,shopify-scripts,Null pointer dereferences in kh_copy_mt,hackerone.com/reports/221712,3,800.0,,2017-05-07
221734,WordPress,Administrator(s) Information disclosure via JSON on wordpress.org,hackerone.com/reports/221734,4,0.0,Information Disclosure,2017-04-19
221757,ok.ru,Blind SQL Injection,hackerone.com/reports/221757,10,0.0,SQL Injection,2017-04-20
221785,Internet Bug Bounty,OOB write in MDC2_Update() (CVE-2016-6303),hackerone.com/reports/221785,5,0.0,Heap Overflow,2017-05-25
221787,Internet Bug Bounty,Malformed SHA512 ticket DoS (CVE-2016-6302),hackerone.com/reports/221787,7,0.0,Uncontrolled Resource Consumption,2017-05-25
221788,Internet Bug Bounty,OOB write in BN_bn2dec() (CVE-2016-2182),hackerone.com/reports/221788,5,0.0,Heap Overflow,2017-05-25
221789,Internet Bug Bounty,OOB read in TS_OBJ_print_bio() (CVE-2016-2180),hackerone.com/reports/221789,5,0.0,Out-of-bounds Read,2017-05-25
221790,Internet Bug Bounty,Certificate message OOB reads (CVE-2016-6306),hackerone.com/reports/221790,5,0.0,Out-of-bounds Read,2017-05-25
221791,Internet Bug Bounty,Excessive allocation of memory in tls_get_message_header() (CVE-2016-6307),hackerone.com/reports/221791,5,0.0,Uncontrolled Resource Consumption,2017-05-25
221792,Internet Bug Bounty,Excessive allocation of memory in dtls1_preprocess_fragment() (CVE-2016-6308),hackerone.com/reports/221792,5,0.0,Uncontrolled Resource Consumption,2017-05-25
221833,Homebrew,[https://jenkins.brew.sh] Jenkins in Debug Mode with Stack Traces Enabled,hackerone.com/reports/221833,14,0.0,Stack Overflow,2017-04-19
221869,Homebrew,Email enumeration of users,hackerone.com/reports/221869,145,0.0,Information Disclosure,2019-03-05
221893,WordPress,XSS in the search bar of mercantile.wordpress.org,hackerone.com/reports/221893,19,0.0,Cross-site Scripting (XSS) - Reflected,2017-05-20
221908,Homebrew,Host header Injection,hackerone.com/reports/221908,7,0.0,Violation of Secure Design Principles,2017-04-19
221948,Phabricator,The mailbox verification API interface is unlimited and can be used as a mailbox bomb,hackerone.com/reports/221948,5,0.0,Improper Access Control - Generic,2017-04-26
221950,Phabricator,The special code in editor has no Authority control and can lead to Information Disclosure,hackerone.com/reports/221950,5,0.0,Information Disclosure,2017-04-22
221955,Uber,duplicate hsts headers lead to firefox ignoring hsts on  business.uber.com,hackerone.com/reports/221955,27,500.0,,2020-04-30
221989,Homebrew,Server version disclosure on [jenkins.brew.sh],hackerone.com/reports/221989,4,0.0,Information Disclosure,2017-04-19
222020,Internet Bug Bounty,Mercurial can be tricked into granting authorized users access to the Python debugger,hackerone.com/reports/222020,3,0.0,Code Injection,2017-07-12
222036,WordPress,Missing SSL can leak job token ,hackerone.com/reports/222036,13,0.0,Cleartext Transmission of Sensitive Information,2017-11-01
222040,WordPress,"Reflected XSS at https://da.wordpress.org/themes/?s= via ""s="" parameter ",hackerone.com/reports/222040,16,0.0,Cross-site Scripting (XSS) - Reflected,2017-07-26
222058,Nextcloud,Content Spoofing/Text Injection in https://demo.nextcloud.com,hackerone.com/reports/222058,13,0.0,Violation of Secure Design Principles,2017-04-28
222063,Homebrew,Sensitive information disclosure via response headers on jenkins.brew.sh,hackerone.com/reports/222063,1,0.0,Information Exposure Through an Error Message,2017-04-25
222080,Nextcloud,The email API to reset password is unlimited and can be used as a email bomb,hackerone.com/reports/222080,4,0.0,Improper Access Control - Generic,2017-04-20
222082,"OWOX, Inc.",Broken Authentication & Session Management (Login Bypass) at support.owox.com,hackerone.com/reports/222082,17,0.0,Improper Authentication - Generic,2017-05-22
222096,Homebrew,[bot.brew.sh] Full Path Disclosure,hackerone.com/reports/222096,8,0.0,Information Disclosure,2017-04-26
222108,Homebrew,Stack Trace on jenkins.brew.sh,hackerone.com/reports/222108,3,0.0,Stack Overflow,2017-04-19
222171,shopify-scripts,heap use after free in fiber_switch,hackerone.com/reports/222171,2,100.0,,2017-05-07
222224,WordPress,Stored but [SELF] XSS in mercantile.wordpress.org,hackerone.com/reports/222224,8,0.0,Cross-site Scripting (XSS) - Stored,2017-05-26
222294,shopify-scripts,heap-use-after-free in mrb_vm_exec - vm.c:1247,hackerone.com/reports/222294,3,800.0,Memory Corruption - Generic,2017-05-21
222660,Nextcloud,The email API to test email-server settings is unlimited and can be used as a email bomb,hackerone.com/reports/222660,2,0.0,Improper Access Control - Generic,2017-04-24
222667,Nextcloud,Possible SSRF in email server settings(SMTP mode),hackerone.com/reports/222667,2,0.0,Server-Side Request Forgery (SSRF),2017-05-15
222692,WordPress,"plugins.trac.wordpress.org likely vulnerable to Cross Site Tracing (xst), TRACE HTTP method should be disabled",hackerone.com/reports/222692,58,0.0,Violation of Secure Design Principles,2019-11-03
222724,Mapbox,Open Aws Amazon S3 Buckets,hackerone.com/reports/222724,39,500.0,Improper Authentication - Generic,2017-04-25
222762,Nextcloud,Clickjacking In https://demo.nextcloud.com,hackerone.com/reports/222762,4,0.0,UI Redressing (Clickjacking),2017-05-20
222805,Nextcloud,Content (Text) Injection at https://nextcloud.com,hackerone.com/reports/222805,3,0.0,Violation of Secure Design Principles,2017-05-15
222838,Nextcloud,Stored XSS in Gallery application (NC-SA-2017-010),hackerone.com/reports/222838,2,0.0,Cross-site Scripting (XSS) - Generic,2017-06-06
222870,Phabricator,IRC-Bot exposes information,hackerone.com/reports/222870,7,0.0,Information Disclosure,2017-04-21
223014,Uber,SAML Authentication Bypass on uchat.uberinternal.com,hackerone.com/reports/223014,87,8500.0,Improper Authentication - Generic,2017-09-05
223024,WordPress,Clickjacking In jobs.wordpress.net,hackerone.com/reports/223024,16,0.0,UI Redressing (Clickjacking),2018-08-22
223172,VK.com,"Просмотр привязного к странице email, всего лишь раз скомпрометировав письмо-уведомление",hackerone.com/reports/223172,5,100.0,Privacy Violation,2018-02-20
223203,Shopify,SVG Server Side Request Forgery (SSRF),hackerone.com/reports/223203,81,500.0,Server-Side Request Forgery (SSRF),2017-09-22
223324,Weblate,Registration captcha bypass,hackerone.com/reports/223324,8,0.0,Violation of Secure Design Principles,2017-05-17
223326,Weblate,"Open Redirect via ""next"" parameter in third-party authentication",hackerone.com/reports/223326,5,0.0,Open Redirect,2017-05-17
223327,Weblate,No expiration of session ID after Password change,hackerone.com/reports/223327,4,0.0,Insufficient Session Expiration,2017-05-17
223329,Weblate,Logout CSRF,hackerone.com/reports/223329,7,0.0,Cross-Site Request Forgery (CSRF),2017-05-17
223331,Weblate,[demo.weblate.org] Stored Self-XSS via Editor Link in Profile,hackerone.com/reports/223331,4,0.0,Cross-site Scripting (XSS) - Stored,2017-05-17
223333,Weblate,CSRF : Reset API ,hackerone.com/reports/223333,7,0.0,Cross-Site Request Forgery (CSRF),2017-05-17
223337,Weblate,No BruteForce Protection,hackerone.com/reports/223337,7,0.0,Improper Restriction of Authentication Attempts,2017-05-17
223339,Weblate,Activation tokens are not expiring,hackerone.com/reports/223339,9,0.0,Cross-Site Request Forgery (CSRF),2017-05-17
223343,Weblate,Already Registered Email Disclosure,hackerone.com/reports/223343,3,0.0,Information Disclosure,2017-05-17
223344,Weblate,CSV Injection with the CSV export feature,hackerone.com/reports/223344,7,0.0,OS Command Injection,2017-05-17
223345,Weblate,CSRF : Lock and Unlock Translation,hackerone.com/reports/223345,5,0.0,Cross-Site Request Forgery (CSRF),2017-05-17
223350,Weblate,Web server is vulnerable to Beast Attack,hackerone.com/reports/223350,5,0.0,Cryptographic Issues - Generic,2017-04-24
223355,Weblate,Insecure Account Removal,hackerone.com/reports/223355,9,0.0,Violation of Secure Design Principles,2017-05-17
223362,Weblate,Improper Password Reset Policy on https://hosted.weblate.org/,hackerone.com/reports/223362,2,0.0,Violation of Secure Design Principles,2017-05-17
223363,Ruby,Escape sequence injection vulnerability in WEBrick BasicAuth,hackerone.com/reports/223363,5,0.0,Command Injection - Generic,2017-09-15
223367,Weblate,CSRF - Changing the full name / adding a secondary email identity of an account via a GET request,hackerone.com/reports/223367,3,0.0,Cross-Site Request Forgery (CSRF),2017-06-02
223374,Weblate,You can simply just use passwords that simply are as 123456,hackerone.com/reports/223374,6,0.0,,2017-05-19
223384,Weblate,Directory Listing ,hackerone.com/reports/223384,3,0.0,Cleartext Storage of Sensitive Information,2017-06-16
223391,Weblate,Clickjacking docs.weblate.org,hackerone.com/reports/223391,5,0.0,,2017-06-05
223396,Weblate,hosted.weblate.org: X-XSS-Protection not enabled,hackerone.com/reports/223396,2,0.0,Cross-site Scripting (XSS) - Generic,2017-05-17
223421,Weblate,Open port leads to information disclosure,hackerone.com/reports/223421,5,0.0,Information Disclosure,2018-09-10
223427,Weblate,Login using disconnected google account i.e login using old email id,hackerone.com/reports/223427,6,0.0,Improper Authentication - Generic,2017-05-17
223430,Weblate,Content Spoofing,hackerone.com/reports/223430,10,0.0,Violation of Secure Design Principles,2017-05-17
223434,Weblate,Improper access control when an added email address is deleted from authentication,hackerone.com/reports/223434,8,0.0,Improper Access Control - Generic,2017-05-17
223435,Weblate,Open SMTP port can let anyone send email from mail.chihar.com,hackerone.com/reports/223435,6,0.0,Cryptographic Issues - Generic,2017-05-20
223454,Weblate,Missing restriction on string size of Full Name at https://demo.weblate.org/accounts/register/,hackerone.com/reports/223454,7,0.0,Memory Corruption - Generic,2017-05-18
223456,Weblate,Content Spoofing in error message,hackerone.com/reports/223456,4,0.0,Violation of Secure Design Principles,2017-05-17
223461,Weblate,Weak e-mail change functionality could lead to account takeover,hackerone.com/reports/223461,10,0.0,Violation of Secure Design Principles,2017-05-17
223475,Weblate,Existing sessions valid after removing third party auth,hackerone.com/reports/223475,4,0.0,Improper Authentication - Generic,2017-06-16
223525,Weblate,Spamming any user from Reset Password Function,hackerone.com/reports/223525,5,0.0,Violation of Secure Design Principles,2017-05-17
223531,Weblate,User Enumeration when adding email to account,hackerone.com/reports/223531,4,0.0,,2017-05-17
223542,Weblate,Abuse of Api that causes spamming users and possible DOS due to missing rate limit on contact form,hackerone.com/reports/223542,4,0.0,,2017-05-17
223545,Weblate,Missing DMARC on weblate.org,hackerone.com/reports/223545,4,0.0,,2017-05-17
223557,Weblate,Abuse of Api that causes spamming users and possible DOS due to missing rate limit,hackerone.com/reports/223557,2,0.0,,2017-05-17
223597,VK.com,"Посмотреть видеоролики, которые пользователь когда-либо скидывал в ЛС. ",hackerone.com/reports/223597,18,100.0,Privilege Escalation,2017-07-09
223609,Weblate,Notify user about password change,hackerone.com/reports/223609,3,0.0,Improper Authentication - Generic,2017-05-17
223618,Weblate,Null Password - Setting a new password doesn't check for empty spaces,hackerone.com/reports/223618,3,0.0,Weak Cryptography for Passwords,2017-05-18
223625,Udemy,Subdomain Takeover (and Stored XSS) via Trailing Dot at https://coding-exercises.udemy.com,hackerone.com/reports/223625,19,0.0,,2018-05-10
223630,Weblate,Content Spoofing,hackerone.com/reports/223630,4,0.0,,2017-05-17
223637,Weblate,[hosted.weblate.org]Account Takeover,hackerone.com/reports/223637,6,0.0,,2017-05-17
223653,Weblate,demo.weblate.org is vulnerable to SWEET32 Vulnerability,hackerone.com/reports/223653,2,0.0,Inadequate Encryption Strength,2017-05-17
223692,Weblate,Self XSS at translation page through Editor Link at demo.weblate.org,hackerone.com/reports/223692,3,0.0,Cross-site Scripting (XSS) - Generic,2017-05-17
223694,Weblate,No Rate Limitting at Change Password,hackerone.com/reports/223694,6,0.0,,2017-05-17
223718,Weblate,Open redirect in Signing in via Social Sites,hackerone.com/reports/223718,3,0.0,Open Redirect,2017-05-17
223723,Weblate,weblate.org: X-XSS-Protection not enabled,hackerone.com/reports/223723,2,0.0,Cross-site Scripting (XSS) - Generic,2017-05-17
223759,Nextcloud,information disclose,hackerone.com/reports/223759,2,0.0,Information Disclosure,2017-04-25
223846,Weblate,Access to completion page without performing any action,hackerone.com/reports/223846,5,0.0,Improper Access Control - Generic,2017-05-18
223851,Weblate,Setting a password with a single character,hackerone.com/reports/223851,3,0.0,Weak Cryptography for Passwords,2017-05-18
223854,Weblate,No Password Length Restriction leads to Denial of Service,hackerone.com/reports/223854,8,0.0,Uncontrolled Resource Consumption,2017-05-17
223931,Weblate,Specify maximal length in new comment,hackerone.com/reports/223931,2,0.0,Violation of Secure Design Principles,2017-05-17
223936,U.S. Dept Of Defense,Multiple cryptographic vulnerabilities in login page on ███████,hackerone.com/reports/223936,2,0.0,Cryptographic Issues - Generic,2019-12-02
223948,U.S. Dept Of Defense,Exposed ███████ Administrative Interface (ColdFusion 11),hackerone.com/reports/223948,7,0.0,Information Disclosure,2019-12-02
223999,Weblate,CSV export filter bypass leads to formula injection.,hackerone.com/reports/223999,6,0.0,Command Injection - Generic,2017-05-17
224006,Weblate,HttpOnly Flag not set ,hackerone.com/reports/224006,3,0.0,Violation of Secure Design Principles,2017-05-18
224015,Weblate,Specify maximal length in translation,hackerone.com/reports/224015,2,0.0,Violation of Secure Design Principles,2017-05-17
224072,Weblate,Running 2 accounts with a single email,hackerone.com/reports/224072,7,0.0,Business Logic Errors,2017-05-18
224095,ownCloud,password reset email spamming,hackerone.com/reports/224095,4,0.0,Improper Access Control - Generic,2017-05-17
224096,Shopify,ShopifyAPI is vulnerable to timing attacks.,hackerone.com/reports/224096,9,0.0,Cryptographic Issues - Generic,2017-06-23
224108,Nextcloud,Cross Site Scripting,hackerone.com/reports/224108,1,0.0,,2017-04-26
224186,Weblate,Email spoofing at weblate.org,hackerone.com/reports/224186,3,0.0,,2017-06-16
224198,GitLab,Missing/Breach of Internal Security Boundary - Access to Job Queue Results in Remote Code Execution,hackerone.com/reports/224198,0,0.0,Violation of Secure Design Principles,2017-06-28
224214,WordPress,Lack of Password Confirmation when Changing Password and Email,hackerone.com/reports/224214,7,0.0,,2017-04-28
224287,Weblate,Email verification over an unencrypted channel,hackerone.com/reports/224287,4,0.0,Man-in-the-Middle,2017-05-17
224291,Weblate,CSV Injection with the CVS export feature - Glossary,hackerone.com/reports/224291,4,0.0,Command Injection - Generic,2017-05-17
224317,Weblate,Open redirect while disconnecting authenticated account,hackerone.com/reports/224317,5,0.0,Open Redirect,2017-06-08
224342,Weblate,Bypassing captcha in registration on Hosted site,hackerone.com/reports/224342,4,0.0,Uncontrolled Resource Consumption,2017-07-03
224362,Weblate,Invalidate session after password reset - hosted website,hackerone.com/reports/224362,8,0.0,,2017-07-03
224379,Weblate,session id missing secure flag - Hosted Website,hackerone.com/reports/224379,5,0.0,,2017-05-17
224460,Weblate,Rate Limit Bypass on login Page,hackerone.com/reports/224460,17,0.0,Improper Authentication - Generic,2017-05-17
224556,WordPress,Self-XSS in WordPress Editor Link Modal,hackerone.com/reports/224556,8,0.0,Cross-site Scripting (XSS) - Generic,2017-11-08
224572,Weblate,Weak password policy,hackerone.com/reports/224572,10,0.0,,2017-08-18
224927,Nextcloud,Missing Rate Limiting protection leading to mass triggering of e-mails,hackerone.com/reports/224927,5,0.0,Violation of Secure Design Principles,2017-06-05
225020,U.S. Dept Of Defense,reflected xss @ www.█████████,hackerone.com/reports/225020,5,0.0,Cross-site Scripting (XSS) - Reflected,2021-03-11
225098,Nextcloud,SQL exception in JSON format,hackerone.com/reports/225098,6,0.0,Information Exposure Through an Error Message,2020-01-31
225100,Weblate,CSRF to Connect third party Account,hackerone.com/reports/225100,7,0.0,Cross-Site Request Forgery (CSRF),2017-05-02
225243,Uber,phone number exposure for riders/drivers given email/uuid,hackerone.com/reports/225243,36,0.0,Information Exposure Through an Error Message,2017-06-02
225495,Weblate,full path disclosure at hosted.weblate.org/admin/accounts/profile/ ,hackerone.com/reports/225495,2,0.0,Path Traversal,2017-05-17
225537,Mapbox,Node modules path disclosure due to lack of error handling,hackerone.com/reports/225537,17,0.0,Information Disclosure,2017-07-11
225540,Weblate,Incorrect HTTPS Certificate,hackerone.com/reports/225540,2,0.0,Improper Certificate Validation,2017-06-16
225555,Weblate,ClickJacking on Debug,hackerone.com/reports/225555,2,0.0,UI Redressing (Clickjacking),2017-06-16
225653,Weblate,Account Takeover using Third party Auth CSRF,hackerone.com/reports/225653,11,0.0,Cross-Site Request Forgery (CSRF),2017-05-17
225722,Weblate,7BO: Binary Option Robot URL should be HTTPS,hackerone.com/reports/225722,3,0.0,,2017-06-16
225754,HackerOne,Insecure SHA1withRSA in b5s.hackerone-ext-content.com and a4l.hackerone-ext-content.com,hackerone.com/reports/225754,19,0.0,Use of a Broken or Risky Cryptographic Algorithm,2017-06-21
225769,Weblate,Facebook share URL should be HTTPS,hackerone.com/reports/225769,2,0.0,,2017-06-16
225777,Nextcloud,DOMPurify 0.8.9 released,hackerone.com/reports/225777,6,0.0,Cross-site Scripting (XSS) - Generic,2020-03-01
225833,HackerOne,"www.hackerone.com website CSP ""script-src"" includes ""unsafe-inline""",hackerone.com/reports/225833,17,0.0,Violation of Secure Design Principles,2017-05-23
225901,Weblate,Missing filteration of meta characters in full name field on registration page https://demo.weblate.org/accounts/register,hackerone.com/reports/225901,9,0.0,Violation of Secure Design Principles,2017-05-22
225936,U.S. Dept Of Defense,Cross-site scripting (XSS) vulnerability on a DoD website,hackerone.com/reports/225936,8,0.0,CRLF Injection,2017-08-15
226037,Nextcloud,Wordpress Vulnerable to Potential Unauthorized Password Reset,hackerone.com/reports/226037,11,0.0,,2017-08-15
226094,Paragon Initiative Enterprises,I am because bug,hackerone.com/reports/226094,40,0.0,,2017-05-05
226097,Nextcloud,I am because bug,hackerone.com/reports/226097,32,0.0,,2017-05-04
226104,Paragon Initiative Enterprises,Incomplete fix for #181225 (target=_blank vulnerability),hackerone.com/reports/226104,5,0.0,,2018-04-20
226199,HackerOne,Changing Victim's JIRA Integration Settings Through Multiple Bugs,hackerone.com/reports/226199,36,1000.0,Business Logic Errors,2017-05-23
226200,shopify-scripts,OP_SCALL in LHS of a OP_ASGN resulting in arbitrary memory write,hackerone.com/reports/226200,3,0.0,Write-what-where Condition,2017-05-30
226203,Paragon Initiative Enterprises,Cross-site-Scripting,hackerone.com/reports/226203,4,0.0,Cross-site Scripting (XSS) - Stored,2017-05-05
226211,U.S. Dept Of Defense,SQL Injection vulnerability in a DoD website,hackerone.com/reports/226211,3,0.0,SQL Injection,2017-08-15
226212,Paragon Initiative Enterprises,directory information disclose,hackerone.com/reports/226212,2,0.0,Information Disclosure,2017-05-05
226245,U.S. Dept Of Defense,Remote code execution (RCE) in multiple DoD websites,hackerone.com/reports/226245,8,0.0,Code Injection,2017-07-05
226334,Paragon Initiative Enterprises,Improper validation of Email ,hackerone.com/reports/226334,2,0.0,,2017-05-07
226335,RubyGems,"Escape sequence injection in ""summary"" field",hackerone.com/reports/226335,6,500.0,Command Injection - Generic,2017-08-30
226343,Paragon Initiative Enterprises,Full Path Disclosure in airship.paragonie.com '/cabins/',hackerone.com/reports/226343,0,0.0,,2017-10-16
226408,Shopify,Open Redirect in shopify app URL,hackerone.com/reports/226408,8,0.0,Open Redirect,2017-07-21
226418,HackerOne,HackerOne reports escalation to JIRA is CSRF vulnerable,hackerone.com/reports/226418,36,500.0,Cross-Site Request Forgery (CSRF),2017-08-30
226427,U.S. Dept Of Defense,Information disclosure vulnerability on a DoD website,hackerone.com/reports/226427,6,0.0,Information Exposure Through Debug Information,2017-07-05
226428,Shopify,Reflected XSS in <any>.myshopify.com through theme preview,hackerone.com/reports/226428,69,0.0,Cross-site Scripting (XSS) - Reflected,2017-05-29
226505,Paragon Initiative Enterprises,There is an vulnerability in https://bridge.cspr.ng where an attacker can users directory,hackerone.com/reports/226505,1,0.0,,2017-05-07
226514,Paragon Initiative Enterprises,Full Path Disclousure on https://airship.paragonie.com,hackerone.com/reports/226514,2,0.0,Information Disclosure,2017-05-07
226518,Paragon Initiative Enterprises,no session logout after changing the password  in https://bridge.cspr.ng/,hackerone.com/reports/226518,2,0.0,,2017-05-07
226612,Mixmax,CSRF,hackerone.com/reports/226612,9,0.0,Cross-Site Request Forgery (CSRF),2017-06-01
226648,Gratipay,Unauthorized access to the slack channel via inside.gratipay.com/appendices/chat,hackerone.com/reports/226648,2,0.0,Improper Authentication - Generic,2017-05-09
226659,Concrete CMS,Password Reset link hijacking via Host Header Poisoning ,hackerone.com/reports/226659,71,0.0,Privilege Escalation,2017-06-06
226712,Paragon Initiative Enterprises,Broken Authentication & Session Management - Failure to Invalidate Session on all other browsers at Password change,hackerone.com/reports/226712,9,0.0,Improper Authentication - Generic,2017-05-07
226756,VK.com,local file disclosure via FFmpeg hls processing,hackerone.com/reports/226756,77,1000.0,Information Disclosure,2017-06-24
226783,Ubiquiti Inc.,HTML Injection on airlink.ubnt.com,hackerone.com/reports/226783,9,0.0,Code Injection,2017-06-22
226896,Nextcloud,Nextcloud Server Remote Command Execution,hackerone.com/reports/226896,4,0.0,,2017-05-10
227102,U.S. Dept Of Defense,Two Error-Based SQLi in courses.aspx on ██████████,hackerone.com/reports/227102,0,0.0,SQL Injection,2019-12-02
227230,Shopify,API Webhooks Fire And Are Unlisted After Permissions Removed,hackerone.com/reports/227230,9,0.0,Improper Access Control - Generic,2017-06-27
227344,Internet Bug Bounty,CVE-2017-8798 - miniupnp getHTTPResponse chunked encoding integer signedness error,hackerone.com/reports/227344,2,0.0,Integer Overflow,2019-11-12
227486,Starbucks,XSS on https://www.starbucks.co.uk (can lead to credit card theft) (/shop/paymentmethod),hackerone.com/reports/227486,27,0.0,Cross-site Scripting (XSS) - Generic,2018-05-22
227587,U.S. Dept Of Defense,SQL Injection vulnerability in a DoD website,hackerone.com/reports/227587,4,0.0,SQL Injection,2017-08-15
227643,U.S. Dept Of Defense,Cross-site scripting (XSS) vulnerability on a DoD website,hackerone.com/reports/227643,4,0.0,Cross-site Scripting (XSS) - Reflected,2017-07-05
227659,Teradici,Weak password requirement on techsupport.teradici.com ,hackerone.com/reports/227659,5,0.0,,2017-05-29
227725,Starbucks,Missing CSRF Token On Add Coupon To Basket,hackerone.com/reports/227725,8,0.0,Cross-Site Request Forgery (CSRF),2019-01-22
227726,Starbucks,Missing CSRF Token On Remove Coupun From Cart,hackerone.com/reports/227726,10,0.0,Cross-Site Request Forgery (CSRF),2019-02-08
227762,shopify-scripts,Heap Overflow in fiber_switch triggered from Fiber.transfer,hackerone.com/reports/227762,3,0.0,Heap Overflow,2017-05-30
227781,VK.com,Получение предложенных фотографий паблику ,hackerone.com/reports/227781,11,200.0,Information Disclosure,2018-05-30
227809,Instacart,XSS at in instacart.com/store/partner_recipe,hackerone.com/reports/227809,18,0.0,Cross-site Scripting (XSS) - Generic,2017-05-30
227833,Instacart,Reverse Tab-nabbing at www.instacart.com/store/partner_recipe?recipe_url=,hackerone.com/reports/227833,19,0.0,,2017-05-30
227837,Yelp,ClickJacking in editing business name,hackerone.com/reports/227837,0,0.0,UI Redressing (Clickjacking),2017-11-09
227880,U.S. Dept Of Defense,XXE in DoD website that may lead to RCE,hackerone.com/reports/227880,97,0.0,XML External Entities (XXE),2019-10-04
228112,Paragon Initiative Enterprises,"Directory Disclose,Email Disclose Zendmail vulnerability",hackerone.com/reports/228112,8,0.0,Information Exposure Through Directory Listing,2017-06-21
228156,Legal Robot,https://www.legalrobot.com/,hackerone.com/reports/228156,1,0.0,Information Disclosure,2018-03-14
228295,Yelp,User can be fooled to Bookmark any restaurant by clickjacking,hackerone.com/reports/228295,0,0.0,UI Redressing (Clickjacking),2017-11-09
228323,Teradici,Weak Password Policy on techsupport.teradici.com,hackerone.com/reports/228323,2,0.0,Privacy Violation,2017-05-29
228377,Discourse,SSRF in upload IMG through URL,hackerone.com/reports/228377,32,64.0,Information Disclosure,2017-06-18
228383,U.S. Dept Of Defense,IDOR on DoD Website exposes FTP users and passes linked to all accounts!,hackerone.com/reports/228383,20,0.0,Insecure Direct Object Reference (IDOR),2019-10-04
228399,Discourse,"Any authenticated user can download full list of users, including email",hackerone.com/reports/228399,19,256.0,Privacy Violation,2017-06-17
228471,Weblate,DNSSEC Zone Walk using NSEC Records,hackerone.com/reports/228471,1,0.0,Information Disclosure,2018-01-30
228539,Quora,self xss in,hackerone.com/reports/228539,7,0.0,Cross-site Scripting (XSS) - Generic,2017-05-22
228648,HackerOne,WannaCrypt “Killswitch”,hackerone.com/reports/228648,808,0.0,,2017-05-13
228825,Nextcloud,(Authenticated) RCE by bypassing of the .htaccess blacklist,hackerone.com/reports/228825,7,0.0,Code Injection,2020-03-01
228854,WordPress,WordPress Automatic Update Protocol Does Not Authenticate Updates Provided by the Server,hackerone.com/reports/228854,2,0.0,Cryptographic Issues - Generic,2019-07-22
228873,PortSwigger Web Security,Misconfiguration: Missing Custom Error Page (CWE-12 & CWE-756),hackerone.com/reports/228873,5,0.0,,2017-05-16
229170,Nextcloud,RTLO character allowed in shared files,hackerone.com/reports/229170,4,0.0,UI Redressing (Clickjacking),2020-08-17
229199,U.S. Dept Of Defense,Limited code execution vulnerability on a DoD website,hackerone.com/reports/229199,7,0.0,Server-Side Request Forgery (SSRF),2017-07-05
229405,Weblate,Csrf in watch-unwatch projects,hackerone.com/reports/229405,5,0.0,Cross-Site Request Forgery (CSRF),2017-08-17
229417,Weblate,Design Flaw in session management of password reset ,hackerone.com/reports/229417,7,0.0,Improper Access Control - Generic,2017-06-02
229483,Weblate,Improper validation of unicode characters,hackerone.com/reports/229483,4,0.0,,2017-06-19
229498,Starbucks,Host header injection/redirection via newsletter signup,hackerone.com/reports/229498,19,0.0,,2018-06-08
229511,Weblate,No Rate Limiting at /contact,hackerone.com/reports/229511,8,0.0,Memory Corruption - Generic,2017-06-02
229528,Weblate,Login CSRF : Login Authentication Flaw,hackerone.com/reports/229528,11,0.0,Cross-Site Request Forgery (CSRF),2017-06-02
229532,Weblate,Insecure Account Removal #2,hackerone.com/reports/229532,16,0.0,Violation of Secure Design Principles,2018-08-28
229541,Weblate,Captcha Bypass at Email Reset can lead to Spamming users.,hackerone.com/reports/229541,7,0.0,Violation of Secure Design Principles,2017-06-02
229577,Weblate,Old password can be new password,hackerone.com/reports/229577,6,0.0,,2017-06-03
229584,Weblate,Captcha bypass at registration,hackerone.com/reports/229584,3,0.0,,2017-06-28
229599,Nextcloud,Email Spoofing Vulnerability from nextcloud.,hackerone.com/reports/229599,15,0.0,,2017-05-18
229619,Shopify,Ability to verify any email address you don't own - accounts.shopify.com,hackerone.com/reports/229619,76,0.0,Violation of Secure Design Principles,2019-11-08
229620,Weblate,Information Disclosure on demo.weblate.org,hackerone.com/reports/229620,7,0.0,Information Disclosure,2017-06-02
229622,Ubiquiti Inc.,Directory traversal at https://nightly.ubnt.com,hackerone.com/reports/229622,26,0.0,Path Traversal,2017-10-10
229690,Eternal,Amazon S3 bucket misconfiguration (share),hackerone.com/reports/229690,18,0.0,Improper Access Control - Generic,2017-05-18
229735,Weblate,Self-XSS can be achieved in the editor link using filter bypass,hackerone.com/reports/229735,5,0.0,Cross-site Scripting (XSS) - Generic,2017-06-02
229796,Weblate,Missing restriction on string size,hackerone.com/reports/229796,5,0.0,,2017-06-03
229825,Weblate,Rate Limit Issue on hosted.weblate.org,hackerone.com/reports/229825,10,0.0,Improper Restriction of Authentication Attempts,2017-07-02
229869,Weblate,Adding Email lacks Password validation,hackerone.com/reports/229869,3,0.0,,2017-06-28
229909,Weblate,No notificatoin sent on email after account deletion.,hackerone.com/reports/229909,4,0.0,,2017-06-02
229920,Weblate,Password Restriction,hackerone.com/reports/229920,12,0.0,Violation of Secure Design Principles,2017-08-19
229987,Weblate,Password token validation in https://demo.weblate.org/,hackerone.com/reports/229987,3,0.0,Improper Authentication - Generic,2017-06-27
230026,U.S. Dept Of Defense,Insecure Direct Object Reference on in-scope .mil website,hackerone.com/reports/230026,8,0.0,Insecure Direct Object Reference (IDOR),2019-12-02
230029,Concrete CMS,Stored XSS in Pages SEO dialog Name field (concrete5 8.1.0),hackerone.com/reports/230029,9,0.0,Cross-site Scripting (XSS) - Stored,2017-07-27
230076,Weblate,Takeover of an account via reset password options after removing the account,hackerone.com/reports/230076,7,0.0,Improper Authentication - Generic,2017-06-13
230098,Paragon Initiative Enterprises,Full directory path listing,hackerone.com/reports/230098,14,0.0,Information Exposure Through Directory Listing,2017-05-20
230119,Eternal,Reflected XSS in Zomato Mobile - category parameter,hackerone.com/reports/230119,7,0.0,Cross-site Scripting (XSS) - Reflected,2017-06-26
230194,Weblate,Option method enabled,hackerone.com/reports/230194,5,0.0,Violation of Secure Design Principles,2017-05-21
230232,WordPress,Stored self-XSS in mercantile.wordpress.org checkout,hackerone.com/reports/230232,15,0.0,Cross-site Scripting (XSS) - Stored,2017-07-14
230234,WordPress,[mercantile.wordpress.org] Reflected XSS via AngularJS Template Injection,hackerone.com/reports/230234,29,0.0,Cross-site Scripting (XSS) - Reflected,2017-06-14
230278,Concrete CMS,Stored XSS in Headline TextControl element in Express forms [ concrete5 8.1.0 ],hackerone.com/reports/230278,12,0.0,Cross-site Scripting (XSS) - Stored,2017-07-14
230328,Nextcloud,IDOR unsubscribe Anyone from NextClouds Newsletters by knowing their Email ,hackerone.com/reports/230328,29,0.0,Insecure Direct Object Reference (IDOR),2017-09-16
230428,Coinbase,Csrf bug on signup session,hackerone.com/reports/230428,2,0.0,Cross-Site Request Forgery (CSRF),2017-08-30
230435,WordPress,DOM Based XSS In mercantile.wordpress.org,hackerone.com/reports/230435,21,0.0,Cross-site Scripting (XSS) - DOM,2017-06-14
230436,Coinbase,CSRF bug on password change,hackerone.com/reports/230436,0,0.0,Cross-Site Request Forgery (CSRF),2017-08-28
230525,Legal Robot,Domain takeover (legalrobot.co.za),hackerone.com/reports/230525,15,0.0,Improper Authentication - Generic,2017-07-17
230581,WordPress,Clickjacking wordcamp.org,hackerone.com/reports/230581,14,0.0,UI Redressing (Clickjacking),2017-06-24
230608,Informatica,[marketplace.informatica.com] User email disclosure,hackerone.com/reports/230608,11,0.0,Privacy Violation,2017-11-07
230633,Weblate,Weblate- Banner Grabbing-Ngnix Server version,hackerone.com/reports/230633,4,0.0,,2017-06-05
230648,Weblate,Weblate |Security Misconfiguration| Method Enumeration Possible on domain ,hackerone.com/reports/230648,7,0.0,,2017-07-02
230688,VK.com,CSRF на сброс ключа трансляции.,hackerone.com/reports/230688,12,100.0,Cross-Site Request Forgery (CSRF),2017-07-09
230714,U.S. Dept Of Defense,Arbitary file download vulnerability on a DoD website,hackerone.com/reports/230714,11,0.0,Insecure Direct Object Reference (IDOR),2017-07-05
230837,Eternal,CSRF To Like/Unlike Photos,hackerone.com/reports/230837,5,0.0,Cross-Site Request Forgery (CSRF),2017-06-30
230863,Weblate,CSRF bypass ( Delate Source Translation From dictionaries ) in demo.weblate.org,hackerone.com/reports/230863,4,0.0,Cross-Site Request Forgery (CSRF),2017-06-02
230870,U.S. Dept Of Defense,Arbitary file download vulnerability on a DoD website,hackerone.com/reports/230870,14,0.0,Insecure Direct Object Reference (IDOR),2017-07-05
231041,Uber,Session not expired When logout [partners.uber.com],hackerone.com/reports/231041,12,0.0,,2017-05-26
231053,Shopify,"XSS on any Shopify shop via abuse of the HTML5 structured clone algorithm in postMessage listener on ""/:id/digital_wallets/dialog""",hackerone.com/reports/231053,121,3000.0,Cross-site Scripting (XSS) - DOM,2017-05-30
231062,Weblate,"CSP ""script-src"" includes ""unsafe-inline"" in weblate.org and demo.weblate.org",hackerone.com/reports/231062,1,0.0,Violation of Secure Design Principles,2017-05-23
231086,Gratipay,"CSP ""script-src"" includes ""unsafe-inline"" in https://gratipay.com",hackerone.com/reports/231086,2,0.0,Violation of Secure Design Principles,2017-07-10
231267,Pushwoosh,Development configuration file,hackerone.com/reports/231267,23,0.0,Information Disclosure,2018-01-18
231389,Rockstar Games,Stored XSS in snapmatic comments,hackerone.com/reports/231389,30,1000.0,Cross-site Scripting (XSS) - Stored,2017-09-05
231444,Rockstar Games,Stored XSS in profile activity feed messages,hackerone.com/reports/231444,44,1000.0,Cross-site Scripting (XSS) - Stored,2017-08-28
231460,Snapchat,Open prod Jenkins instance,hackerone.com/reports/231460,436,15000.0,Information Disclosure,2017-08-19
231510,Gratipay,"Gratipay Website CSP ""script-scr"" includes ""unsafe-inline""",hackerone.com/reports/231510,1,0.0,HTTP Request Smuggling,2017-05-25
231524,Nextcloud,HTML injection and limited XSS via logo image upload - Nextcloud 12.0.0,hackerone.com/reports/231524,6,0.0,Cross-site Scripting (XSS) - Stored,2020-01-31
231687,U.S. Dept Of Defense,Remote Code Execution (RCE) vulnerability in multiple DoD websites,hackerone.com/reports/231687,4,0.0,Code Injection,2017-07-05
231760,Coinbase,Open redirect on sign in ,hackerone.com/reports/231760,3,0.0,Open Redirect,2017-06-23
231805,ThisData,Insecure Cache-Control Leading to API key Retrieval,hackerone.com/reports/231805,10,0.0,Business Logic Errors,2017-07-18
231917,Nextcloud,Shared file link - password protection bypass under certain conditions,hackerone.com/reports/231917,5,50.0,Information Disclosure,2018-09-25
231926,U.S. Dept Of Defense,Remote Code Execution (RCE) in a DoD website,hackerone.com/reports/231926,10,0.0,Code Injection,2017-06-14
232150,Internet Bug Bounty,heap-buffer-overflow (READ of size 11) in Perl 5.25.x,hackerone.com/reports/232150,5,0.0,Heap Overflow,2017-05-28
232174,Shopify,XSS on $shop$.myshopify.com/admin/ and partners.shopify.com via whitelist bypass in SVG icon for sales channel applications,hackerone.com/reports/232174,87,5000.0,Cross-site Scripting (XSS) - Stored,2017-06-27
232306,Weblate,Improper Cookie expiration | Cookies Expiration Set to Future ,hackerone.com/reports/232306,5,0.0,,2017-08-31
232320,Informatica,[doc.rt.informaticacloud.com] Reflected XSS via Stack Strace,hackerone.com/reports/232320,6,0.0,Cross-site Scripting (XSS) - Reflected,2022-07-23
232327,Ubiquiti Inc.,CRLF Injection on openvpn.svc.ubnt.com,hackerone.com/reports/232327,8,0.0,CRLF Injection,2017-07-04
232330,U.S. Dept Of Defense,Remote Code Execution (RCE) vulnerability in a DoD website,hackerone.com/reports/232330,8,0.0,XML External Entities (XXE),2017-08-15
232347,Nextcloud,[FG-VD-17-063] NextCloud Insufficient Attack Protection Vulnerability Notification,hackerone.com/reports/232347,10,100.0,Code Injection,2018-07-29
232371,Informatica,[doc.rt.informaticacloud.com] Arbitrary File Reading via Double URL Encode,hackerone.com/reports/232371,20,0.0,Path Traversal,2022-07-23
232378,U.S. Dept Of Defense,SQL Injection on https://████████/,hackerone.com/reports/232378,11,0.0,SQL Injection,2022-05-12
232499,Rockstar Games,Control characters incorrectly handled on Crew Status Update,hackerone.com/reports/232499,7,250.0,Code Injection,2017-06-23
232614,Weblate,Uploaded XLF files result in External Entity Execution,hackerone.com/reports/232614,18,0.0,XML External Entities (XXE),2017-06-02
232650,Starbucks,Full Api Access and Run All Functions via Starbucks App,hackerone.com/reports/232650,28,0.0,Improper Authentication - Generic,2017-08-06
232994,Weblate,API Does Not Apply Access Controls to Translations,hackerone.com/reports/232994,4,0.0,Improper Access Control - Generic,2017-06-02
233099,Starbucks,CSRF in Report Lost or Stolen Page https://www.starbucks.com/account/card,hackerone.com/reports/233099,9,0.0,Cross-Site Request Forgery (CSRF),2017-09-25
233376,Mixmax,mailbomb through invite feature on chrome addon,hackerone.com/reports/233376,6,0.0,Improper Restriction of Authentication Attempts,2017-07-16
233379,Mixmax,Attacker can trick other into logging in as themselves,hackerone.com/reports/233379,4,0.0,,2017-06-13
233402,Mixmax,Possible Subdomain Takeover,hackerone.com/reports/233402,6,0.0,Insufficiently Protected Credentials,2017-05-31
233408,Mixmax,Subdomain takeover (sales.mixmax.com),hackerone.com/reports/233408,7,0.0,Privilege Escalation,2017-05-31
233440,Internet Bug Bounty,heap-buffer-overflow (READ of size 61) in Perl_re_intuit_start(),hackerone.com/reports/233440,6,0.0,Heap Overflow,2017-06-05
234701,Mixmax,Security Vulnerability - SMTP protection not used,hackerone.com/reports/234701,4,0.0,,2017-06-13
234713,Mixmax,Clickjacking on Mixmax.com,hackerone.com/reports/234713,12,0.0,UI Redressing (Clickjacking),2017-06-13
234758,Mixmax,CRLF Injection on https://vpn.mixmax.com,hackerone.com/reports/234758,8,0.0,CRLF Injection,2017-06-06
235016,Internet Bug Bounty,"rpcbind ""rpcbomb"" CVE-2017-8779, CVE-2017-8804",hackerone.com/reports/235016,10,0.0,Uncontrolled Resource Consumption,2019-10-14
235041,U.S. Dept Of Defense,Sensitive Email disclosure Due to Insecure  Reactivate Account field,hackerone.com/reports/235041,3,0.0,Privacy Violation,2019-12-02
235059,Mixmax,Privilege escalation-User who does not have access is able to add notes to the contact,hackerone.com/reports/235059,13,0.0,Privilege Escalation,2017-06-16
235200,Semrush,Cross-origin resource sharing misconfig | steal user information ,hackerone.com/reports/235200,97,0.0,Misconfiguration,2017-12-17
235216,U.S. Dept Of Defense,Exposed FTP Credentials on ███████,hackerone.com/reports/235216,3,0.0,Insufficiently Protected Credentials,2019-12-02
235292,Mixmax,[compose.mixmax.com] Stored XSS on compose.mixmax.com in contact names.,hackerone.com/reports/235292,7,0.0,Cross-site Scripting (XSS) - Stored,2017-06-06
235605,U.S. Dept Of Defense,Remote Code Execution (RCE) in DoD Websites,hackerone.com/reports/235605,17,0.0,Code Injection,2018-04-17
235642,X / xAI,[CRITICAL] Full account takeover using CSRF,hackerone.com/reports/235642,87,0.0,Cross-Site Request Forgery (CSRF),2017-11-03
235842,Ruby,Ruby 2.3.x and 2.2.x still bundle DoS vulnerable verision of libYAML,hackerone.com/reports/235842,3,0.0,Memory Corruption - Generic,2017-10-25
235866,MapsMarker.com e.U.,Cross-site Scripting (XSS) in /updates-pro/archive/,hackerone.com/reports/235866,6,0.0,Cross-site Scripting (XSS) - Generic,2017-07-02
236188,Mixmax,Missing restriction on string size of contact field,hackerone.com/reports/236188,7,0.0,Violation of Secure Design Principles,2017-06-13
236276,Starbucks,Unable to register in starbucks app,hackerone.com/reports/236276,2,0.0,Weak Cryptography for Passwords,2017-08-15
236301,Mixmax,Blind SSRF due to img tag injection in career form,hackerone.com/reports/236301,9,0.0,Server-Side Request Forgery (SSRF),2017-07-19
236349,Shopify,[out-of-scope] toxiproxy: Lack of CSRF protection allows an attacker to gain access to internal Shopify network,hackerone.com/reports/236349,8,0.0,Server-Side Request Forgery (SSRF),2018-07-11
236390,Mixmax,Email Leakage in staging environment,hackerone.com/reports/236390,6,0.0,,2017-06-07
236398,Weblate,no captcha for register user and weak question attacker can spam email,hackerone.com/reports/236398,29,0.0,Violation of Secure Design Principles,2019-10-26
236552,Automattic,Unauthenticated RCE in Vaultpress,hackerone.com/reports/236552,31,0.0,,2017-09-15
236599,ExpressionEngine,Open redirects protection bypass,hackerone.com/reports/236599,5,0.0,Open Redirect,2017-06-16
236607,ExpressionEngine,Remote Code Execution in the Import Channel function,hackerone.com/reports/236607,7,0.0,,2018-04-04
237071,Coinbase,X-Frame-Options,hackerone.com/reports/237071,1,0.0,UI Redressing (Clickjacking),2017-06-22
237100,Mixmax,[app.mixmax.com] Stored XSS on Adding new enhancement.,hackerone.com/reports/237100,11,0.0,Cross-site Scripting (XSS) - Stored,2017-06-13
237125,Mixmax,no string size restriction on team name,hackerone.com/reports/237125,6,0.0,Memory Corruption - Generic,2017-07-16
237184,Nextcloud,Session fixation in password protected public download.,hackerone.com/reports/237184,20,0.0,Session Fixation,2018-10-25
237232,Nextcloud,Unauthenticated 'display name' information leak on enumeration of login names,hackerone.com/reports/237232,5,0.0,Information Disclosure,2020-03-01
237262,HackerOne,Invitation tokens leak to Google Analytics,hackerone.com/reports/237262,32,0.0,Information Disclosure,2017-07-16
237357,Snapchat,CRLF Injection at vpn.bitstrips.com,hackerone.com/reports/237357,24,0.0,CRLF Injection,2017-06-15
237381,Automattic,SSRF and local file disclosure in https://wordpress.com/media/videos/ via FFmpeg HLS processing,hackerone.com/reports/237381,62,0.0,Information Disclosure,2017-07-29
237544,Yelp,Weak Password Policy,hackerone.com/reports/237544,2,0.0,Violation of Secure Design Principles,2017-11-09
237597,Shopify,SQL Exception thrown during product import,hackerone.com/reports/237597,14,0.0,Information Exposure Through an Error Message,2017-07-12
237860,Nextcloud,ci.nextcloud.com: CVE-2015-5477 BIND9 TKEY Vulnerability + Exploit (Denial of Service),hackerone.com/reports/237860,3,0.0,Uncontrolled Resource Consumption,2017-06-08
237915,Internet Bug Bounty,PHP mbstring / Oniguruma multiple remote heap/stack corruptions,hackerone.com/reports/237915,35,1500.0,Heap Overflow,2019-10-14
237927,Mixmax,Stored XSS templates -> 'call for action' feature,hackerone.com/reports/237927,4,0.0,,2017-06-09
238117,Weblate,Open redirect while disconnecting Email,hackerone.com/reports/238117,5,0.0,Open Redirect,2017-06-08
238260,Slack,"Uninstalling Slack for Windows (64-bit), then reinstalling keeps you logged in without authentication",hackerone.com/reports/238260,18,500.0,Insufficiently Protected Credentials,2020-11-10
238344,Parrot Sec,http://lists.parrotsec.org vulnerable to MITM,hackerone.com/reports/238344,8,0.0,Man-in-the-Middle,2017-06-28
238842,Parrot Sec,XSS on http://irc.parrotsec.org,hackerone.com/reports/238842,10,0.0,Cross-site Scripting (XSS) - Reflected,2017-08-24
238890,Algolia,SAUCE Access_key and User_name leaked in Travis CI build logs,hackerone.com/reports/238890,3,0.0,Information Disclosure,2017-07-12
238906,Mixmax,Stored XSS in Templates>Enahance>Social Badges,hackerone.com/reports/238906,7,0.0,Cross-site Scripting (XSS) - Stored,2017-06-16
238915,Algolia,Text injection on status.algolia.com,hackerone.com/reports/238915,4,0.0,Violation of Secure Design Principles,2017-08-25
239170,Bumble,CSRF bug ,hackerone.com/reports/239170,6,0.0,Cross-Site Request Forgery (CSRF),2017-06-12
239359,Automattic,"Timing attack woocommerce, simplify commerce gateway",hackerone.com/reports/239359,9,0.0,,2017-09-11
239380,Stellar.org,Session Cookie without HttpOnly and secure flag set,hackerone.com/reports/239380,4,0.0,Violation of Secure Design Principles,2017-06-14
239479,Stellar.org,HTTP - Basic Authentication on https://www.stellar.org/wp-login.php,hackerone.com/reports/239479,7,0.0,Violation of Secure Design Principles,2017-06-13
239623,Slack,Many Slack teams can be joined by abusing an improperly configured support@ inbox,hackerone.com/reports/239623,87,0.0,Improper Authentication - Generic,2017-10-21
239719,Ubiquiti Inc.,Privilege Escalation using API->Feature,hackerone.com/reports/239719,23,0.0,Privilege Escalation,2017-11-24
239762,Inflection,XSS at https://app.goodhire.com/member/GH.aspx,hackerone.com/reports/239762,14,0.0,,2018-02-21
239818,Mixmax,Design issue with webhook (several) notifications on mixmax.com,hackerone.com/reports/239818,4,0.0,,2017-06-23
240048,GoCD,Imperfect CSRF To Overwrite Server Config at /go/admin/restful/configuration/file/POST/xml,hackerone.com/reports/240048,8,0.0,Cross-Site Request Forgery (CSRF),2018-12-05
240083,HackerOne,Updating payout preference to CurrencyCloud doesn't notify user via email,hackerone.com/reports/240083,35,500.0,Violation of Secure Design Principles,2018-01-31
240091,Inflection,Open redirect at app.goodhire.com via ReturnUrl parameter,hackerone.com/reports/240091,23,0.0,,2018-02-21
240098,Ubiquiti Inc.,"CSRF: Replacing the router configuration backup having an 'operator' user and bypassing the ""Referer:' whitelist protection",hackerone.com/reports/240098,14,0.0,,2017-11-24
240256,WordPress,[mercantile.wordpress.org] Reflected XSS,hackerone.com/reports/240256,13,0.0,Cross-site Scripting (XSS) - Reflected,2018-08-30
240562,Inflection,Privilege Escalation.,hackerone.com/reports/240562,16,0.0,Privilege Escalation,2017-10-24
240659,Stellar.org,heap-buffer-overflow (READ of size 1) in cpptoml::parser::consume_whitespace(),hackerone.com/reports/240659,8,0.0,Heap Overflow,2017-06-30
240886,Automattic,Multiple File Manipulation bugs in WP Super Cache ,hackerone.com/reports/240886,15,0.0,,2018-10-29
240958,Yelp,Firefly's verify_access_token() function does a byte-by-byte comparison of HMAC values.,hackerone.com/reports/240958,7,0.0,Cryptographic Issues - Generic,2017-07-10
240987,Gratipay,Email Spoofing,hackerone.com/reports/240987,1,0.0,Violation of Secure Design Principles,2017-06-17
240989,Eternal,xss found in zomato,hackerone.com/reports/240989,4,0.0,Cross-site Scripting (XSS) - DOM,2017-06-30
241008,Shopify,Stored XSS in *.myshopify.com,hackerone.com/reports/241008,13,0.0,Cross-site Scripting (XSS) - Stored,2017-06-27
241044,Ubiquiti Inc.,Privilege Escalation: From operator to ubnt (and root) with non-interactive Session Hijacking,hackerone.com/reports/241044,16,0.0,,2017-11-24
241116,U.S. Dept Of Defense,Admin Salt Leakage on DoD site.,hackerone.com/reports/241116,7,0.0,Insufficiently Protected Credentials,2019-12-02
241192,Gratipay,CSP Policy Bypass and javascript execution,hackerone.com/reports/241192,4,0.0,,2017-06-18
241194,Inflection,Session ID is accessible via XSS,hackerone.com/reports/241194,12,0.0,,2018-09-30
241202,Internet Bug Bounty,Unsafe arithmetic in PyString_DecodeEscape,hackerone.com/reports/241202,14,500.0,Integer Overflow,2017-08-15
241231,Rockstar Games,flash injection in http://www.rockstargames.com/IV/imgPlayer/imageEmbed.swf,hackerone.com/reports/241231,8,0.0,Resource Injection,2017-08-25
241244,GoCD,Spring security configuration allows agent sessions to be hijacked,hackerone.com/reports/241244,6,0.0,Improper Authentication - Generic,2018-07-31
241323,Automattic,woocommerce - prevent_caching() bug / bypass,hackerone.com/reports/241323,9,0.0,,2017-09-16
241341,Gratipay,CSP Policy Bypass and javascript execution Still Not Fixed,hackerone.com/reports/241341,1,0.0,,2017-06-19
241503,Starbucks,Possible subdomain takeover at openapi.starbucks.com,hackerone.com/reports/241503,24,0.0,,2017-08-15
241596,Weblate,Improper validation of unicode characters still not fixed,hackerone.com/reports/241596,5,0.0,,2017-08-21
241598,Weblate,Full Name Overwrite on Third party login,hackerone.com/reports/241598,6,0.0,,2017-08-21
241608,Weblate,Running 2 accounts with a single email [Part 2],hackerone.com/reports/241608,7,0.0,Business Logic Errors,2017-10-07
241610,Internet Bug Bounty,ap_find_token() Buffer Overread,hackerone.com/reports/241610,22,0.0,Buffer Over-read,2017-08-10
241619,Starbucks,DOM-based XSS in store.starbucks.co.uk on IE 11,hackerone.com/reports/241619,17,0.0,Cross-site Scripting (XSS) - DOM,2017-11-03
241623,Weblate,Persistence of Third Party Association.,hackerone.com/reports/241623,6,0.0,Business Logic Errors,2017-08-21
241892,Gratipay,Possible user session hijack by invalid HTTPS certificate on inside.gratipay.com domain,hackerone.com/reports/241892,1,0.0,Violation of Secure Design Principles,2017-06-21
241950,Paragon Initiative Enterprises,Non-secure requests are not automatically upgraded to HTTPS,hackerone.com/reports/241950,0,0.0,Violation of Secure Design Principles,2017-10-16
242119,Internet Bug Bounty,Roundcube virtualmin privilege escalation (CVE-2017-8114),hackerone.com/reports/242119,3,0.0,Command Injection - Generic,2019-11-12
242171,Weblate,Improper validation of unicode characters,hackerone.com/reports/242171,5,0.0,Violation of Secure Design Principles,2017-08-19
242243,Inflection,Open Redirect through POST Request,hackerone.com/reports/242243,20,0.0,Open Redirect,2017-10-16
242354,shopify-scripts,Null pointer dereference with send/method_missing,hackerone.com/reports/242354,2,800.0,NULL Pointer Dereference,2017-06-23
242407,Ubiquiti Inc.,Privilege Escalation with Session Hijacking Having a Non-privileged Valid User,hackerone.com/reports/242407,6,0.0,,2017-12-04
242408,VK.com,Нет маркера на добавление песни в плейлист пользователя,hackerone.com/reports/242408,7,100.0,CRLF Injection,2017-07-23
242489,Quora,Possibility of DOS Through logging System,hackerone.com/reports/242489,2,0.0,,2017-08-16
242579,Internet Bug Bounty,4 severe remote + several minor OpenVPN vulnerabilities,hackerone.com/reports/242579,27,0.0,,2019-10-14
242622,Gratipay,Possible User Session Hijack using Invalid HTTPS certificate on inside.gratipay.com domain,hackerone.com/reports/242622,1,0.0,Violation of Secure Design Principles,2017-06-24
242727,Nextcloud,Android content provider exposes password-protected share password hashes,hackerone.com/reports/242727,7,75.0,Information Disclosure,2020-01-31
242765,Discourse,Any user with invite capabilities can take-over any account on Discourse,hackerone.com/reports/242765,75,1024.0,,2017-11-06
242846,Starbucks,Password Change not notified when changed from settings,hackerone.com/reports/242846,7,0.0,Unverified Password Change,2019-02-08
242874,Stellar.org,Bypassing Verify Humans Page,hackerone.com/reports/242874,8,0.0,Improper Authentication - Generic,2020-02-23
242882,U.S. Dept Of Defense,Blind SQL Injection on DoD Site,hackerone.com/reports/242882,4,0.0,SQL Injection,2019-12-02
242905,Rockstar Games,XSS in http://www.rockstargames.com/theballadofgaytony/js/jquery.base.js,hackerone.com/reports/242905,28,0.0,Cross-site Scripting (XSS) - Reflected,2017-07-17
242945,Weblate,No filteration of null characters in name field,hackerone.com/reports/242945,4,0.0,Violation of Secure Design Principles,2017-07-27
242964,HackerOne,Adding or removing a new non-preferred payout method does not trigger an e-mail or account notification,hackerone.com/reports/242964,46,0.0,Business Logic Errors,2017-11-01
243001,Inflection,Open Redirect,hackerone.com/reports/243001,18,0.0,Open Redirect,2017-10-20
243003,RubyGems,No limit of summary length allows Denail of Service,hackerone.com/reports/243003,5,0.0,Uncontrolled Resource Consumption,2017-08-31
243049,Airbnb,Call back number not verified,hackerone.com/reports/243049,4,0.0,Business Logic Errors,2017-07-20
243094,Paragon Initiative Enterprises,Paragonie Airship Admin CSRF on Extensions Pages,hackerone.com/reports/243094,11,0.0,Cross-Site Request Forgery (CSRF),2017-10-16
243138,Mixmax,Improper parsing of input could lead to future XSS vulnerabilities in Sequences,hackerone.com/reports/243138,0,0.0,Cross-site Scripting (XSS) - Stored,2017-06-27
243156,RubyGems,Installing a crafted gem package may create or overwrite files,hackerone.com/reports/243156,11,1000.0,Path Traversal,2017-08-31
243277,Mixmax,SSRF via webhook,hackerone.com/reports/243277,19,0.0,Server-Side Request Forgery (SSRF),2017-07-18
243474,Inflection,Identity Login Page Redirect Can Be Manipulated,hackerone.com/reports/243474,72,0.0,Open Redirect,2017-10-13
243594,Weblate,Reset password more than once with a reset link,hackerone.com/reports/243594,8,0.0,Business Logic Errors,2017-08-21
243609,Weblate,The username of an account can be ..,hackerone.com/reports/243609,5,0.0,Business Logic Errors,2017-07-27
243611,Weblate,Improper validation of unicode characters still not fixed #2,hackerone.com/reports/243611,5,0.0,,2017-08-21
243616,Weblate,Previous password could set as new password,hackerone.com/reports/243616,4,0.0,,2017-08-21
243619,Weblate,No Rate Limitation on Regenerate Api Key,hackerone.com/reports/243619,5,0.0,,2017-08-21
243635,Weblate,Improper validation of unicode characters #3,hackerone.com/reports/243635,6,0.0,,2017-08-21
243664,Weblate,Error Message When Changing Username,hackerone.com/reports/243664,4,0.0,Business Logic Errors,2017-08-17
243842,Weblate,Password token validation in Weblate Bypass,hackerone.com/reports/243842,5,0.0,Improper Authentication - Generic,2017-08-21
243865,Concrete CMS,SSRF thru File Replace,hackerone.com/reports/243865,19,0.0,Server-Side Request Forgery (SSRF),2018-01-06
243943,Shopify,IDOR [partners.shopify.com] - User with ONLY Manage apps permission is able to get shops info and staff names from inside the shop,hackerone.com/reports/243943,33,500.0,Insecure Direct Object Reference (IDOR),2017-07-19
244070,Gratipay,SSl Weak Ciphers,hackerone.com/reports/244070,0,0.0,Cryptographic Issues - Generic,2017-07-10
244092,Nextcloud,Password of failed (2FA) login attempt is stored in log,hackerone.com/reports/244092,9,0.0,Plaintext Storage of a Password,2020-03-01
244287,Weblate,Password token validation in Weblate Bypass #2,hackerone.com/reports/244287,7,0.0,,2017-08-21
244292,Grab,CSV Injection https://hub.grab.com,hackerone.com/reports/244292,20,0.0,Command Injection - Generic,2017-10-27
244432,WakaTime,Missing SPF Flags,hackerone.com/reports/244432,10,0.0,Violation of Secure Design Principles,2017-07-01
244434,WakaTime,Leaking password reset token via referrer from external Twitter share button,hackerone.com/reports/244434,10,0.0,Information Disclosure,2017-07-03
244459,Internet Bug Bounty,Apache HTTP Request Parsing Whitespace Defects,hackerone.com/reports/244459,11,0.0,HTTP Request Smuggling,2017-07-11
244474,WakaTime,Mailgun misconfiguration ,hackerone.com/reports/244474,9,0.0,Privilege Escalation,2017-07-01
244504,Starbucks,Possible SOP bypass in www.starbucks.com due to insecure crossdomain.xml,hackerone.com/reports/244504,29,0.0,Cross-Site Request Forgery (CSRF),2017-09-23
244555,WakaTime,Email Spoofing Via /api/v1/users/reset_password,hackerone.com/reports/244555,14,0.0,,2017-07-01
244567,WakaTime,[Privilege Escalation] Authenticated users can manipulate others fullname without their knowledge,hackerone.com/reports/244567,13,0.0,Privilege Escalation,2017-08-10
244612,WakaTime,"Password reset links should expire after being used, instead of at specific time",hackerone.com/reports/244612,12,0.0,Improper Authentication - Generic,2017-07-23
244614,WakaTime,Password token validation in https://wakatime.com/,hackerone.com/reports/244614,7,0.0,Improper Authentication - Generic,2017-07-24
244636,WakaTime,IDOR create accounts and verify them with original account email,hackerone.com/reports/244636,15,0.0,Insecure Direct Object Reference (IDOR),2017-07-03
244642,WakaTime,"Forgot password link doesn't expire after used, only after some hours",hackerone.com/reports/244642,7,0.0,Weak Password Recovery Mechanism for Forgotten Password,2017-07-03
244677,WakaTime,Add arbitrary content to Password Reset Email,hackerone.com/reports/244677,24,0.0,Code Injection,2017-07-20
244697,WakaTime,UI Redressing on Embedded Charts,hackerone.com/reports/244697,6,0.0,UI Redressing (Clickjacking),2017-07-05
244724,WakaTime,Unsafe Inline and Eval CSP Usage,hackerone.com/reports/244724,4,0.0,Violation of Secure Design Principles,2017-07-24
244766,WakaTime,"https://wakatime.com/ website CSP ""script-src"" includes ""unsafe-inline""",hackerone.com/reports/244766,6,0.0,Violation of Secure Design Principles,2017-07-24
244778,WakaTime,Logout CSRF,hackerone.com/reports/244778,0,0.0,Cross-Site Request Forgery (CSRF),2017-08-29
244781,WakaTime,Users with member privilege are able to see emails and membership information of other users,hackerone.com/reports/244781,9,0.0,Information Disclosure,2017-09-25
244813,WakaTime,No rate limit when creating new goals [https://wakatime.com/goals],hackerone.com/reports/244813,10,0.0,Violation of Secure Design Principles,2017-07-03
244836,Paragon Initiative Enterprises,[Critical] billion dollars issue,hackerone.com/reports/244836,31,0.0,Man-in-the-Middle,2017-06-30
244875,WakaTime,Session Not Expired On Logout,hackerone.com/reports/244875,7,0.0,Improper Authentication - Generic,2017-07-01
244902,Khan Academy,XSS through document projects,hackerone.com/reports/244902,9,0.0,Cross-site Scripting (XSS) - Stored,2018-03-30
244904,shopify-scripts,Use after free in mruby-mpdecimal,hackerone.com/reports/244904,1,800.0,Use After Free,2017-07-06
244909,WakaTime,Login page password - guessing attack,hackerone.com/reports/244909,6,0.0,Improper Restriction of Authentication Attempts,2017-07-01
244958,WakaTime,No redirect uri for Twitter Oath resulting in token leak,hackerone.com/reports/244958,9,0.0,Improper Authentication - Generic,2017-07-03
244967,WakaTime,Clickjacking on authorized page https://wakatime.com/share/embed,hackerone.com/reports/244967,8,0.0,UI Redressing (Clickjacking),2017-07-05
244971,WakaTime,No notificatoin sent on email after account deletion.,hackerone.com/reports/244971,7,0.0,Violation of Secure Design Principles,2017-07-03
245124,WakaTime,Session not expired on logout,hackerone.com/reports/245124,5,0.0,Improper Authentication - Generic,2017-07-03
245147,WakaTime,"No rate limiting for confirmation email, can spam anyone with confirmation emails",hackerone.com/reports/245147,8,0.0,Violation of Secure Design Principles,2017-07-03
245172,GSA Bounty,Double Stored Cross-Site scripting in the admin panel,hackerone.com/reports/245172,15,0.0,Cross-site Scripting (XSS) - Stored,2017-09-05
245221,Mapbox,null pointer dereference and segfault in tile-count-merge,hackerone.com/reports/245221,4,0.0,NULL Pointer Dereference,2017-07-11
245228,Automattic,Object Injection in Woocommerce / Handle PDT Responses from PayPal,hackerone.com/reports/245228,7,0.0,,2017-09-11
245233,WakaTime,HTML - injection ,hackerone.com/reports/245233,1,0.0,,2021-10-12
245236,WakaTime,Missing filteration of meta characters in all full name field on wakatime.com,hackerone.com/reports/245236,7,0.0,Violation of Secure Design Principles,2017-07-04
245304,Weblate,Running 2 accounts with a single email #3,hackerone.com/reports/245304,8,0.0,Business Logic Errors,2018-08-27
245305,WakaTime,Two email addresses can access the same account,hackerone.com/reports/245305,10,0.0,Violation of Secure Design Principles,2017-07-03
245311,WakaTime,Missing Account Deletion Notification,hackerone.com/reports/245311,5,0.0,,2017-07-03
245334,WakaTime,Lack of Password Confirmation When Changing Email,hackerone.com/reports/245334,9,0.0,Violation of Secure Design Principles,2017-07-03
245340,WakaTime,"Bypassing Access control, changing owner's name in a private leaderboard",hackerone.com/reports/245340,8,0.0,Improper Access Control - Generic,2017-07-31
245346,WakaTime,JSON CSRF on POST Heartbeats API,hackerone.com/reports/245346,33,0.0,Cross-Site Request Forgery (CSRF),2017-07-03
245408,Eternal,Login to any account with the emailaddress,hackerone.com/reports/245408,103,1000.0,Improper Authentication - Generic,2017-08-17
245450,Weblate,Reset password more than once with a reset link #2,hackerone.com/reports/245450,8,0.0,Business Logic Errors,2017-10-07
245485,U.S. Dept Of Defense,CRLF Injection on ███████,hackerone.com/reports/245485,4,0.0,CRLF Injection,2019-12-02
245514,WakaTime,Sensitive Cookie Without 'HttpOnly' Flag,hackerone.com/reports/245514,3,0.0,,2017-07-03
245518,Weblate,[debian.weblate.org]-Missing SPF Record,hackerone.com/reports/245518,4,0.0,Violation of Secure Design Principles,2017-08-24
245527,WakaTime,No rate limit on creating private leaderboards.,hackerone.com/reports/245527,6,0.0,,2017-07-18
245538,WakaTime,Blocking users to sign up on the site,hackerone.com/reports/245538,7,0.0,Violation of Secure Design Principles,2017-07-08
245762,Gratipay,self cross site scripting,hackerone.com/reports/245762,0,0.0,Cross-Site Request Forgery (CSRF),2017-07-10
245833,GSA Bounty,"The user, who was deleted from Github Organization, still can access all functions of federalist, in case he didn't do logout",hackerone.com/reports/245833,16,0.0,Improper Authentication - Generic,2017-09-05
245872,GSA Bounty,[IDOR] The authenticated user can restart website build or view build logs on any another Federalist account,hackerone.com/reports/245872,23,0.0,Insecure Direct Object Reference (IDOR),2017-09-05
245956,Internet Bug Bounty,Use-after-free in PHP7's unserialize(),hackerone.com/reports/245956,6,0.0,Use After Free,2019-10-13
245969,Eternal,Use any User to Follow you (Increase Followers) [IDOR],hackerone.com/reports/245969,25,50.0,Insecure Direct Object Reference (IDOR),2017-11-28
246042,WakaTime,Password Policy Issue,hackerone.com/reports/246042,14,0.0,Improper Authentication - Generic,2017-07-06
246055,Mixmax,Public calendar link can be invisible,hackerone.com/reports/246055,9,0.0,Information Disclosure,2017-08-07
246085,VK.com,Просмотр аватара и название частной группы,hackerone.com/reports/246085,10,100.0,,2018-02-24
246302,WakaTime,Running 2 accounts with a single email,hackerone.com/reports/246302,3,0.0,Business Logic Errors,2017-07-06
246412,Eternal,"SQL Injection, exploitable in boolean mode",hackerone.com/reports/246412,20,0.0,SQL Injection,2017-07-19
246419,WakaTime,[Privilege Escalation] Authenticated users can manipulate others fullname without their knowledge [Team Vector],hackerone.com/reports/246419,12,0.0,Privilege Escalation,2017-08-10
246505,Rockstar Games,Reflected XSS via Double Encoding,hackerone.com/reports/246505,22,500.0,Cross-site Scripting (XSS) - Reflected,2017-09-01
246780,WakaTime,Using an outdated version of OpenSSH on db01.wakatime.com,hackerone.com/reports/246780,11,0.0,Information Disclosure,2017-10-29
246794,Shopify,"XSS on ""widgets.shopifyapps.com"" via ""stripping"" attribute and ""shop"" parameter",hackerone.com/reports/246794,32,1000.0,Cross-site Scripting (XSS) - DOM,2018-04-03
246801,Coinbase,Captcha Bypass in Coinbase SignUp Form,hackerone.com/reports/246801,23,100.0,Violation of Secure Design Principles,2017-09-05
246803,Snapchat,[spectacles.com] Bypassing quantity limit in orders,hackerone.com/reports/246803,22,250.0,HTTP Request Smuggling,2017-08-12
246838,WakaTime,by pass rate limit exceed ,hackerone.com/reports/246838,12,0.0,Improper Access Control - Generic,2017-07-10
246897,X / xAI,Open Redirect,hackerone.com/reports/246897,41,0.0,Open Redirect,2017-08-19
246995,Eternal,[█████████] Hardcoded credentials in Android App,hackerone.com/reports/246995,28,500.0,Use of Hard-coded Credentials,2017-07-19
247027,Internet Bug Bounty,CVE-2017-10965: Null pointer dereference in Irssi <1.0.4 ,hackerone.com/reports/247027,3,0.0,NULL Pointer Dereference,2019-10-04
247028,Internet Bug Bounty,CVE-2017-10966: Heap-use-after-free in Irssi <1.0.4,hackerone.com/reports/247028,5,0.0,Use After Free,2019-10-14
247072,VK.com,Узнать название частной группы и ее аватарку по видеоролику.,hackerone.com/reports/247072,10,100.0,,2017-07-25
247084,Moneybird,Moneybird customers invoices leak in cacheable urls,hackerone.com/reports/247084,6,0.0,,2017-08-16
247158,Eternal,Bypass OTP verification when placing Order,hackerone.com/reports/247158,13,0.0,Improper Access Control - Generic,2017-08-09
247225,WakaTime,Session Duplication due to Broken Access Control,hackerone.com/reports/247225,5,0.0,Improper Access Control - Generic,2017-07-10
247246,Grab,Dom based xss affecting all pages from https://www.grab.com/.,hackerone.com/reports/247246,16,0.0,Cross-site Scripting (XSS) - DOM,2017-08-17
247517,Concrete CMS,Stored XSS in Private Messages 'Reply' allows to execute malicious JavaScript against any user while replying to the message which contains payload,hackerone.com/reports/247517,8,0.0,Cross-site Scripting (XSS) - Stored,2017-08-17
247521,Concrete CMS,Stored XSS in Name field in User Groups/Group Details form,hackerone.com/reports/247521,7,0.0,Cross-site Scripting (XSS) - Stored,2017-08-17
247628,HackerOne,Reading redacted data via hackbot's answers,hackerone.com/reports/247628,93,1500.0,Information Disclosure,2017-07-27
247640,Ruby,"Ruby 2.4.1 has ""Stack consistency error"" and aborts when processing return statement within a case statement",hackerone.com/reports/247640,4,0.0,Memory Corruption - Generic,2017-09-24
247680,Imgur,SSRF in imgur video GIF conversion,hackerone.com/reports/247680,28,0.0,Server-Side Request Forgery (SSRF),2020-08-13
247700,Gratipay,"Application-level DoS on image's ""size"" parameter.",hackerone.com/reports/247700,15,0.0,Uncontrolled Resource Consumption,2017-11-02
248037,Gratipay,SQL TEST,hackerone.com/reports/248037,14,0.0,SQL Injection,2017-07-11
248116,U.S. Dept Of Defense,Remote Code Execution (RCE) in a DoD website,hackerone.com/reports/248116,84,0.0,Code Injection,2019-10-04
248133,Concrete CMS,Stored XSS vulnerability in RSS Feeds Description field,hackerone.com/reports/248133,9,0.0,Cross-site Scripting (XSS) - Stored,2017-08-18
248560,Grab,[parcel.grab.com] DOM XSS at /assets/bower_components/lodash/perf/,hackerone.com/reports/248560,21,0.0,Cross-site Scripting (XSS) - DOM,2017-08-16
248588,WakaTime,[wakatime.com] HTML Injection github-btn.html,hackerone.com/reports/248588,9,0.0,Cross-site Scripting (XSS) - DOM,2018-10-19
248599,Coinbase,Information disclosure same issue #176002,hackerone.com/reports/248599,7,100.0,,2017-07-21
248601,Internet Bug Bounty,PHP INI Parsing Stack Buffer Overflow Vulnerability,hackerone.com/reports/248601,2,500.0,Classic Buffer Overflow,2019-10-14
248609,Internet Bug Bounty,PHP OpenSSL zif_openssl_seal() heap overflow (wild memcpy),hackerone.com/reports/248609,2,500.0,Heap Overflow,2019-10-14
248656,Nextcloud,bypass of 2FA,hackerone.com/reports/248656,20,750.0,Improper Authentication - Generic,2018-07-29
248659,Internet Bug Bounty,PHP WDDX Deserialization Heap OOB Read in timelib_meridian(),hackerone.com/reports/248659,2,500.0,Buffer Over-read,2019-10-14
248668,X / xAI,XXE on sms-be-vip.twitter.com in SXMP Processor,hackerone.com/reports/248668,258,0.0,XML External Entities (XXE),2017-07-26
248693,Grab,Git repository found,hackerone.com/reports/248693,43,0.0,Information Disclosure,2017-08-13
249131,Upserve ,Ability to create own account UUID leads to stored XSS,hackerone.com/reports/249131,207,1500.0,Cross-site Scripting (XSS) - Stored,2019-06-10
249234,Eternal,Posting to Twitter CSRF on php/post_twitter_authenticate.php,hackerone.com/reports/249234,15,50.0,Cross-Site Request Forgery (CSRF),2017-08-19
249319,GSA Bounty,Race condition on the Federalist API endpoints can lead to the Denial of Service attack,hackerone.com/reports/249319,17,0.0,Violation of Secure Design Principles,2017-09-05
249337,Legal Robot,Non-functional 2FA recovery codes,hackerone.com/reports/249337,9,0.0,Improper Access Control - Generic,2017-07-19
249339,Legal Robot,Missing link to TOTP manual enroll option,hackerone.com/reports/249339,12,0.0,Business Logic Errors,2017-07-31
249346,Legal Robot,Missing link to 2FA recovery code,hackerone.com/reports/249346,12,0.0,Business Logic Errors,2017-07-15
249398,Legal Robot,Password complexity not evenly enforced,hackerone.com/reports/249398,12,0.0,Violation of Secure Design Principles,2017-08-26
249431,Legal Robot,2FA user enumeration via password reset,hackerone.com/reports/249431,9,0.0,Business Logic Errors,2017-08-15
249467,Legal Robot,2FA user enumeration via login,hackerone.com/reports/249467,9,0.0,Business Logic Errors,2017-08-08
249695,Legal Robot,2FA Error Handling on Google Authenticator,hackerone.com/reports/249695,13,0.0,,2017-07-31
249759,WordPress,Lack of Sanitization and Insufficient Authentication,hackerone.com/reports/249759,11,0.0,Cross-site Scripting (XSS) - Stored,2017-12-26
249786,VK.com,Отсутствие flood контроля в ИСТОРИЯХ вк,hackerone.com/reports/249786,13,100.0,Heap Overflow,2018-03-04
249798,Legal Robot,Intercom chat session information persists after logout,hackerone.com/reports/249798,20,0.0,Session Fixation,2017-07-18
250082,Legal Robot,Enhancement: email confirmation for 2FA recovery,hackerone.com/reports/250082,10,0.0,Business Logic Errors,2017-07-31
250088,Legal Robot,Account profile shows encryption recovery box for all users,hackerone.com/reports/250088,4,0.0,Business Logic Errors,2017-07-21
250243,Legal Robot,Users with 2FA can have multiple sessions,hackerone.com/reports/250243,8,0.0,Improper Authentication - Generic,2017-07-19
250253,Legal Robot,Password complexity ignores empty spaces,hackerone.com/reports/250253,4,0.0,Weak Cryptography for Passwords,2017-08-26
250273,ExpressionEngine,Image lib - unescaped file path,hackerone.com/reports/250273,3,0.0,Code Injection,2017-09-07
250386,VK.com,CSRF Проверить является ли пользователь админом группы.,hackerone.com/reports/250386,17,100.0,Cross-Site Request Forgery (CSRF),2017-09-14
250457,Legal Robot,User enumeration,hackerone.com/reports/250457,9,0.0,,2017-07-18
250581,Internet Bug Bounty,CVE-2017-11367: Global buffer overflow (READ of size 4) in shoco C library ,hackerone.com/reports/250581,4,0.0,Buffer Over-read,2019-10-04
250587,ExpressionEngine,Potential code injection in fun delete_directory,hackerone.com/reports/250587,2,0.0,Code Injection,2017-09-07
250688,GSA Bounty,The Federalsit session cookie (federalist.sid) is not properly invalidated - backdoor access to the account is possible,hackerone.com/reports/250688,16,0.0,Insufficient Session Expiration,2017-09-05
250729,HackerOne,Content Security Policy not applied to error pages at multiple HackerOne endpoints,hackerone.com/reports/250729,45,0.0,Violation of Secure Design Principles,2017-12-12
250741,Legal Robot,[New Feature] Password history check,hackerone.com/reports/250741,8,0.0,,2017-07-30
250766,Legal Robot,Subdomain misconfiguration [mail.legalrobot.com],hackerone.com/reports/250766,0,0.0,Violation of Secure Design Principles,2017-07-31
250837,WordPress,Stored xss via template injection,hackerone.com/reports/250837,12,0.0,Cross-site Scripting (XSS) - Stored,2017-12-11
251043,Moneybird,Stored XSS at Moneybird,hackerone.com/reports/251043,13,0.0,Cross-site Scripting (XSS) - Stored,2017-08-17
251200,Legal Robot,Missing Issuer parameter on TOTP 2FA,hackerone.com/reports/251200,9,0.0,,2017-08-20
251224,Grab,Blind stored xss [parcel.grab.com] > name parameter ,hackerone.com/reports/251224,50,750.0,Cross-site Scripting (XSS) - Stored,2017-09-14
251358,Concrete CMS,Stored XSS vulnerability in additional URLs in 'Location' dialog [Sitemap],hackerone.com/reports/251358,7,0.0,Cross-site Scripting (XSS) - Stored,2017-11-02
251468,Legal Robot,Pages don't render in old browsers like IE11,hackerone.com/reports/251468,9,0.0,,2017-07-30
251469,Legal Robot,Meta characters are not filtered into full name on profile page,hackerone.com/reports/251469,9,0.0,,2017-07-30
251526,Legal Robot,No notification on change password feature,hackerone.com/reports/251526,8,0.0,,2017-07-30
251572,Eternal,Length extension attack leading to HTML injection,hackerone.com/reports/251572,22,100.0,Cryptographic Issues - Generic,2017-09-01
251747,Frans Visits Vegas,Frans Visits Vegas Announcement,hackerone.com/reports/251747,154,0.0,,2017-07-20
251918,Unikrn,Flash CSRF: Update Ad Frequency %: [cp-ng.pinion.gg],hackerone.com/reports/251918,33,0.0,Cross-Site Request Forgery (CSRF),2017-09-06
252043,Eternal,Restaurant payment information leakage,hackerone.com/reports/252043,15,0.0,,2017-08-24
252324,VK.com,CSRF Добавить просмотр к записи без ведома пользователя.,hackerone.com/reports/252324,11,100.0,,2017-10-25
252544,Legal Robot,Token leakage by referrer header & analytics,hackerone.com/reports/252544,3,0.0,Information Disclosure,2017-07-30
252580,Tor,Scrollbar Width permits detecting browser platform,hackerone.com/reports/252580,29,0.0,Information Disclosure,2017-10-20
252626,Tor,[Android org.torproject.android] Possible to force list of bridges,hackerone.com/reports/252626,13,0.0,Forced Browsing,2017-08-21
252699,Phabricator,Hyper Link Injection In email and Space Characters Allowed at Password Field.,hackerone.com/reports/252699,1,0.0,,2017-07-23
252908,Starbucks,Reflected XSS on https://www.starbucks.co.uk/shop/paymentmethod/ (bypass for 227486),hackerone.com/reports/252908,14,0.0,Cross-site Scripting (XSS) - Reflected,2020-06-16
253076,Tor,XSS on about:tbupdate,hackerone.com/reports/253076,43,100.0,Cross-site Scripting (XSS) - Reflected,2023-11-28
253128,Rockstar Games,CSRF Vulnerability allows attackers to steal SocialClub private token.,hackerone.com/reports/253128,28,0.0,Cross-Site Request Forgery (CSRF),2017-08-03
253202,Informatica,Unrestricted file upload - cloudacademy.informatica.com,hackerone.com/reports/253202,6,0.0,,2017-12-01
253313,Automattic,XSS Vulnerability in WooCommerce Product Vendors plugin,hackerone.com/reports/253313,4,0.0,Cross-site Scripting (XSS) - Reflected,2017-08-22
253429,Tor,Linux TBB SFTP URI allows local IP disclosure,hackerone.com/reports/253429,71,3000.0,Information Disclosure,2017-10-25
253448,Legal Robot,[Cross-domain Referer leakage] Password reset token leakage via referer,hackerone.com/reports/253448,10,0.0,Information Disclosure,2017-07-30
253926,Weblate,"DKIM records not present, Email Hijacking is possible.....",hackerone.com/reports/253926,12,0.0,Improper Authentication - Generic,2017-09-16
253975,Rockstar Games,insecure redirect in https://www.rockstargames.com,hackerone.com/reports/253975,7,0.0,Violation of Secure Design Principles,2020-06-12
254151,Uber,IDOR in activateFuelCard id allows bulk lookup of driver uuids,hackerone.com/reports/254151,28,0.0,Insecure Direct Object Reference (IDOR),2019-01-25
254200,Unikrn,"Escaping images directory in S3 bucket when saving new avatar, using Path Traversal in filename",hackerone.com/reports/254200,26,0.0,Path Traversal,2017-08-23
254211,Eternal,[www.zomato.com/dubai/gold] CRITICAL - Allowing arbitrary amount to become a GOLD Member,hackerone.com/reports/254211,34,0.0,Improper Access Control - Generic,2017-10-27
254269,Unikrn,Persistent XSS found on bin.pinion.gg due to outdated FlowPlayer SWF file with Remote File Inclusion vulnerability.,hackerone.com/reports/254269,17,0.0,Cross-site Scripting (XSS) - Generic,2017-10-05
254343,Rockstar Games,dom based xss in https://www.rockstargames.com/GTAOnline/,hackerone.com/reports/254343,9,0.0,Cross-site Scripting (XSS) - Reflected,2017-08-21
254588,Shopify,"Removed staff members who had ""Manage shops"" permission can still create development stores",hackerone.com/reports/254588,38,0.0,Improper Authorization,2019-11-08
254869,Coinbase,Device confirmation Flaw,hackerone.com/reports/254869,0,0.0,,2017-08-02
254895,Legal Robot,SSL BREACH attack (CVE-2013-3587),hackerone.com/reports/254895,0,0.0,Cryptographic Issues - Generic,2017-07-30
254927,Legal Robot,"Lack of input validation in e-mail & user name, job title, company name field",hackerone.com/reports/254927,1,0.0,Violation of Secure Design Principles,2017-07-31
255020,Legal Robot,Password Reset page Session Fixation,hackerone.com/reports/255020,7,0.0,Session Fixation,2017-08-16
255021,Legal Robot,Profile shows incorrect account creation date,hackerone.com/reports/255021,7,0.0,,2017-07-31
255025,Legal Robot,Create Api Key is not working,hackerone.com/reports/255025,1,0.0,,2017-08-26
255026,Legal Robot,[UX] Notify user on likely email address typo,hackerone.com/reports/255026,5,0.0,,2017-10-10
255034,WakaTime,Failure to check password history,hackerone.com/reports/255034,3,0.0,Weak Password Recovery Mechanism for Forgotten Password,2017-07-30
255041,Legal Robot,LUCKY13 (CVE-2013-0169) effects legalrobot.com,hackerone.com/reports/255041,1,0.0,,2017-07-30
255098,Legal Robot,Unable to change profile picture,hackerone.com/reports/255098,3,0.0,,2017-10-10
255100,Legal Robot,No error or notification on Reset password page,hackerone.com/reports/255100,5,0.0,,2017-09-26
255125,Legal Robot,Null Byte Injection in all fields of Profile,hackerone.com/reports/255125,2,0.0,Improper Null Termination,2018-02-24
255132,Phabricator,Credential gets exposed,hackerone.com/reports/255132,1,0.0,Information Disclosure,2017-08-02
255474,Legal Robot,Profile fields validation bypass,hackerone.com/reports/255474,7,0.0,Improper Authentication - Generic,2017-09-01
255481,Legal Robot,app.legalrobot.com opens FireFox but not in FireFox ESR,hackerone.com/reports/255481,4,0.0,,2017-09-26
255587,Internet Bug Bounty, CVE-2017-1000101: cURL: URL globbing out of bounds read,hackerone.com/reports/255587,5,0.0,Buffer Over-read,2018-05-16
255627,WakaTime,SSH backdated version open port,hackerone.com/reports/255627,4,0.0,Improper Restriction of Authentication Attempts,2017-11-23
255651,Eternal,Unauthorized update of merchants' information via /php/merchant_details.php,hackerone.com/reports/255651,13,0.0,Improper Access Control - Generic,2017-09-19
255679,Legal Robot,Change password logic inversion,hackerone.com/reports/255679,9,0.0,,2017-08-20
255708,Khan Academy,Password Functionality not working correctly,hackerone.com/reports/255708,1,0.0,,2017-08-03
255822,Nextcloud,WebDAV Empty Property search leads to full CPU usage,hackerone.com/reports/255822,1,0.0,Uncontrolled Resource Consumption,2020-03-01
255978,Unikrn,Non-Cloudflare IPs allowed to access origin servers,hackerone.com/reports/255978,14,50.0,Information Disclosure,2018-02-07
255991,Brave Software,URL Spoof / Brave Shield Bypass,hackerone.com/reports/255991,21,0.0,Use of Inherently Dangerous Function,2017-08-31
256152,Uber,Possibility to inject a malicious JavaScript code in any file on tags.tiqcdn.com results in a stored XSS on any page in most Uber domains,hackerone.com/reports/256152,51,6000.0,Cross-site Scripting (XSS) - Stored,2018-11-13
256647,Tor,Simple CSS line-height identifies platform,hackerone.com/reports/256647,10,0.0,Information Disclosure,2017-10-20
256649,Legal Robot,Mixed Content over HTTPS,hackerone.com/reports/256649,2,0.0,,2017-08-15
256663,Udemy,Weak Password,hackerone.com/reports/256663,1,0.0,Violation of Secure Design Principles,2017-08-28
256665,Udemy,Violation of secure design principle,hackerone.com/reports/256665,1,0.0,Violation of Secure Design Principles,2017-08-17
257035,Legal Robot,User enumeration from failed login error message,hackerone.com/reports/257035,8,0.0,,2017-09-06
257106,ownCloud,This is not the security issue.,hackerone.com/reports/257106,1,0.0,,2017-08-09
257119,WakaTime,Impersonation of Wakatime user using Invitation functionality.,hackerone.com/reports/257119,8,0.0,Violation of Secure Design Principles,2017-08-06
257194,Khan Academy,Weak Bithdate Validation Implemented on Sign Up,hackerone.com/reports/257194,3,0.0,Violation of Secure Design Principles,2017-08-14
257207,Legal Robot,Code injection,hackerone.com/reports/257207,13,0.0,Resource Injection,2017-08-12
257237,Udemy,CSRF Token,hackerone.com/reports/257237,1,0.0,Cross-Site Request Forgery (CSRF),2017-08-17
257276,Ruby,Open aws s3 bucket s3://rubyci,hackerone.com/reports/257276,1,0.0,Information Disclosure,2017-08-06
257331,Gratipay,Sub domain take over in gratipay.com,hackerone.com/reports/257331,1,0.0,Violation of Secure Design Principles,2017-08-08
257335,Unikrn,ssh: unprivileged users may hijack due to backdated ssh version open port found(███.unikrn.com),hackerone.com/reports/257335,56,25.0,Remote File Inclusion,2019-03-04
257376,Weblate,Missing Restriction On String Size,hackerone.com/reports/257376,8,0.0,Memory Corruption - Generic,2017-09-16
257384,Weblate,No rate limit or captcha to identify humans,hackerone.com/reports/257384,1,0.0,Violation of Secure Design Principles,2017-09-15
257942,Tor,languagechange event fires simultaneously on all tabs,hackerone.com/reports/257942,10,100.0,Privacy Violation,2017-10-19
258084,Nextcloud,Access to all files of remote user through shared file,hackerone.com/reports/258084,154,0.0,Information Disclosure,2020-03-01
258117,Snapchat,RCE/LFI on test Jenkins instance due to improper authentication flow,hackerone.com/reports/258117,117,0.0,Improper Access Control - Generic,2017-08-19
258198,Slack,The Custom Emoji Page has a Reflected XSS,hackerone.com/reports/258198,56,0.0,Cross-site Scripting (XSS) - Reflected,2017-09-24
258283,WordPress,Clickjacking - https://mercantile.wordpress.org/,hackerone.com/reports/258283,8,0.0,UI Redressing (Clickjacking),2017-08-28
258410,U.S. Dept Of Defense,Gateway information leakage,hackerone.com/reports/258410,43,0.0,Privacy Violation,2019-07-30
258460,Quora,[Quora Android] Possible to steal arbitrary files from mobile device,hackerone.com/reports/258460,23,0.0,Information Disclosure,2017-08-30
258573,U.S. Dept Of Defense,Able to view Backend Database dur to improper authentication,hackerone.com/reports/258573,5,0.0,Improper Access Control - Generic,2019-12-02
258578,Brave Software,application/x-brave-tab should not be readable.,hackerone.com/reports/258578,10,0.0,Privacy Violation,2017-11-07
258582,Eternal,[www.zomato.com] Union SQLi + Waf Bypass,hackerone.com/reports/258582,61,1000.0,SQL Injection,2017-09-19
258585,Brave Software,OS username disclosure,hackerone.com/reports/258585,6,0.0,Privacy Violation,2017-11-07
258630,Tor,Access to local file system using javascript,hackerone.com/reports/258630,15,0.0,Violation of Secure Design Principles,2017-11-18
258632,ownCloud,owncloud.com open redirect,hackerone.com/reports/258632,2,0.0,Open Redirect,2017-08-14
258710,Brave Software,Download attribute allows downloading local files,hackerone.com/reports/258710,11,0.0,,2018-03-29
258876,Quora,"XSS when clicking ""Share to Twitter"" at quora.com/widgets/embed_iframe?path=...",hackerone.com/reports/258876,21,0.0,Cross-site Scripting (XSS) - Generic,2018-01-11
258879,Udemy,No password length restriction,hackerone.com/reports/258879,4,0.0,Weak Cryptography for Passwords,2017-08-28
259100,Quora,XSS through `__e2e_action_id` delivered by JSONP,hackerone.com/reports/259100,53,0.0,Cross-site Scripting (XSS) - Reflected,2018-03-08
259390,Internet Bug Bounty,Use-after-free in XML::LibXML::Node::replaceChild,hackerone.com/reports/259390,15,0.0,Use After Free,2017-09-16
259400,Legal Robot,Issues with Forgot password Error Handling ,hackerone.com/reports/259400,5,0.0,Business Logic Errors,2017-09-26
259415,Legal Robot,Lengthy manual entry of 2FA secret,hackerone.com/reports/259415,5,0.0,Business Logic Errors,2017-08-15
259416,Legal Robot,Incorrect email content when disabling 2FA,hackerone.com/reports/259416,5,0.0,Business Logic Errors,2017-08-15
259555,Internet Bug Bounty,heap-buffer-overflow (WRITE of size 8) in Perl_pp_reverse(),hackerone.com/reports/259555,7,0.0,Heap Overflow,2018-05-07
259742,Legal Robot,Incorrect error message,hackerone.com/reports/259742,2,0.0,,2017-08-15
259913,U.S. Dept Of Defense,File Upload Restriction Bypass,hackerone.com/reports/259913,10,0.0,Client-Side Enforcement of Server-Side Security,2020-05-14
260005,Internet Bug Bounty,RCE via ssh:// URIs in multiple VCS ,hackerone.com/reports/260005,39,0.0,OS Command Injection,2017-09-21
260221,Nextcloud,Information Exposure Through Directory Listing,hackerone.com/reports/260221,4,0.0,Information Exposure Through Directory Listing,2018-05-17
260239,Legal Robot,Tampering the mail id on chatbox,hackerone.com/reports/260239,1,0.0,,2017-08-16
260278,Legal Robot,TabNabbing issue (due to taget=_blank),hackerone.com/reports/260278,13,0.0,,2017-08-16
260299,Legal Robot,observer.com URL should HTTPS,hackerone.com/reports/260299,6,0.0,,2017-09-14
260316,Legal Robot,Profile fields validation mismatch,hackerone.com/reports/260316,1,0.0,,2017-09-15
260390,Legal Robot,2FA manual entry uses wrong encoding,hackerone.com/reports/260390,15,0.0,,2017-09-24
260414,Internet Bug Bounty,CVE-2017-12858: Heap UAF in _zip_buffer_free() / Double free in _zip_dirent_read(),hackerone.com/reports/260414,3,0.0,Use After Free,2019-10-08
260420,Ubiquiti Inc.,[dev-nightly.ubnt.com] Local File Reading,hackerone.com/reports/260420,31,0.0,Path Traversal,2017-09-14
260468,Legal Robot,first name and last name restrictions bypass,hackerone.com/reports/260468,9,0.0,Incorrect Calculation of Buffer Size,2017-09-05
260491,Legal Robot,2FA manual entry uses wrong encoding,hackerone.com/reports/260491,5,0.0,Business Logic Errors,2017-09-14
260492,Legal Robot,Invalid Email Verification,hackerone.com/reports/260492,1,0.0,,2017-08-28
260591,Legal Robot,Futureoflife organization URL should be HTTPS,hackerone.com/reports/260591,7,0.0,,2017-09-15
260604,Legal Robot,Update any profile,hackerone.com/reports/260604,14,0.0,Insecure Direct Object Reference (IDOR),2017-08-16
260632,Legal Robot,Improper validation of parameters while creating issues,hackerone.com/reports/260632,10,0.0,Improper Access Control - Generic,2017-08-16
260645,Legal Robot,Information Discloser,hackerone.com/reports/260645,1,0.0,Information Exposure Through an Error Message,2017-10-11
260648,Legal Robot,"CSP script-src includes ""unsafe-inline""",hackerone.com/reports/260648,5,0.0,,2017-08-28
260662,Legal Robot,No length limit in invite_code can cause server degradation,hackerone.com/reports/260662,4,0.0,,2017-08-31
260689,Legal Robot,Weak Cryptography for Passwords,hackerone.com/reports/260689,1,0.0,Weak Cryptography for Passwords,2017-08-21
260697,Discourse,"CSRF-tokens on pages without no-cache headers, resulting in ATO when using CloudFlare proxy (Web Cache Deception)",hackerone.com/reports/260697,58,0.0,Cross-Site Request Forgery (CSRF),2018-08-08
260744,X / xAI,[dev.twitter.com] XSS and Open Redirect,hackerone.com/reports/260744,74,1120.0,,2017-09-29
260751,Legal Robot,Change password session fixed,hackerone.com/reports/260751,12,0.0,Violation of Secure Design Principles,2017-08-24
260755,Automattic,https://secure.gravatar.com,hackerone.com/reports/260755,16,0.0,,2017-09-17
260838,Legal Robot,Special characters are not filtered out on profile fields ,hackerone.com/reports/260838,0,0.0,,2017-08-26
260928,Gratipay,Missing Certificate Authority Authorization rule,hackerone.com/reports/260928,2,0.0,,2017-09-09
260938,Legal Robot,Homograph IDNs displayed in Description,hackerone.com/reports/260938,17,0.0,,2017-09-16
260941,Legal Robot,UX: JS error on Password Safety link,hackerone.com/reports/260941,5,0.0,Business Logic Errors,2017-09-17
261138,Nextcloud,Stored XSS in OAuth redirect URI ,hackerone.com/reports/261138,14,0.0,Cross-site Scripting (XSS) - Stored,2019-05-11
261221,Mavenlink,Participation of expired account holders in Projects can occure financial loss to Mavenlink ,hackerone.com/reports/261221,28,0.0,Insecure Direct Object Reference (IDOR),2018-09-09
261285,Legal Robot,Privilege Escalation to Admin-level Account,hackerone.com/reports/261285,25,0.0,Privilege Escalation,2017-09-26
261297,Nextcloud,Disabled user can reset their password  ,hackerone.com/reports/261297,7,0.0,Violation of Secure Design Principles,2020-03-01
261335,Internet Bug Bounty,Heap Use After Free Read in unserialize(),hackerone.com/reports/261335,11,0.0,Use After Free,2018-11-27
261336,Internet Bug Bounty,Out of Bounds Memory Read in unserialize(),hackerone.com/reports/261336,7,0.0,Buffer Over-read,2018-11-27
261338,Internet Bug Bounty,Heap Use After Free in unserialize(),hackerone.com/reports/261338,7,0.0,Use After Free,2018-11-27
261571,Rockstar Games,dom based xss in http://www.rockstargames.com/GTAOnline/ (Fix bypass),hackerone.com/reports/261571,12,0.0,Cross-site Scripting (XSS) - DOM,2017-08-24
261592,Whisper,Open Redirection Found in users.whisper.sh,hackerone.com/reports/261592,8,0.0,Open Redirect,2017-09-21
261706,Gratipay,Missing Certificate Authority Authorization rule,hackerone.com/reports/261706,5,0.0,Cryptographic Issues - Generic,2017-09-09
261734,Bumble,Индексация почты/логинов пользователей,hackerone.com/reports/261734,12,140.0,,2018-06-24
261764,VK.com,Просмотр Участников ЧАСТНОЙ встречи ,hackerone.com/reports/261764,16,100.0,Information Disclosure,2017-12-31
261817,Legal Robot,Information disclosure,hackerone.com/reports/261817,3,0.0,Information Disclosure,2017-08-27
261966,VK.com,XSS в колбек апи в сообществах ,hackerone.com/reports/261966,29,500.0,Cross-site Scripting (XSS) - DOM,2018-02-24
262004,Unikrn,HTML injection in email in unikrn.com,hackerone.com/reports/262004,18,0.0,Command Injection - Generic,2017-08-23
262005,Gratipay,xss ,hackerone.com/reports/262005,2,0.0,Cross-Site Request Forgery (CSRF),2017-08-21
262010,VK.com,XSS в названии сервера,hackerone.com/reports/262010,10,0.0,Cross-site Scripting (XSS) - DOM,2017-09-20
262088,Gratipay,Show hide privacy giving receiving on my website ,hackerone.com/reports/262088,3,0.0,Privacy Violation,2017-09-09
262109,Legal Robot,UX: JS error on Password Safety link,hackerone.com/reports/262109,4,0.0,,2017-08-26
262140,Legal Robot,Password Restriction On Change,hackerone.com/reports/262140,1,0.0,Improper Authentication - Generic,2017-08-26
262230,Shopify,Tinymce 2.4.0,hackerone.com/reports/262230,37,2000.0,Cross-site Scripting (XSS) - DOM,2017-09-26
262262,Mixmax,app.mixmax.com Information Discloure on cal.mixmax.com and Not Signing out after Removing information grant access from Google,hackerone.com/reports/262262,12,0.0,,2017-09-24
262620,Gratipay,Gratipay rails secret token (secret_key_base) publicly exposed in GitHub,hackerone.com/reports/262620,10,0.0,Cleartext Storage of Sensitive Information,2017-08-23
262649,GSA Bounty,Information disclosure (system username) in the x-amz-meta-s3cmd-attrs response header on federation.data.gov,hackerone.com/reports/262649,23,0.0,Information Disclosure,2017-09-16
262661,HackerOne,IDOR on HackerOne Feedback Review,hackerone.com/reports/262661,78,0.0,Insecure Direct Object Reference (IDOR),2017-09-02
262665,Internet Bug Bounty,"CVE-2017-5969: libxml2 when used in recover mode, allows remote attackers to cause a denial of service (NULL pointer dereference)",hackerone.com/reports/262665,3,0.0,NULL Pointer Dereference,2019-10-04
262830,Unikrn,"Rate-limit protection get executed in the last stage of the registration process, allowing enumeration of existing account.",hackerone.com/reports/262830,7,0.0,Violation of Secure Design Principles,2018-05-03
262852,Gratipay,Reflected XSS - gratipay.com,hackerone.com/reports/262852,36,0.0,Cross-site Scripting (XSS) - Reflected,2017-08-24
263010,Unikrn,Improper validation at Phone verification (possible cost increase + SMS SPAM attack),hackerone.com/reports/263010,10,0.0,Violation of Secure Design Principles,2017-09-24
263109,WordPress,Buddypress 2.9.1 - Exceeding the maximum upload size  - XSS leading to potential RCE. ,hackerone.com/reports/263109,14,0.0,,2017-11-02
263191,Rockstar Games,Stored XSS with CRLF injection via post message to user feed,hackerone.com/reports/263191,19,0.0,Cross-site Scripting (XSS) - Stored,2017-09-18
263196,Legal Robot,Name can't be numbers or email,hackerone.com/reports/263196,1,0.0,Improper Authentication - Generic,2017-08-25
263226,GSA Bounty,HTML injection (with XSS possible) on the https://www.data.gov/issue/ using media_url attribute,hackerone.com/reports/263226,41,0.0,Cross-site Scripting (XSS) - Reflected,2017-09-15
263498,GSA Bounty,CSRF to change Account Security Keys on secure.login.gov,hackerone.com/reports/263498,8,0.0,Cross-Site Request Forgery (CSRF),2017-11-01
263508,GSA Bounty,Server Side Misconfiguration (EMAIL SPOOFING) ,hackerone.com/reports/263508,6,0.0,Improper Authentication - Generic,2017-09-14
263512,GSA Bounty,CSRF in generating a new Personal Key,hackerone.com/reports/263512,4,0.0,Cross-Site Request Forgery (CSRF),2017-11-17
263535,Eternal,[www.zomato.com] Unauthenticated access to Internal Sales Data of Zomato through an unrestricted endpoint,hackerone.com/reports/263535,21,0.0,Improper Authentication - Generic,2017-10-27
263542,GSA Bounty,Subdomain take-over of {REDACTED}.18f.gov,hackerone.com/reports/263542,20,0.0,Privilege Escalation,2017-09-06
263553,GSA Bounty,federalist.18f.gov vulnerable to Sweet32 attack,hackerone.com/reports/263553,3,0.0,Man-in-the-Middle,2017-09-05
263589,Legal Robot,Email Length Verification ,hackerone.com/reports/263589,14,0.0,,2017-08-26
263662,GSA Bounty,"Cross-Site Request Forgery on the Federalist API (all endpoints), using Flash file on the attacker's host",hackerone.com/reports/263662,33,0.0,Cross-Site Request Forgery (CSRF),2017-09-27
263663,Tor,Zip bomb,hackerone.com/reports/263663,14,0.0,Incorrect Calculation of Buffer Size,2023-11-28
263672,WakaTime,previous token seems to work even though it does not verify email,hackerone.com/reports/263672,35,0.0,Violation of Secure Design Principles,2019-11-27
263681,Legal Robot,Improper error message,hackerone.com/reports/263681,0,0.0,,2017-09-01
263718,WordPress,Wordpress 4.8.1 - Rogue editor leads to RCE. And the risks of same origin frame scripting in general,hackerone.com/reports/263718,4,0.0,,2017-10-04
263728,Legal Robot,Password Complexity ,hackerone.com/reports/263728,3,0.0,Improper Authentication - Generic,2017-09-21
263733,GSA Bounty,Email Spoofing - SPF record set to Neutral,hackerone.com/reports/263733,2,0.0,Violation of Secure Design Principles,2017-09-06
263736,GSA Bounty,Email Spoofing - SPF record set to Neutral,hackerone.com/reports/263736,7,0.0,Violation of Secure Design Principles,2017-09-06
263743,Legal Robot,I cant login to my account,hackerone.com/reports/263743,12,0.0,,2017-08-28
263760,X / xAI,Opportunity to obtain private tweets through search widget preview caches,hackerone.com/reports/263760,48,1120.0,Business Logic Errors,2017-11-11
263780,Stellar.org,Direct URL access to PDF files,hackerone.com/reports/263780,10,0.0,Forced Browsing,2020-02-23
263846,Legal Robot,Registration Allows Disposable Email Addresses,hackerone.com/reports/263846,2,0.0,Cryptographic Issues - Generic,2017-08-28
263866,GSA Bounty,Error Page Content Spoofing or Text Injection,hackerone.com/reports/263866,0,0.0,,2017-11-17
263873,GSA Bounty,Improper Session management can cause account takeover[https://micropurchase.18f.gov],hackerone.com/reports/263873,36,0.0,Insufficient Session Expiration,2019-07-30
263876,Shopify,Stored XSS Deleting Menu Links in the Shopify Admin,hackerone.com/reports/263876,35,0.0,Cross-site Scripting (XSS) - Stored,2017-09-08
263902,GSA Bounty,{REDACTED}.data.gov subdomain takeover.,hackerone.com/reports/263902,24,0.0,Violation of Secure Design Principles,2017-09-06
263913,GSA Bounty,Content injection via URL parameter.,hackerone.com/reports/263913,9,0.0,Code Injection,2020-02-08
264002,Rockstar Games,Stored XSS on member post feed,hackerone.com/reports/264002,25,1000.0,Cross-site Scripting (XSS) - Stored,2017-09-18
264023,Legal Robot,Coding error ! ,hackerone.com/reports/264023,2,0.0,,2017-08-28
264090,GSA Bounty,2FA bypass - confirmation tokens don't expire,hackerone.com/reports/264090,10,0.0,Improper Access Control - Generic,2017-11-17
264101,Legal Robot,design issue exists on login page ,hackerone.com/reports/264101,13,0.0,Business Logic Errors,2017-08-28
264125,WordPress,Clickjacking mercantile.wordpress.org,hackerone.com/reports/264125,12,0.0,UI Redressing (Clickjacking),2017-09-08
264405,Legal Robot,Header Injection In app.legalrobot.com,hackerone.com/reports/264405,5,0.0,Open Redirect,2018-02-01
264426,Nextcloud,Nextcloud logs ldap passwords,hackerone.com/reports/264426,2,0.0,Plaintext Storage of a Password,2020-01-31
264445,VK.com,XSS в комментариях от имени сообщества ,hackerone.com/reports/264445,6,0.0,Cross-site Scripting (XSS) - DOM,2017-09-20
264481,Tor,Stack overflow in UnbindFromTree (browser can be crashed remotely),hackerone.com/reports/264481,1,0.0,Stack Overflow,2017-10-02
264494,Roblox,Subdomain Takeover at creatorforum.roblox.com,hackerone.com/reports/264494,90,0.0,Privilege Escalation,2020-03-24
264754,Eternal,[www.zomato.com] IDOR - Delete/Deactivate ANY/ALL Promos through a Post Request at **clients/promoDataHandler.php**,hackerone.com/reports/264754,17,0.0,Insecure Direct Object Reference (IDOR),2017-12-28
264832,Automattic,xss filter bypass [polldaddy],hackerone.com/reports/264832,21,0.0,Cross-site Scripting (XSS) - Generic,2017-10-01
264919,Eternal,[www.zomato.com] IDOR - Delete/Deactivate any special menu of any Restaurants from Zomato,hackerone.com/reports/264919,21,0.0,Insecure Direct Object Reference (IDOR),2017-11-28
264934,Weblate, Application allowing old password to be set as new password | hosted.weblate.org,hackerone.com/reports/264934,6,0.0,,2017-10-05
265050,Rockstar Games,Blind SSRF in emblem editor (2),hackerone.com/reports/265050,82,1500.0,Server-Side Request Forgery (SSRF),2017-10-28
265160,Monero,TabNabbing issue (due to taget=_blank),hackerone.com/reports/265160,11,0.0,,2018-04-25
265161,Monero,Monero Website & Kovri on your policy are returning 404 not found.,hackerone.com/reports/265161,29,0.0,Business Logic Errors,2018-04-25
265232,Internet Bug Bounty,Unsecure: Bypass alerts of Little Flocker / Little Snitch / HandsOff! / BlockBlock (same concept can be applied to other security tools),hackerone.com/reports/265232,5,0.0,,2017-12-12
265258,Eternal,"IDOR to cancel any table booking and leak sensitive information such as email,mobile number,uuid",hackerone.com/reports/265258,41,250.0,Insecure Direct Object Reference (IDOR),2017-10-22
265274,Rockstar Games,Stored XSS on support.rockstargames.com,hackerone.com/reports/265274,11,1000.0,Cross-site Scripting (XSS) - Stored,2017-10-30
265284,Concrete CMS,'cnvID' parameter vulnerable to Insecure Direct Object References,hackerone.com/reports/265284,22,0.0,Insecure Direct Object Reference (IDOR),2018-04-15
265384,Rockstar Games,Stored XSS on support.rockstargames.com,hackerone.com/reports/265384,49,1000.0,Cross-site Scripting (XSS) - Stored,2017-10-10
265441,Legal Robot,Error the message with already e-mail ,hackerone.com/reports/265441,2,0.0,Cleartext Transmission of Sensitive Information,2017-09-04
265528,GSA Bounty,Reflected XSS on the data.gov (WAF bypass+ Chrome XSS Auditor bypass+ works in all browsers),hackerone.com/reports/265528,28,0.0,Cross-site Scripting (XSS) - Reflected,2017-09-15
265619,Legal Robot,No alert in verify email address with wrong input,hackerone.com/reports/265619,3,0.0,,2017-09-03
265696,GitLab,Gitlab is vulnerable to impersonation attacks due to broken links,hackerone.com/reports/265696,21,0.0,Violation of Secure Design Principles,2017-09-06
265701,Ubiquiti Inc.,Security: Publicly accessible x.509 Public and Private Key of Ubiquiti Networks.,hackerone.com/reports/265701,5,0.0,Business Logic Errors,2017-11-20
265706,Tor,[rt.torproject.org] No Rate Limitting on Login Form,hackerone.com/reports/265706,9,0.0,Improper Restriction of Authentication Attempts,2023-11-28
265749,Legal Robot,Bypass email verification when register new account,hackerone.com/reports/265749,4,0.0,,2017-09-04
265775,Legal Robot,Password reset token issue,hackerone.com/reports/265775,9,0.0,Improper Authentication - Generic,2017-09-05
265863,Legal Robot,Wrong password validation message,hackerone.com/reports/265863,5,0.0,Violation of Secure Design Principles,2017-10-04
265930,Legal Robot,No notification of change email feature,hackerone.com/reports/265930,6,0.0,,2017-12-13
265931,Legal Robot,Logic issue in email change process,hackerone.com/reports/265931,11,0.0,,2017-11-14
265943,Snapchat,Stealing SSO Login Tokens (snappublisher.snapchat.com),hackerone.com/reports/265943,244,7500.0,Authentication Bypass,2021-07-29
265987,Weblate,Add another email address without verification,hackerone.com/reports/265987,5,0.0,Improper Access Control - Generic,2017-10-05
266017,Legal Robot,Logic issue in email change process,hackerone.com/reports/266017,11,0.0,Improper Authentication - Generic,2017-09-06
266030,Legal Robot,Add arbitrary value in reset password cookie,hackerone.com/reports/266030,3,0.0,CRLF Injection,2018-02-01
266072,VK.com,Хранимая XSS в группе VK,hackerone.com/reports/266072,17,500.0,Cross-site Scripting (XSS) - Stored,2017-10-28
266090,Khan Academy,Possible to join any class without coache's knowledge & Little Information Disclosure,hackerone.com/reports/266090,6,0.0,Business Logic Errors,2017-10-12
266288,Coinbase,New Device Confirmation Bug,hackerone.com/reports/266288,1,0.0,,2017-09-08
266449,GSA Bounty,[api.data.gov] Leak Valid API With out Verification -,hackerone.com/reports/266449,6,0.0,Improper Authentication - Generic,2017-09-20
266454,Quora,IDNs displayed in unicode,hackerone.com/reports/266454,6,0.0,Violation of Secure Design Principles,2017-10-25
266766,Grab,Access Grab_Road BigData Database via Open Presto coordinator,hackerone.com/reports/266766,97,5000.0,Information Disclosure,2017-11-30
266801,Informatica,[marketplace.informatica.com]-Reflected XSS ,hackerone.com/reports/266801,6,0.0,Cross-site Scripting (XSS) - Reflected,2017-12-15
266908,GitLab,Impersonation attack via Broken Link in Resellers Page,hackerone.com/reports/266908,11,0.0,Violation of Secure Design Principles,2017-09-08
267075,WordPress,Clickjacking irclogs.wordpress.org,hackerone.com/reports/267075,2,0.0,UI Redressing (Clickjacking),2017-10-12
267177,Shopify,stored xss in invited team member via email parameter,hackerone.com/reports/267177,16,500.0,Cross-site Scripting (XSS) - Stored,2017-11-03
267189,Gratipay,clickjacking on https://gratipay.com/on/npm/[text],hackerone.com/reports/267189,5,0.0,UI Redressing (Clickjacking),2017-09-09
267206,Informatica,Reflected XSS ,hackerone.com/reports/267206,17,0.0,Cross-site Scripting (XSS) - Generic,2018-09-09
267212,Gratipay,400 Bad Request [Use a third-party provider to sign in or create an account on Gratipay],hackerone.com/reports/267212,1,0.0,Violation of Secure Design Principles,2017-09-09
267356,Legal Robot,Autocomplete feature ,hackerone.com/reports/267356,4,0.0,,2017-09-12
267570,Shopify,Stored XSS through Facebook Page Connection,hackerone.com/reports/267570,68,0.0,Cross-site Scripting (XSS) - Stored,2020-04-04
267865,delight.im,Add movie or series CSRF,hackerone.com/reports/267865,4,0.0,Cross-Site Request Forgery (CSRF),2017-10-03
267867,delight.im,Logout CSRF,hackerone.com/reports/267867,2,0.0,Cross-Site Request Forgery (CSRF),2017-10-03
267922,Tor,"Sql query disclosure,",hackerone.com/reports/267922,0,0.0,Information Disclosure,2017-09-18
268113,Tor,Uncloaking hidden services and hidden service users,hackerone.com/reports/268113,1,0.0,Man-in-the-Middle,2017-10-20
268221,Hiro,No Confirmation Email For Email Change,hackerone.com/reports/268221,28,0.0,Information Disclosure,2025-10-31
268224,Hiro,Information Disclosure,hackerone.com/reports/268224,21,0.0,Information Disclosure,2025-10-31
268320,Tor,"solving TOR vulnerability, in other to make bruteforce difficult",hackerone.com/reports/268320,9,0.0,Array Index Underflow,2023-11-28
268382,GSA Bounty,Nginx misconfiguration leading to direct PHP source code download,hackerone.com/reports/268382,145,0.0,Information Disclosure,2019-07-29
268612,Legal Robot,Venturebeat.com URL should be HTTPS,hackerone.com/reports/268612,10,0.0,Violation of Secure Design Principles,2017-10-20
268629,Legal Robot,Failed OutLink on Terms of Service,hackerone.com/reports/268629,10,0.0,Violation of Secure Design Principles,2017-09-20
268679,GSA Bounty,Homo graphs attack ,hackerone.com/reports/268679,6,0.0,Violation of Secure Design Principles,2017-09-20
268794,GitLab,all private tokens are leaked to an unauthenticated attacker,hackerone.com/reports/268794,20,0.0,Privilege Escalation,2017-09-21
268803,Internet Bug Bounty,CVE-2017-12985: The IPv6 parser in tcpdump before 4.9.2 has a buffer over-read in ip6_print(),hackerone.com/reports/268803,2,0.0,Buffer Over-read,2019-10-08
268804,Internet Bug Bounty,CVE-2017-12986 The IPv6 routing header parser in tcpdump before 4.9.2 has a buffer over-read in print-rt6.c:rt6_print().,hackerone.com/reports/268804,7,0.0,Buffer Over-read,2019-10-08
268805,Internet Bug Bounty,CVE-2017-13008 The IEEE 802.11 parser in tcpdump before 4.9.2 has a buffer over-read in print-802_11.c:parse_elements().,hackerone.com/reports/268805,11,0.0,Buffer Over-read,2019-10-08
268806,Internet Bug Bounty,CVE-2017-13009 The IPv6 mobility parser in tcpdump before 4.9.2 has a buffer over-read in print-mobility.c:mobility_print().,hackerone.com/reports/268806,4,0.0,Buffer Over-read,2019-10-08
268807,Internet Bug Bounty,CVE-2017-13010 The BEEP parser in tcpdump before 4.9.2 has a buffer over-read in print-beep.c:l_strnstart().,hackerone.com/reports/268807,4,0.0,Buffer Over-read,2019-10-08
268808,Internet Bug Bounty,CVE-2017-13038 The PPP parser in tcpdump before 4.9.2 has a buffer over-read in print-ppp.c:handle_mlppp().,hackerone.com/reports/268808,3,0.0,Buffer Over-read,2019-10-08
268888,X / xAI,Sensitive Information Disclosure https://cards-dev.twitter.com,hackerone.com/reports/268888,19,280.0,Information Disclosure,2017-09-29
268981,Legal Robot,Missing homograph filter character,hackerone.com/reports/268981,5,0.0,,2017-09-22
268984,Brave Software,Homograph Attack Bypass [ Tested on Linux & Windows ],hackerone.com/reports/268984,15,0.0,Violation of Secure Design Principles,2017-09-21
269047,Hiro,Clickjacking https://blockstack.org/,hackerone.com/reports/269047,0,0.0,,2017-10-05
269066,Ubiquiti Inc.,Remote Code Execution at http://tw.corp.ubnt.com,hackerone.com/reports/269066,61,0.0,Command Injection - Generic,2017-11-29
269109,Snapchat,Subdomain Takeover via unclaimed UserVoice domain,hackerone.com/reports/269109,18,250.0,Privilege Escalation,2017-10-04
269184,Hiro,Weak crossdomain.xml,hackerone.com/reports/269184,1,0.0,,2018-01-18
269196,Hiro,Cross site request forgery,hackerone.com/reports/269196,0,0.0,Cross-Site Request Forgery (CSRF),2018-01-10
269230,HackerOne,Emails of invited collaborators are disclosed in full in payload for report participants,hackerone.com/reports/269230,112,0.0,Information Disclosure,2019-04-09
269243,Tor,Report Regarding Security Vulnerability,hackerone.com/reports/269243,9,0.0,,2023-11-28
269279,Starbucks,SQL injection in partner id field on https://www.teavana.com (Sign-up form),hackerone.com/reports/269279,27,0.0,SQL Injection,2018-01-23
269288,Legal Robot,External links to be in HTTP,hackerone.com/reports/269288,8,0.0,,2017-09-20
269318,Moneybird,Bypass of Rate limiting in secure_session endpoint's password input will lead to user password disclosure ,hackerone.com/reports/269318,18,0.0,Improper Restriction of Authentication Attempts,2021-05-06
269347,Tor,SQL Injection in parameter REPORT,hackerone.com/reports/269347,23,0.0,SQL Injection,2023-11-28
269426,Tor,Tor Project - Full Path Disclosure,hackerone.com/reports/269426,5,0.0,Information Exposure Through an Error Message,2023-11-28
269449,Nextcloud,Banner Grabbing - Apache Server Version Disclousure,hackerone.com/reports/269449,5,0.0,Information Disclosure,2018-05-17
269467,ownCloud,Banner Grabbing - Apache Server Version Disclousure,hackerone.com/reports/269467,19,0.0,Information Disclosure,2017-10-22
269479,HackerOne,Report Private Links Leaks to Google Analytics via Query String Param,hackerone.com/reports/269479,59,0.0,Information Disclosure,2017-10-25
269568,Internet Bug Bounty,Optionsbleed / CVE-2017-9798,hackerone.com/reports/269568,8,100.0,Use After Free,2018-05-03
269705,Nextcloud,WordPress < 4.8.2 vulnerable to multiple attacks,hackerone.com/reports/269705,7,0.0,Violation of Secure Design Principles,2017-09-27
269831,Kaspersky,Keys,hackerone.com/reports/269831,29,0.0,Information Disclosure,2018-02-02
269937,Eternal,[www.zomato.com] IDOR - Leaking all Personal Details of all Zomato Users through an endpoint,hackerone.com/reports/269937,33,0.0,Insecure Direct Object Reference (IDOR),2017-10-27
269940,VK.com,XSS в приглашении в группу,hackerone.com/reports/269940,14,0.0,Cross-site Scripting (XSS) - Reflected,2017-10-25
270059,Internet Bug Bounty,"Denial of service in libxml2, using malicious lzma file to consume available system memory",hackerone.com/reports/270059,4,0.0,Uncontrolled Resource Consumption,2019-10-04
270060,WordPress,Reflected Swf XSS In ( plugins.svn.wordpress.org ),hackerone.com/reports/270060,21,0.0,,2018-09-27
270068,RubyGems,Installer can modify other gems if gem name is specially crafted,hackerone.com/reports/270068,8,0.0,Path Traversal,2018-03-22
270072,RubyGems,"Unpacker improperly validates symlinks, allowing gems writes to arbitrary locations",hackerone.com/reports/270072,35,0.0,Path Traversal,2018-12-31
270119,VK.com,"Узнаем название и аватарку частной группы, по ID приложения.",hackerone.com/reports/270119,6,100.0,,2017-12-31
270454,Legal Robot,Clickjacking in Legalrobot app,hackerone.com/reports/270454,8,0.0,UI Redressing (Clickjacking),2017-11-10
270695,Informatica,[marketplace.informatica.com] - Sensitive Data Exposure ,hackerone.com/reports/270695,10,0.0,Privacy Violation,2017-12-18
270981,Shopify,Shopify admin authentication bypass using partners.shopify.com,hackerone.com/reports/270981,309,0.0,Improper Authorization,2017-09-28
270993,HackerOne,resolved bugs in a program are public despite the program settings,hackerone.com/reports/270993,25,0.0,Information Disclosure,2017-10-13
270999,GitLab,[Markdown] Stored XSS via character encoding parser bypass,hackerone.com/reports/270999,20,0.0,Cross-site Scripting (XSS) - Stored,2017-10-18
271007,Automattic,[app.simplenote.com] Stored XSS via Markdown SVG filter bypass,hackerone.com/reports/271007,16,0.0,Cross-site Scripting (XSS) - Stored,2017-11-12
271176,Lyst,Bypassing one-time checkout router page (revealing payment information),hackerone.com/reports/271176,12,0.0,Information Disclosure,2018-05-10
271224,Eternal,SSRF in https://www.zomato.com████ allows reading local files and website source code,hackerone.com/reports/271224,32,0.0,Server-Side Request Forgery (SSRF),2018-02-28
271253,Nextcloud,NextCloud is also Accepting OCTET-STREAM Type of Documents instead of jpg or Imge Files Only,hackerone.com/reports/271253,7,0.0,Improper Authentication - Generic,2019-04-11
271324,HackerOne,Homograph fix Bypass ,hackerone.com/reports/271324,71,0.0,Violation of Secure Design Principles,2017-10-16
271330,Internet Bug Bounty,"Format string implementation vulnerability, resulting in code execution",hackerone.com/reports/271330,7,0.0,Memory Corruption - Generic,2019-10-13
271355,Avito,[avito.ru] ImageMagick uninitialized image palette,hackerone.com/reports/271355,18,0.0,Memory Corruption - Generic,2021-04-24
271360,Avito,[avito.ru] Утекают креды от платежных провайдеров,hackerone.com/reports/271360,3,0.0,Information Disclosure,2018-12-24
271391,Eternal,Potential server misconfiguration leads to disclosure of vendor/ directory,hackerone.com/reports/271391,12,0.0,Forced Browsing,2017-10-23
271407,Eternal,Admin Access to a domain used for development and admin access to internal dashboards on that domain,hackerone.com/reports/271407,31,0.0,Improper Access Control - Generic,2017-12-28
271506,HackerOne,Banned researcher gets email updates on a private program.,hackerone.com/reports/271506,139,0.0,,2019-05-18
271533,Instacart,"Bruteforcing password reset tokens, could lead to account takeover",hackerone.com/reports/271533,14,50.0,Improper Restriction of Authentication Attempts,2017-11-06
271700,Rockstar Games,Leak IP internal,hackerone.com/reports/271700,11,0.0,Information Disclosure,2018-02-05
271765,Shopify,Stored XSS in partners dashboard,hackerone.com/reports/271765,14,0.0,Cross-site Scripting (XSS) - Stored,2018-04-18
271928,MapsMarker.com e.U.,facebook button URL should be HTTPS,hackerone.com/reports/271928,13,0.0,,2017-10-26
271950,Legal Robot,Improper Implementation of Password strength checker,hackerone.com/reports/271950,5,0.0,Violation of Secure Design Principles,2017-11-10
271960,Rockstar Games,"Client-side Template Injection in Search, user email/token leak and maybe sandbox escape",hackerone.com/reports/271960,15,0.0,Code Injection,2018-05-01
272095,GSA Bounty,SSRF/XSPA in labs.data.gov/dashboard/validate,hackerone.com/reports/272095,41,300.0,Server-Side Request Forgery (SSRF),2020-05-05
272097,Internet Bug Bounty,Interger overflow in eval trigger write out of bound,hackerone.com/reports/272097,2,0.0,Integer Underflow,2017-12-11
272221,Brave Software,Arbitrary local code execution via DLL hijacking from executable installer,hackerone.com/reports/272221,1,0.0,Violation of Secure Design Principles,2018-07-09
272231,Brave Software,Download of (later executed) .NET installer over insecure channel,hackerone.com/reports/272231,1,0.0,Man-in-the-Middle,2018-07-09
272272,Bitwarden,Export vault feature is vulnerable to CSV injection,hackerone.com/reports/272272,2,0.0,OS Command Injection,2017-09-28
272357,Bitwarden,Mailgun misconfiguration on email.bitwarden.com,hackerone.com/reports/272357,17,0.0,Business Logic Errors,2017-10-27
272379,Aspen,Password reset token leak on third party website via Referer header,hackerone.com/reports/272379,36,0.0,Violation of Secure Design Principles,2017-09-27
272387,Aspen,aspen | clickjacking,hackerone.com/reports/272387,2,0.0,UI Redressing (Clickjacking),2017-09-27
272426,Aspen,Server Path Disclosure ,hackerone.com/reports/272426,0,0.0,,2017-09-27
272497,Internet Bug Bounty,Perl $ENV Key Stack Buffer Overflow,hackerone.com/reports/272497,4,1500.0,Stack Overflow,2019-11-12
272506,U.S. Dept Of Defense, SQL injections,hackerone.com/reports/272506,13,0.0,SQL Injection,2019-10-04
272570,Bitwarden,Organization Admin Privilege Escalation To Owner,hackerone.com/reports/272570,27,0.0,Business Logic Errors,2017-10-28
272578,Slack,Unauthenticated LFI revealing log information,hackerone.com/reports/272578,123,0.0,Information Disclosure,2018-01-26
272588,Unikrn,CSRF in Raffles Ticket Purchasing,hackerone.com/reports/272588,19,0.0,Cross-Site Request Forgery (CSRF),2018-04-10
272596,Aspen,No Rate Limit (Leads to huge email flooding/email bombing),hackerone.com/reports/272596,7,0.0,Improper Access Control - Generic,2017-09-28
272824,Aspen,client_secret Token disclosure ,hackerone.com/reports/272824,13,0.0,,2017-09-28
272839,Unikrn,Weak Session ID Implementation - No Session change on Password change,hackerone.com/reports/272839,14,40.0,Insufficient Session Expiration,2017-10-05
272863,Legal Robot,External links should be served in HTTPS.,hackerone.com/reports/272863,5,0.0,Violation of Secure Design Principles,2017-10-19
272979,U.S. Dept Of Defense,2 vulnerabilities of arbitrary code in ████████  - CVE-2017-5929,hackerone.com/reports/272979,2,0.0,Deserialization of Untrusted Data,2019-10-08
272982,Aspen,Information leakage on django.aspen.io,hackerone.com/reports/272982,2,0.0,Information Disclosure,2017-09-29
272997,Rockstar Games,Stored XSS via Send crew invite,hackerone.com/reports/272997,18,0.0,Cross-site Scripting (XSS) - Stored,2017-12-28
273099,Shopify,User with removed manage shops permissions is still able to make changes to a shop ,hackerone.com/reports/273099,145,0.0,Improper Access Control - Generic,2020-06-12
273365,VK.com,XSS в товарах,hackerone.com/reports/273365,16,1000.0,,2017-10-29
273377,Tor,Multiple Path Transversal Vulnerabilites,hackerone.com/reports/273377,11,0.0,Path Traversal,2023-11-28
273449,Ubiquiti Inc.,Authenticated RCE in ToughSwitch,hackerone.com/reports/273449,6,0.0,OS Command Injection,2018-06-19
273557,Shopify,ability to install paid themes for free,hackerone.com/reports/273557,50,0.0,Improper Access Control - Generic,2018-05-16
273560,WakaTime,Validation of Password reset tokens,hackerone.com/reports/273560,3,0.0,Violation of Secure Design Principles,2017-10-01
273630,Yelp,Leaking sensitive information lead to compromise employer API keys,hackerone.com/reports/273630,11,0.0,Insecure Storage of Sensitive Information,2017-11-09
273647,Gratipay,Adding Used Primary Email Address to attacker account and Account takeover,hackerone.com/reports/273647,3,0.0,Business Logic Errors,2017-10-05
273698,X / xAI,Unauthorized Access to Protected Tweets via niche.co API,hackerone.com/reports/273698,22,0.0,Privacy Violation,2017-11-02
273726,WordPress,Information / sensitive data disclosure on some endpoints,hackerone.com/reports/273726,32,0.0,Information Disclosure,2018-08-22
273805,Paragon Initiative Enterprises,Improper access control lead  To delete anyone comment,hackerone.com/reports/273805,10,0.0,Improper Access Control - Generic,2017-10-16
273819,Tor,Content spoofing on,hackerone.com/reports/273819,6,0.0,Violation of Secure Design Principles,2023-11-28
273881,Automattic,Invalidate session after password reset on https://polldaddy.com,hackerone.com/reports/273881,12,0.0,Insufficient Session Expiration,2017-11-09
273946,Grab,www.drivegrab.com SQL injection,hackerone.com/reports/273946,203,4500.0,SQL Injection,2017-11-17
273960,VK.com,"Хранимая XSS на странице ""Виджет для авторизации""",hackerone.com/reports/273960,6,0.0,Cross-site Scripting (XSS) - Stored,2017-12-31
273998,Paragon Initiative Enterprises,CSRF token does not valided during blog comment,hackerone.com/reports/273998,3,0.0,Cross-Site Request Forgery (CSRF),2017-10-16
274013,Legal Robot,Allowance of Meta/Null characters,hackerone.com/reports/274013,2,0.0,Violation of Secure Design Principles,2017-10-04
274112,VK.com,Хранимая XSS в функционале добавления аудио в WYSIWYG,hackerone.com/reports/274112,11,500.0,Cross-site Scripting (XSS) - Stored,2017-12-31
274264,Rockstar Games,Your support community suffers from angularjs injection and must be fixed immediately [CRITICAL],hackerone.com/reports/274264,10,0.0,Code Injection,2018-04-10
274267,RubyGems,Request Hijacking Vulnerability in RubyGems 2.6.13 and earlier,hackerone.com/reports/274267,5,0.0,Command Injection - Generic,2018-12-08
274285,Tor,https://get.ooni.torproject.org/,hackerone.com/reports/274285,5,0.0,,2023-11-28
274324,Legal Robot,cross site web socket hijacking,hackerone.com/reports/274324,2,0.0,,2017-10-11
274336,Snapchat,Subdomain Takeover via Unclaimed WordPress site,hackerone.com/reports/274336,39,0.0,Improper Authentication - Generic,2017-10-06
274443,Grab,stored xss in comments : driver exam ,hackerone.com/reports/274443,21,250.0,Cross-site Scripting (XSS) - Generic,2017-11-30
274541,Paragon Initiative Enterprises,Invited user to a Author profile can remove the owner of that Author,hackerone.com/reports/274541,4,0.0,Violation of Secure Design Principles,2017-10-16
274868,Imgur,Xss on community.imgur.com,hackerone.com/reports/274868,20,0.0,Cross-site Scripting (XSS) - Reflected,2019-09-03
274990,RubyGems,Remote code execution on rubygems.org,hackerone.com/reports/274990,50,1500.0,Deserialization of Untrusted Data,2017-11-09
274997,Tor,Use of uninitialized value in memarea_strdup (src/common/memarea.c:369),hackerone.com/reports/274997,1,0.0,Memory Corruption - Generic,2017-10-25
274998,Tor,Use of unitialized value in crypto_pk_num_bits (src/common/crypto.c:971),hackerone.com/reports/274998,11,0.0,Memory Corruption - Generic,2023-11-28
275186,Instacart,Get all instacart emails - missing rate limit on /accounts/register,hackerone.com/reports/275186,16,150.0,,2017-12-01
275242,WakaTime,password token validation,hackerone.com/reports/275242,4,0.0,Improper Authentication - Generic,2017-10-07
275245,WakaTime,Can link to websites from profile,hackerone.com/reports/275245,4,0.0,Improper Authentication - Generic,2017-10-07
275269,RubyGems,Gem signature forgery,hackerone.com/reports/275269,16,1000.0,Cryptographic Issues - Generic,2018-08-03
275293,HackerOne,Pending member invitations are not revoked on program name change,hackerone.com/reports/275293,2,0.0,Information Disclosure,2017-11-18
275303,Weblate, Account Restore / Reactivating an old email via old reset link,hackerone.com/reports/275303,4,0.0,,2018-08-27
275386,Automattic,Stored XSS Using Media,hackerone.com/reports/275386,10,0.0,Cross-site Scripting (XSS) - Stored,2017-11-26
275443,IRCCloud,Missing robots exclusion header for user uploads,hackerone.com/reports/275443,5,50.0,Improper Access Control - Generic,2017-10-27
275515,Ubiquiti Inc.,Stored XSS in dev-ucrm-billing-demo.ubnt.com In Client Custom Attribute ,hackerone.com/reports/275515,16,0.0,Cross-site Scripting (XSS) - Stored,2017-12-30
275518,X / xAI,Blind XSS in Mobpub Marketplace Admin Production | Sentry via demand.mopub.com (User-Agent),hackerone.com/reports/275518,63,0.0,Cross-site Scripting (XSS) - Stored,2018-02-17
275714,Starbucks,Subdomain takeover on developer.openapi.starbucks.com,hackerone.com/reports/275714,51,0.0,Improper Access Control - Generic,2018-02-17
275960,Tor,Address Bar Spoofing on TOR Browser,hackerone.com/reports/275960,14,0.0,Phishing,2023-01-02
276031,Rocket.Chat,Remote Code Execution in Rocket.Chat Desktop,hackerone.com/reports/276031,12,0.0,Code Injection,2018-09-18
276105,WordPress,Stored XSS in WordPress,hackerone.com/reports/276105,3,0.0,Cross-site Scripting (XSS) - Stored,2018-02-02
276123,ownCloud,Password Complexity Not Enforced On Password Change,hackerone.com/reports/276123,9,0.0,Violation of Secure Design Principles,2018-03-03
276244,Legal Robot,"Broken links for stale domains may be leveraged for Phishing, Misinformation, Defaming",hackerone.com/reports/276244,4,0.0,,2017-11-10
276253,Tor,Use of uninitialized value in networkstatus_parse_vote_from_string (src/or/routerparse.c:3533),hackerone.com/reports/276253,2,0.0,Memory Corruption - Generic,2017-10-31
276255,Tor,Use of unitialized value in token_check_object (src/or/parsecommon.c:224),hackerone.com/reports/276255,3,0.0,Memory Corruption - Generic,2019-10-04
276269,Starbucks,Multiple Subdomain takeovers via unclaimed instances,hackerone.com/reports/276269,83,0.0,Privilege Escalation,2017-12-04
276427,Legal Robot,Legal Robot,hackerone.com/reports/276427,12,0.0,CRLF Injection,2017-10-21
276614,Semrush,Email Spoofing,hackerone.com/reports/276614,1,0.0,Violation of Secure Design Principles,2018-03-13
276747,Avito,CSS injection in avito.ru via IE11 ,hackerone.com/reports/276747,9,0.0,Cross-site Scripting (XSS) - Reflected,2019-12-12
276816,Inflection,No password confirmation on changing primary email address,hackerone.com/reports/276816,6,0.0,Improper Access Control - Generic,2017-10-18
276976,Inflection,Information Disclosure and Privilege Escalation in app.goodhire.com/member/developers/api-settings,hackerone.com/reports/276976,11,0.0,Information Disclosure,2018-01-18
277078,Inflection,Goodhire Open Redirect,hackerone.com/reports/277078,11,0.0,Open Redirect,2017-12-20
277138,Inflection,Privilege Escalation: Read-Only to Admin,hackerone.com/reports/277138,51,0.0,Privilege Escalation,2019-03-15
277192,Inflection,Host Header Injection and Cache Poisoning,hackerone.com/reports/277192,4,0.0,,2017-10-24
277213,Legal Robot,Two accounts can be made with same password,hackerone.com/reports/277213,1,0.0,,2017-10-20
277259,Informatica,[marketplace.informatica.com] - Stored XSS,hackerone.com/reports/277259,6,0.0,Cross-site Scripting (XSS) - Stored,2017-12-15
277354,Inflection,HTTP Host Header Injection on app.goodhire.com,hackerone.com/reports/277354,5,0.0,HTTP Response Splitting,2017-11-01
277377,Inflection,Amount Manipulation Buy Unlimited Credits in just $1.00,hackerone.com/reports/277377,8,0.0,Insecure Direct Object Reference (IDOR),2017-11-01
277380,U.S. Dept Of Defense,SQL Injection on █████,hackerone.com/reports/277380,21,0.0,SQL Injection,2022-05-12
277407,Unikrn,Email abuse and Referral Abuse,hackerone.com/reports/277407,7,0.0,,2019-06-12
277431,Legal Robot,XSS on app.legalrobot.com,hackerone.com/reports/277431,1,0.0,Cross-Site Request Forgery (CSRF),2017-10-15
277502,WordPress,"[BuddyPress 2.9.1] Open Redirect via ""wp_http_referer"" parameter on ""bp-profile-edit"" endpoint",hackerone.com/reports/277502,7,0.0,Open Redirect,2017-11-02
277525,Ian Dunn,Formula injection via CSV exports in WordCamp Talks plugin,hackerone.com/reports/277525,13,50.0,Command Injection - Generic,2017-10-23
277534,Ian Dunn,Timing Attack in Google Authenticator - Per User Prompt,hackerone.com/reports/277534,6,25.0,Cryptographic Issues - Generic,2017-10-29
278095,HackerOne,Invalid Host detection at https://hackerone.com/redirect,hackerone.com/reports/278095,57,0.0,Violation of Secure Design Principles,2017-12-03
278151,WordPress,Content Spoofing @ https://irclogs.wordpress.org/,hackerone.com/reports/278151,22,0.0,Improper Access Control - Generic,2017-12-04
278191,X / xAI,Listing of Amazon S3 Bucket accessible to any amazon authenticated user (metrics.pscp.tv),hackerone.com/reports/278191,36,140.0,Information Disclosure,2017-11-19
278220,Inflection,Limited arbitrary text inclusion in user invite emails,hackerone.com/reports/278220,0,0.0,Phishing,2017-11-29
278225,CodeIgniter,If the developer forgets to remove the built in controller welcome.php it helps the attacker to identify that the site is built with Codeigniter,hackerone.com/reports/278225,4,0.0,Information Exposure Through Directory Listing,2017-10-18
278231,Internet Bug Bounty,Out of bounds read in libcurl's IMAP FETCH response parser,hackerone.com/reports/278231,4,0.0,Buffer Over-read,2018-05-16
278718,Weblate,Improper validation of unicode characters ,hackerone.com/reports/278718,4,0.0,,2017-11-17
279070,Legal Robot,Chat exposed using cookie,hackerone.com/reports/279070,1,0.0,Reliance on Cookies without Validation and Integrity Checking in a Security Decision,2017-10-19
279351,Gratipay,"Broken link for stale DNS entry may be leveraged for Phishing, Misinformation, Serving Malware",hackerone.com/reports/279351,0,0.0,,2017-10-18
279717,Nextcloud,"Broken link for wrong domain entry may be leveraged for Phishing, Misinformation, Serving Malware",hackerone.com/reports/279717,1,0.0,,2020-03-01
279914,HackerOne,Issue with password change in Disabled Account,hackerone.com/reports/279914,4,0.0,Violation of Secure Design Principles,2017-11-16
279935,Inflection,Malicious callback url can be set while creating application in identity,hackerone.com/reports/279935,6,0.0,Business Logic Errors,2019-01-03
279945,Weblate,Improper validation of unicode characters#2,hackerone.com/reports/279945,3,0.0,,2020-07-26
280282,Tor,Enforce minimum master password complexity,hackerone.com/reports/280282,1,0.0,Password in Configuration File,2017-10-19
280389,Infogram,No Rate limit on Password Reset Function,hackerone.com/reports/280389,13,0.0,Improper Authentication - Generic,2017-12-12
280408,Infogram,SPF Misconfiguration,hackerone.com/reports/280408,4,0.0,Violation of Secure Design Principles,2017-11-06
280495,Infogram,Stored Cross-Site scripting in the infographics using links,hackerone.com/reports/280495,9,0.0,Cross-site Scripting (XSS) - Stored,2017-12-04
280500,Infogram,Tabnabbing via window.opener,hackerone.com/reports/280500,6,0.0,Violation of Secure Design Principles,2017-11-06
280503,Infogram,Stored Cross-Site scripting in the infographics using Data Objects links,hackerone.com/reports/280503,7,0.0,Cross-site Scripting (XSS) - Stored,2017-12-04
280504,Infogram,Weak Password Policy on Signup,hackerone.com/reports/280504,12,0.0,Violation of Secure Design Principles,2017-11-06
280509,Infogram,User Enumeration,hackerone.com/reports/280509,5,0.0,Information Disclosure,2017-10-27
280511,Infogram,Server Side Request Forgery on JSON Feed,hackerone.com/reports/280511,12,0.0,Server-Side Request Forgery (SSRF),2017-12-06
280519,Infogram,Email notification is not being sent while changing passwords,hackerone.com/reports/280519,11,0.0,Violation of Secure Design Principles,2018-01-29
280529,Infogram,Incorrect Functionality of Password reset links,hackerone.com/reports/280529,8,0.0,Violation of Secure Design Principles,2017-10-30
280534,Infogram,No Rate Limit on account deletion request(Leads to huge email flooding/email bombing),hackerone.com/reports/280534,14,0.0,Violation of Secure Design Principles,2017-12-12
280770,HackerOne,"Search query text, including from potentially undisclosed reports, sent to Google Analytics on Inbox query page",hackerone.com/reports/280770,9,0.0,Information Disclosure,2017-11-01
280803,Inflection,Fake mailing reports using mail service on [URL : mail-txn.identity.com],hackerone.com/reports/280803,9,0.0,,2017-10-25
280865,Infogram,Non Critical Code Quality Bug / Self XSS on Map Editor,hackerone.com/reports/280865,4,0.0,Cross-site Scripting (XSS) - Stored,2017-12-12
280914,Inflection,Business Logic Flaw allowing Privilege Escalation,hackerone.com/reports/280914,7,0.0,Business Logic Errors,2017-11-29
281274,Legal Robot,Non-HTTPS link on blog,hackerone.com/reports/281274,3,0.0,Violation of Secure Design Principles,2017-10-20
281283,Uber,XSS on partners.uber.com due to no user input sanitisation ,hackerone.com/reports/281283,18,1000.0,Cross-site Scripting (XSS) - Generic,2018-10-04
281296,RBKmoney,IDOR in merchant.rbmonkey.com allows deleting eShops of another user,hackerone.com/reports/281296,15,0.0,,2018-01-29
281336,RubyGems,Negative size in tar header causes infinite loop,hackerone.com/reports/281336,7,0.0,Uncontrolled Resource Consumption,2018-03-01
281344,Uber,No rate limiting on https://biz.uber.com/confirm allowed an attacker to join arbitrary business.uber.com accounts,hackerone.com/reports/281344,12,0.0,Improper Authentication - Generic,2018-11-13
281387,Stellar.org,xss,hackerone.com/reports/281387,6,0.0,,2020-02-23
281449,Inflection,Limited Account Takeover via Backup codes ,hackerone.com/reports/281449,3,0.0,,2017-10-26
281472,Inflection,Unsubscribe Any User,hackerone.com/reports/281472,1,0.0,Business Logic Errors,2017-11-29
281575,Mavenlink,Password reset link injection allows redirect to malicious URL,hackerone.com/reports/281575,62,0.0,,2017-12-13
281597,Tor,Preferred language option fingerprinting issue in Tor Browser,hackerone.com/reports/281597,3,0.0,Information Disclosure,2017-10-24
281682,Tor,"Crashes/Buffer at 0x2C0086,name=PBrowser::Msg_Destroy ",hackerone.com/reports/281682,0,0.0,Classic Buffer Overflow,2017-10-24
281850,Ruby,Provide a security sistem most fit to our team,hackerone.com/reports/281850,1,0.0,,2017-12-15
281851,VK.com,XSS в личных сообщениях,hackerone.com/reports/281851,23,0.0,Cross-site Scripting (XSS) - Stored,2017-11-27
281942,Ruby,Bugs,hackerone.com/reports/281942,13,0.0,,2017-12-15
281950,Infogram,Internal Ports Scanning via Blind SSRF,hackerone.com/reports/281950,14,0.0,Information Disclosure,2017-11-03
282176,WordPress,Unauthenticated hidden groups disclosure via Ajax groups search,hackerone.com/reports/282176,6,0.0,Improper Access Control - Generic,2017-11-02
282209,Infogram,Stored XSS in the Custom Logo link (non-Basic plan required),hackerone.com/reports/282209,11,0.0,Cross-site Scripting (XSS) - Stored,2017-11-23
282339,Tor,Cross-domain linkability when system time changed in Tor Browser,hackerone.com/reports/282339,0,0.0,Privacy Violation,2017-10-26
282363,Infogram,Outdated jQuery Version,hackerone.com/reports/282363,5,0.0,,2017-10-31
282475,Infogram,Sensitive information is publicly available ,hackerone.com/reports/282475,7,0.0,Cleartext Storage of Sensitive Information,2017-10-31
282490,Infogram,Application Vulnerable to CSRF - Remove Invited user,hackerone.com/reports/282490,8,0.0,Cross-Site Request Forgery (CSRF),2018-05-08
282518,Infogram,Memory Corruption via Large Pixels,hackerone.com/reports/282518,25,0.0,Classic Buffer Overflow,2024-02-01
282535,Infogram,XSS on Report Classic,hackerone.com/reports/282535,5,0.0,Cross-site Scripting (XSS) - Stored,2017-11-03
282564,Infogram,User enumeration via forgot password error message,hackerone.com/reports/282564,2,0.0,,2017-10-27
282570,Infogram,No notification on Password Change,hackerone.com/reports/282570,1,0.0,,2017-10-27
282572,Infogram,No Confirmation or Notification During Email Change which can leads to account takeover,hackerone.com/reports/282572,3,0.0,,2017-10-27
282588,Ruby,Take back my all data from limfuimay@gmail.com,hackerone.com/reports/282588,12,0.0,,2017-12-15
282604,Rockstar Games,Stored XSS on profile page via Steam display name,hackerone.com/reports/282604,35,1250.0,Cross-site Scripting (XSS) - Stored,2017-11-10
282628,X / xAI,OS Command Execution on User's PC via CSV Injection,hackerone.com/reports/282628,2,0.0,OS Command Injection,2017-11-02
282748,Tor,Detecting Tor Browser UI Language,hackerone.com/reports/282748,64,0.0,Privacy Violation,2019-05-21
282772,Weblate,no notification send to victim if attacker hacks/accesses his victims WebLate account.,hackerone.com/reports/282772,11,0.0,Business Logic Errors,2018-09-26
282843,WordPress,UnResolved ChangeSet are Visible to Public That also Causes Information Disclosure,hackerone.com/reports/282843,1,0.0,Information Disclosure,2018-02-05
282909,Infogram,Report Design Critical Stored DOM XSS Vulnerability ,hackerone.com/reports/282909,6,0.0,Cross-site Scripting (XSS) - Stored,2017-12-08
283014,HackerOne,View Any Program's Team Members through GET https://hackerone.com/invitations/,hackerone.com/reports/283014,32,1000.0,Information Disclosure,2017-11-01
283058,IRCCloud,[IRCCloud Android] Opening arbitrary URLs/XSS in SAMLAuthActivity,hackerone.com/reports/283058,16,0.0,,2017-11-03
283063,IRCCloud,[IRCCloud Android] XSS in ImageViewerActivity,hackerone.com/reports/283063,44,0.0,,2017-11-03
283269,Infogram,A10 – Unvalidated Redirects and Forwards,hackerone.com/reports/283269,0,0.0,Open Redirect,2017-11-09
283309,HackerOne,Private Program all members disclosed ,hackerone.com/reports/283309,8,0.0,Information Disclosure,2017-11-16
283361,HackerOne,Private partial disclosure of h1 infrastructure ,hackerone.com/reports/283361,17,0.0,Information Disclosure,2017-11-03
283419,Mavenlink,[app.mavenlink.com] IDOR to view sensitive information,hackerone.com/reports/283419,26,0.0,Insecure Direct Object Reference (IDOR),2018-02-09
283460,X / xAI,Open Redirect Protection Bypass,hackerone.com/reports/283460,24,0.0,Open Redirect,2017-12-23
283482,Infogram,Login Cross Site Request Forgery ,hackerone.com/reports/283482,3,0.0,Cross-Site Request Forgery (CSRF),2017-10-27
283502,Inflection,XST(Cross Site Tracing),hackerone.com/reports/283502,1,0.0,,2017-10-31
283539,VK.com,Stored xss в /lead_forms_app.php,hackerone.com/reports/283539,19,500.0,Cross-site Scripting (XSS) - Stored,2017-11-28
283550,Infogram,Password Reset Token Not Expired ,hackerone.com/reports/283550,20,0.0,Weak Password Recovery Mechanism for Forgotten Password,2017-10-30
283565,Infogram,XSS on infogram.com,hackerone.com/reports/283565,10,0.0,Cross-site Scripting (XSS) - Stored,2017-11-01
283644,Internet Bug Bounty,Out-Of-Bounds Read in timelib_meridian(),hackerone.com/reports/283644,2,500.0,Buffer Over-read,2019-10-14
283742,Infogram,HTML injection ,hackerone.com/reports/283742,5,0.0,,2017-10-31
283786,Inflection,Host Header Injection or cache poisoning in multiple domains,hackerone.com/reports/283786,2,0.0,,2017-10-31
283821,Infogram,XSS when Shared,hackerone.com/reports/283821,6,0.0,Cross-site Scripting (XSS) - Reflected,2017-11-01
283825,Infogram,Multiple xss on infogram templates,hackerone.com/reports/283825,6,0.0,Cross-site Scripting (XSS) - Stored,2017-11-01
283847,HackerOne,GraphQL sessions aren't immediately invalidated when user password is changed,hackerone.com/reports/283847,9,0.0,Violation of Secure Design Principles,2017-11-30
283951,Gratipay,Bypassing X-frame options ,hackerone.com/reports/283951,2,0.0,UI Redressing (Clickjacking),2017-10-29
284082,Infogram,Javascript Payload reflected Back in Report Embed Code,hackerone.com/reports/284082,4,0.0,Cross-site Scripting (XSS) - Stored,2017-12-12
284143,HackerOne,Reverse Tabnabbing Vulnerability in Outgoing Links,hackerone.com/reports/284143,3,0.0,,2017-11-21
284155,Mavenlink,Uninitialized server memory disclosure via ImageMagick gif parser,hackerone.com/reports/284155,39,0.0,Information Disclosure,2017-12-30
284807,Gratipay,i am The bug,hackerone.com/reports/284807,23,0.0,Array Index Underflow,2017-10-31
284811,Gratipay,Reflected SQL Execution,hackerone.com/reports/284811,11,0.0,,2017-10-31
284951,Monero,Out-of-bounds read when importing corrupt blockchain with monero-blockchain-import,hackerone.com/reports/284951,6,0.0,Out-of-bounds Read,2018-04-25
284963,Semrush,Insecure Direct Object Reference on API without API key,hackerone.com/reports/284963,4,0.0,,2018-03-13
285153,Infogram,No Email Verification,hackerone.com/reports/285153,3,0.0,Improper Certificate Validation,2017-11-03
285482,Semrush,"Security misconfiguration ""weak passwords"".",hackerone.com/reports/285482,1,0.0,Violation of Secure Design Principles,2018-03-13
285609,Khan Academy,Frameset(Frame) html tag is allowed in html editor.(can lead to clickjacking),hackerone.com/reports/285609,1,0.0,UI Redressing (Clickjacking),2018-02-14
286667,Shopify,Self-XSS in password reset functionality,hackerone.com/reports/286667,34,0.0,Cross-site Scripting (XSS) - Reflected,2017-11-10
286728,Gratipay,Saying goodbye to HackerOne and Gratipay.,hackerone.com/reports/286728,96,0.0,,2017-11-02
286740,Internet Bug Bounty,Key Reinstallation Attacks: Breaking WPA2 by forcing nonce reuse,hackerone.com/reports/286740,191,0.0,"Reusing a Nonce, Key Pair in Encryption",2017-11-03
287245,HackerOne,"Blind SSRF in ""Integrations"" by abusing a bug in Ruby's native resolver.",hackerone.com/reports/287245,30,0.0,Server-Side Request Forgery (SSRF),2017-11-09
287496,Infogram,Internal Ports Scanning via Blind SSRF  (URL Redirection to beat filter),hackerone.com/reports/287496,11,0.0,Server-Side Request Forgery (SSRF),2017-11-08
287562,Infogram,Stored XSS in content when Graph is created via API,hackerone.com/reports/287562,7,0.0,Cross-site Scripting (XSS) - Stored,2017-11-07
287666,Internet Bug Bounty,CVE-2017-13089 wget stack smash,hackerone.com/reports/287666,1,0.0,Classic Buffer Overflow,2019-11-12
287667,Internet Bug Bounty,CVE-2017-13090 wget heap smash,hackerone.com/reports/287667,1,0.0,Classic Buffer Overflow,2019-11-12
287688,Infogram,Stored XSS On Wordpress Infogram plugin,hackerone.com/reports/287688,6,0.0,Cross-site Scripting (XSS) - Stored,2017-11-15
287758,Infogram,Bypass insecure password validation,hackerone.com/reports/287758,9,0.0,,2017-11-16
287789,BOHEMIA INTERACTIVE a.s.,IDOR to view User Order Information,hackerone.com/reports/287789,34,0.0,,2018-09-17
287835,Ruby,Resolv::getaddresses bug that can be abused to bypass security measures. ,hackerone.com/reports/287835,5,0.0,Violation of Secure Design Principles,2018-02-23
287837,BOHEMIA INTERACTIVE a.s.,217.147.95.145 NFS Exposed with Zeus Server configs,hackerone.com/reports/287837,18,0.0,,2018-09-17
288219,Moneybird,Open Redirection while saving User account Settings ,hackerone.com/reports/288219,28,0.0,Open Redirect,2017-11-15
288298,Valve,LFI in pChart php library,hackerone.com/reports/288298,29,0.0,Path Traversal,2018-05-09
288353,Rockstar Games,"SMB SSRF in emblem editor exposes taketwo domain credentials, may lead to RCE",hackerone.com/reports/288353,52,1500.0,Server-Side Request Forgery (SSRF),2018-01-12
288540,VK.com,"CSRF создание опроса от имени пользователя, зная id приложения. + небольшой флуд сообщениями на стену",hackerone.com/reports/288540,6,0.0,,2018-02-09
288596,Eternal,User Profiles Leak PII in HTML Document for Mobile Browser User Agents,hackerone.com/reports/288596,15,500.0,Privacy Violation,2017-12-28
288704,Phabricator,Command injection on Phabricator instance with an evil hg branch name,hackerone.com/reports/288704,41,0.0,Command Injection - Generic,2017-11-11
288707,Aspen,Email Spoofing,hackerone.com/reports/288707,11,0.0,Violation of Secure Design Principles,2017-11-09
288846,Infogram,Bruteforcing Coupons,hackerone.com/reports/288846,3,0.0,,2017-12-12
288912,Semrush,Cross-origin resource sharing,hackerone.com/reports/288912,4,0.0,,2018-01-11
288950,HackerOne,Additional bypass allows SSRF for internal netblocks,hackerone.com/reports/288950,20,0.0,Server-Side Request Forgery (SSRF),2017-11-16
288955,IRCCloud,[IRCCloud Android] Theft of arbitrary files leading to token leakage,hackerone.com/reports/288955,31,0.0,Privacy Violation,2017-11-15
288966,X / xAI,"POODLE SSLv3 bug on multiple twitter smtp servers (mx3.twitter.com,199.59.148.204,199.16.156.108 and 199.59.148.204)",hackerone.com/reports/288966,28,0.0,Cryptographic Issues - Generic,2018-02-22
288993,Internet Bug Bounty,SSL_peek() hang on empty record (CVE-2016-6305),hackerone.com/reports/288993,4,1000.0,Uncontrolled Resource Consumption,2018-01-11
289000,Bitwarden,Vulnerable exported broadcast receiver,hackerone.com/reports/289000,23,0.0,Violation of Secure Design Principles,2017-11-10
289051,GSA Bounty,Subdomain Takeover,hackerone.com/reports/289051,6,0.0,Privilege Escalation,2017-11-28
289085,Urban Dictionary,Stored XSS on urbandictionary.com,hackerone.com/reports/289085,11,0.0,Cross-site Scripting (XSS) - Stored,2018-01-11
289189,Legal Robot,Exposes a series of other private credentials,hackerone.com/reports/289189,10,0.0,Information Disclosure,2017-11-13
289246,Semrush,Following links are vulnerable to clickjacking,hackerone.com/reports/289246,12,0.0,UI Redressing (Clickjacking),2018-01-11
289264,Ubiquiti Inc.,Triggering RCE using XSS to bypass CSRF in PowerBeam M5 300,hackerone.com/reports/289264,12,0.0,Command Injection - Generic,2018-06-19
289313,RubyGems,[gem server] Stored XSS via crafted JavaScript URL inclusion in Gemspec,hackerone.com/reports/289313,4,0.0,Cross-site Scripting (XSS) - Stored,2018-02-22
289330,Concrete CMS,Reflected XSS vulnerability in Database name field on installation screen,hackerone.com/reports/289330,18,0.0,Cross-site Scripting (XSS) - Reflected,2018-01-20
289568,HackerOne,"Program profile metrics endpoint contains mean time to triage, even when turned off",hackerone.com/reports/289568,29,0.0,Information Disclosure,2017-11-14
289823,Automattic,Improper markup sanitization.,hackerone.com/reports/289823,19,0.0,UI Redressing (Clickjacking),2017-12-01
289846,U.S. Dept Of Defense,X-XSS-Protection -> Misconfiguration,hackerone.com/reports/289846,7,0.0,Violation of Secure Design Principles,2017-12-15
290794,Infogram,Persistent XSS in share button,hackerone.com/reports/290794,6,0.0,Cross-site Scripting (XSS) - Stored,2017-11-23
290889,Aspen,Session does't get expired after changing the password in https://readthedocs.org,hackerone.com/reports/290889,0,0.0,,2017-11-16
290930,HackerOne,Information Disclosure when /invitations/<token>.json is not yet accepted,hackerone.com/reports/290930,25,0.0,Information Disclosure,2019-12-06
290955,Ed,Chrome Extension is vulnerable to the self-DOS issues in case it process the security.txt with a big size,hackerone.com/reports/290955,32,0.0,Uncontrolled Resource Consumption,2017-12-18
291012,"OWOX, Inc.",Server-side cache poisoning leads to the http://my.dev.owox.com inaccessibility,hackerone.com/reports/291012,18,0.0,,2017-11-23
291057,Valve,MySQL username and password leaked in developer.valvesoftware.com via source code dislosure,hackerone.com/reports/291057,121,0.0,Password in Configuration File,2018-05-07
291200,Kaspersky,Hard Coded username and password in registry,hackerone.com/reports/291200,17,0.0,Use of Hard-coded Credentials,2018-05-06
291489,Monero,Kovri: potential buffer over-read in garlic clove handling + I2NP message creation,hackerone.com/reports/291489,14,0.0,Information Disclosure,2017-12-05
291531,HackerOne,Introspection query leaks sensitive graphql system information.,hackerone.com/reports/291531,22,0.0,Violation of Secure Design Principles,2017-11-22
291539,Automattic,[Simplenote for Windows] Client RCE via External JavaScript Inclusion leveraging Electron,hackerone.com/reports/291539,19,0.0,Code Injection,2017-12-01
291683,Automattic,Crafted frame injection leading to form-based UI redressing.,hackerone.com/reports/291683,14,0.0,UI Redressing (Clickjacking),2017-12-31
291721,HackerOne,IDOR on Program Visibilty (Revealed / Concealed) against other team members,hackerone.com/reports/291721,33,0.0,Insecure Direct Object Reference (IDOR),2017-11-23
291750,Valve,Link filter protection bypass,hackerone.com/reports/291750,53,0.0,Open Redirect,2018-05-09
291764,Nextcloud,SQL Injection found in NextCloud Android App Content Provider,hackerone.com/reports/291764,36,150.0,SQL Injection,2019-07-26
291822,Slack,Shared-channel BETA persists integration after unshare,hackerone.com/reports/291822,13,750.0,Business Logic Errors,2018-04-25
291878,WordPress,Arbitrary file deletion in wp-core - guides towards RCE and information disclosure,hackerone.com/reports/291878,17,0.0,Path Traversal,2018-08-29
292457,Valve,Reflected XSS in www.dota2.com,hackerone.com/reports/292457,30,0.0,Cross-site Scripting (XSS) - Reflected,2018-05-09
292500,Coinbase,User provided values passed to PHP unset() function,hackerone.com/reports/292500,1,0.0,Type Confusion,2018-04-09
292636,Unikrn,session_id is not being validated at email invitation endpoint,hackerone.com/reports/292636,8,0.0,Cross-Site Request Forgery (CSRF),2018-04-10
292673,Coursera,No Password Verification on  Changing Email Address Cause Account takeover   ,hackerone.com/reports/292673,21,0.0,Violation of Secure Design Principles,2018-05-19
292761,VK.com,Stealing Private Information in VK Android App through PlayerProxy Port Remotely,hackerone.com/reports/292761,50,700.0,Information Disclosure,2018-09-02
292783,Ed,Oauth flow on the comments widget login can lead to the access code leakage,hackerone.com/reports/292783,43,0.0,Improper Authentication - Generic,2017-11-24
292797,Ruby on Rails,ActionController::Parameters .each returns an unsafe hash,hackerone.com/reports/292797,4,0.0,,2020-05-18
292825,Ed,Possible to redirect to a (non-existing) subdomain after logging in via GitHub (leaking the token),hackerone.com/reports/292825,71,0.0,Open Redirect,2017-11-25
292997,VK.com,"XSS работающая по всему сайту, где есть упоминания",hackerone.com/reports/292997,7,0.0,Cross-site Scripting (XSS) - Generic,2017-12-31
293016,Unikrn,CSRF log victim into the attacker account,hackerone.com/reports/293016,17,0.0,Cross-Site Request Forgery (CSRF),2018-04-10
293105,ok.ru,XSS в личных сообщениях,hackerone.com/reports/293105,40,0.0,,2018-01-13
293126,Internet Bug Bounty,Multiple issues in Libxml2 (2.9.2 - 2.9.5),hackerone.com/reports/293126,2,0.0,Information Disclosure,2019-10-14
293299,HackerOne,Validation message in Bounty award endpoint can be used to determine program balances,hackerone.com/reports/293299,73,0.0,Information Disclosure,2017-11-29
293358,Uber,The Microsoft Store Uber App Does Not Implement Certificate Pinning,hackerone.com/reports/293358,7,0.0,Improper Certificate Validation,2017-12-24
293359,Uber,"The Uber Promo Customer Endpoint Does Not Implement Multifactor Authentication, Blacklisting or Rate Limiting",hackerone.com/reports/293359,5,0.0,Improper Restriction of Authentication Attempts,2017-12-24
293363,Uber,The Microsoft Store Uber App Does Not Implement Server-side Token Revocation,hackerone.com/reports/293363,3,0.0,Insufficient Session Expiration,2017-12-24
293490,Eternal,[www.zomato.com] Leaking Email Addresses of merchants via reset password feature,hackerone.com/reports/293490,113,0.0,Improper Access Control - Generic,2021-02-18
293581,VK.com,self-xss ads_easy_promote vk.com,hackerone.com/reports/293581,8,0.0,,2017-12-31
293593,HackerOne,Able To Check The Exact Bounty Balance of any Bug Bounty Program,hackerone.com/reports/293593,27,0.0,Information Disclosure,2017-12-06
293689,HackerOne,Query parameter reordering causes redirect page to render unsafe URL,hackerone.com/reports/293689,61,1500.0,Cross-site Scripting (XSS) - Reflected,2017-11-30
293743,Automattic,[public-api.wordpress.com] Stored XSS via Crafted Developer App Description,hackerone.com/reports/293743,9,0.0,Cross-site Scripting (XSS) - Stored,2017-12-01
294048,Ubiquiti Inc.,Stored XSS => community.ubnt.com ,hackerone.com/reports/294048,9,0.0,Cross-site Scripting (XSS) - Stored,2018-01-10
294147,Internet Bug Bounty,Mercurial git subrepo lead to arbritary command injection,hackerone.com/reports/294147,9,0.0,Command Injection - Generic,2019-09-26
294201,Semrush,subdomain takeover at news-static.semrush.com,hackerone.com/reports/294201,40,0.0,Improper Access Control - Generic,2018-01-10
294334,VK.com,clickjacking в /lead_forms_app.php,hackerone.com/reports/294334,11,0.0,,2018-04-02
294364,Tor,De-anonymization by visiting specially crafted bookmark.,hackerone.com/reports/294364,15,0.0,Information Disclosure,2018-07-03
294462,Ruby,NET::Ftp allows command injection in filenames,hackerone.com/reports/294462,28,0.0,Command Injection - Generic,2017-12-19
294505,Shopify,"Cross-site scripting in ""Contact customer"" form",hackerone.com/reports/294505,33,0.0,Cross-site Scripting (XSS) - Stored,2017-12-19
294568,RBKmoney,Information Disclosure - Composer.lock,hackerone.com/reports/294568,3,0.0,Information Disclosure,2018-01-29
294867,X / xAI,Improper Host Detection During Team Up  on tweetdeck.twitter.com,hackerone.com/reports/294867,19,0.0,,2018-01-04
294891,PortSwigger Web Security,Improper Certificate Validation,hackerone.com/reports/294891,0,0.0,Improper Certificate Validation,2018-01-02
294911,Mapbox,Admin Panel Accessed (OAuth Bypassed ) ,hackerone.com/reports/294911,132,4000.0,Command Injection - Generic,2017-12-21
295276,shopify-scripts,heap-use-after-free in OP_RESCUE,hackerone.com/reports/295276,4,800.0,Use After Free,2018-01-17
295330,WordPress,code.wordpress.net subdomain Takeover,hackerone.com/reports/295330,9,0.0,,2018-03-11
295339,Internet Bug Bounty,Mailsploit: a sender spoofing bug in over 30 email clients,hackerone.com/reports/295339,29,0.0,User Interface (UI) Misrepresentation of Critical Information,2019-09-19
295380,shopify-scripts,heap-buffer-overflow in OP_R_BREAK,hackerone.com/reports/295380,6,800.0,Heap Overflow,2018-01-17
295680,shopify-scripts,Invalid read leading to a segfault,hackerone.com/reports/295680,5,800.0,Out-of-bounds Read,2017-12-28
295740,Internet Bug Bounty,GarlicRust - heartbleed style vulnerability in major I2P C++ router implementations,hackerone.com/reports/295740,3,0.0,Buffer Over-read,2019-11-12
295865,RBKmoney,Open Redirection on auth.rbk.money,hackerone.com/reports/295865,7,0.0,Open Redirect,2018-01-26
295900,Infogram,New team invitation functionality allows extend team without upgrade,hackerone.com/reports/295900,6,0.0,Privilege Escalation,2017-12-11
296094,Inflection,Reflected Cross-site Scripting Vulnerability via JSON Error Message,hackerone.com/reports/296094,7,0.0,Cross-site Scripting (XSS) - Reflected,2018-02-09
296198,shopify-scripts,SEGV on ary_concat,hackerone.com/reports/296198,5,800.0,Memory Corruption - Generic,2018-01-17
296254,Node.js third-party modules,[serve-here] Static Web Server Directory Traversal via Crafted GET Request,hackerone.com/reports/296254,4,0.0,Path Traversal,2018-01-10
296282,Node.js third-party modules,[augustine] Static Web Server Directory Traversal via Crafted GET Request,hackerone.com/reports/296282,3,0.0,Path Traversal,2018-01-23
296305,Node.js third-party modules,[featurebook] Specification Server Directory Traversal via Crafted Browser Request,hackerone.com/reports/296305,4,0.0,Path Traversal,2018-01-10
296377,Node.js third-party modules,"[redis-commander] Reflected SWF XSS via vulnerable ""clipboard.swf"" component",hackerone.com/reports/296377,4,0.0,Cross-site Scripting (XSS) - Reflected,2018-01-23
296622,VK.com,Blind XXE on pu.vk.com,hackerone.com/reports/296622,18,500.0,XML External Entities (XXE),2018-03-04
296632,Weblate,Audit log validation,hackerone.com/reports/296632,4,0.0,Improper Neutralization of HTTP Headers for Scripting Syntax,2018-08-28
296645,Node.js third-party modules,[lactate] Static Web Server Directory Traversal via Crafted GET Request,hackerone.com/reports/296645,3,0.0,Path Traversal,2018-01-23
296701,Uber,SSL-protected Reflected XSS in m.uber.com,hackerone.com/reports/296701,3,0.0,Cross-site Scripting (XSS) - Reflected,2017-12-26
296706,HackerOne,Open redirect deceive in hackerone.com via another open redirect link.,hackerone.com/reports/296706,7,0.0,Open Redirect,2017-12-13
296907,GitLab,Lack of validation before assigning custom domain names leading to abuse of GitLab pages service,hackerone.com/reports/296907,2,0.0,Phishing,2018-02-01
296991,Internet Bug Bounty,Exim use-after-free vulnerability while reading mail header involving BDAT commands,hackerone.com/reports/296991,6,0.0,Use After Free,2019-11-12
296994,Internet Bug Bounty,Exim handles BDAT data incorrectly and leads to crash/hang,hackerone.com/reports/296994,3,0.0,Uncontrolled Resource Consumption,2019-11-12
297181,HackerOne,Common response suggestion is sent to Google Analytics when user accepts duplicate comment Genius suggestion,hackerone.com/reports/297181,37,500.0,Violation of Secure Design Principles,2018-01-22
297198,Deriv.com,Leaking Referrer in Reset Password Link,hackerone.com/reports/297198,14,50.0,Violation of Secure Design Principles,2018-03-06
297203,Semrush,Reflected XSS using Header Injection,hackerone.com/reports/297203,25,0.0,Cross-site Scripting (XSS) - Reflected,2018-01-18
297359,X / xAI,No Rate Limit in email leads to huge Mass mailings,hackerone.com/reports/297359,19,0.0,Business Logic Errors,2018-06-01
297383,shopify-scripts,mruby heredoc notation,hackerone.com/reports/297383,4,0.0,Uncontrolled Resource Consumption,2018-01-10
297434,Deconf,Unauthenticated Reflected XSS in admin dashboard,hackerone.com/reports/297434,13,0.0,Cross-site Scripting (XSS) - Reflected,2017-12-19
297478,GSA Bounty,SQL injection in https://labs.data.gov/dashboard/datagov/csv_to_json via User-agent ,hackerone.com/reports/297478,699,0.0,SQL Injection,2019-03-22
297534,Eternal,[www.zomato.com] Boolean SQLi - /█████.php,hackerone.com/reports/297534,41,1000.0,SQL Injection,2018-03-29
297547,Automattic,Improper markup sanitisation in Simplenote Android application.,hackerone.com/reports/297547,16,0.0,UI Redressing (Clickjacking),2018-02-13
297751,Nextcloud,Registered users can change app password permissions for any user,hackerone.com/reports/297751,18,100.0,Insecure Direct Object Reference (IDOR),2018-02-08
297803,Unikrn,[crm.unikrn.com] Open Redirect,hackerone.com/reports/297803,50,0.0,Open Redirect,2020-04-05
297968,X / xAI,Persistent DOM-based XSS in https://help.twitter.com via localStorage,hackerone.com/reports/297968,84,0.0,Cross-site Scripting (XSS) - Stored,2018-02-24
298028,Inflection,Clickjacking on https://www.goodhire.com/api,hackerone.com/reports/298028,12,0.0,UI Redressing (Clickjacking),2018-05-10
298176,GitLab,SQL injection in MilestoneFinder order method,hackerone.com/reports/298176,41,2000.0,SQL Injection,2018-04-27
298218,WordPress,"antispambot does not always escape <, >, &, "" and '",hackerone.com/reports/298218,3,0.0,Cross-site Scripting (XSS) - Generic,2019-09-16
298246,Ruby,controlled buffer under-read in pack_unpack_internal(),hackerone.com/reports/298246,12,0.0,Buffer Under-read,2018-03-30
298265,HackerOne,HTTP Parameter Pollution using semicolons in iframe element at hackerone.com/careers allows loading external Greenhouse forms,hackerone.com/reports/298265,65,0.0,,2018-03-13
298862,Uber,It's possible to view configuration and/or source code on uchat.awscorp.uberinternal.com without ,hackerone.com/reports/298862,7,0.0,Improper Authentication - Generic,2017-12-26
298873,GitLab,Command injection by overwriting authorized_keys file through GitLab import,hackerone.com/reports/298873,50,2000.0,Command Injection - Generic,2018-04-27
298888,Uber,Design Issue at riders.uber.com/profile,hackerone.com/reports/298888,1,0.0,Business Logic Errors,2017-12-28
298990,Uber,Configuration and/or source code files on uchat-staging.uberinternal.com can be viewed without OneLogin SSO Authentication ,hackerone.com/reports/298990,6,0.0,Improper Authentication - Generic,2017-12-26
299009,Semrush,Single Sing On - Clickjacking,hackerone.com/reports/299009,11,0.0,UI Redressing (Clickjacking),2018-02-21
299034,RBKmoney,Text manipulation in https://checkout.rbk.money,hackerone.com/reports/299034,2,0.0,Code Injection,2018-01-29
299112,WordPress,MediaElements XSS,hackerone.com/reports/299112,9,0.0,Cross-site Scripting (XSS) - Reflected,2018-02-15
299241,Informatica,[marketplace.informatica.com] -  Template Injection,hackerone.com/reports/299241,12,0.0,Code Injection,2018-01-02
299334,Mavenlink,Information disclosure when trying to delete an expense's attachment on m.mavenlink.com  ,hackerone.com/reports/299334,17,0.0,Information Disclosure,2018-01-20
299403,HackerOne,Domain spoofing in redirect page using RTLO,hackerone.com/reports/299403,47,0.0,Open Redirect,2018-01-30
299424,Shopify,Bypass Filter and get Stored Xss ,hackerone.com/reports/299424,34,3000.0,Cross-site Scripting (XSS) - Stored,2018-12-12
299460,Ed,Fix for self-DoS in Security-txt Chrome Extension.,hackerone.com/reports/299460,10,0.0,Uncontrolled Resource Consumption,2017-12-19
299473,GitLab,Evaluating Ruby code by injecting Rescue job on the system_hook_push queue through web hook,hackerone.com/reports/299473,35,750.0,Server-Side Request Forgery (SSRF),2018-04-27
299728,HackerOne,Markdown parsing issue enables insertion of malicious tags and event handlers,hackerone.com/reports/299728,184,5000.0,Cross-site Scripting (XSS) - Stored,2018-01-29
299835,GSA Bounty,Link poisoning on https://secure.login.gov/ login page,hackerone.com/reports/299835,60,150.0,Open Redirect,2019-03-25
299924,RBKmoney,DOM-based Cross-Site Scripting in redirect url checkout,hackerone.com/reports/299924,8,0.0,Cross-site Scripting (XSS) - DOM,2018-02-07
300080,Uber,SSL-protected Reflected XSS in https://m.uber.com/0-dfffb25d2cf6ceeb0a27.js Endpoint,hackerone.com/reports/300080,3,0.0,Cross-site Scripting (XSS) - Reflected,2017-12-26
300081,Uber,SSL-protected Reflected XSS in https://m.uber.com/0-dfffb25d2cf6ceeb0a27.js Endpoint,hackerone.com/reports/300081,3,0.0,Cross-site Scripting (XSS) - Reflected,2017-12-26
300099,Eternal,[www.zomato.com] Privilege Escalation - Control reviews - /████dashboard_handler.php,hackerone.com/reports/300099,18,300.0,Privilege Escalation,2018-03-29
300101,Uber,lite:sess Query Parameter Can Generate SSL-protected Reflected XSS in https://m.uber.com/0-dfffb25d2cf6ceeb0a27.js Endpoint,hackerone.com/reports/300101,3,0.0,Cross-site Scripting (XSS) - Reflected,2017-12-26
300102,Uber,muber-id Query Parameter Can Generate SSL-protected Reflected XSS in https://m.uber.com/0-dfffb25d2cf6ceeb0a27.js Endpoint,hackerone.com/reports/300102,5,0.0,Cross-site Scripting (XSS) - Reflected,2017-12-26
300103,Uber,udi-id Query Parameter Can Generate SSL-protected Reflected XSS in https://m.uber.com/0-dfffb25d2cf6ceeb0a27.js Endpoint,hackerone.com/reports/300103,3,0.0,Cross-site Scripting (XSS) - Reflected,2017-12-26
300164,Hiro,REDIRECTION VULNERABILITY/HOST HEADER INJECTION VULNERABILITY,hackerone.com/reports/300164,20,0.0,Open Redirect,2025-10-31
300176,Eternal,[https://reviews.zomato.com] Time Based SQL Injection,hackerone.com/reports/300176,72,1000.0,SQL Injection,2018-02-02
300179,Mavenlink,User uploaded portfolio files can be accessed by any user even after deleted,hackerone.com/reports/300179,43,0.0,Insecure Direct Object Reference (IDOR),2019-02-27
300181,Brave Software,Torrent Viewer extension web service available on all interfaces,hackerone.com/reports/300181,9,0.0,Information Disclosure,2018-01-26
300270,Automattic,Stored XSS in learnboost.com via the lesson[goals] parameter.,hackerone.com/reports/300270,21,0.0,Cross-site Scripting (XSS) - Stored,2018-04-22
300301,Unikrn,"[unikrn.com] Profile updated with error"":true,""success"":false""",hackerone.com/reports/300301,4,0.0,,2019-06-12
300305,Shopify,Ability to bypass partner email confirmation to take over any store given an employee email,hackerone.com/reports/300305,270,15250.0,Time-of-check Time-of-use (TOCTOU) Race Condition,2018-02-07
300454,Eternal,[www.zomato.com] Privilege Escalation - /php/restaurant_menus_handler.php,hackerone.com/reports/300454,26,200.0,Privilege Escalation,2018-03-29
300513,U.S. Dept Of Defense,WebLogic Server Side Request Forgery,hackerone.com/reports/300513,6,0.0,Server-Side Request Forgery (SSRF),2019-12-02
300532,Concrete CMS,Stored XSS on Add Event in Calendar,hackerone.com/reports/300532,7,0.0,Cross-site Scripting (XSS) - Stored,2018-09-01
300539,U.S. Dept Of Defense,SharePoint exposed web services,hackerone.com/reports/300539,7,0.0,Information Disclosure,2019-12-02
300540,U.S. Dept Of Defense,SharePoint exposed web services,hackerone.com/reports/300540,6,0.0,Information Disclosure,2019-12-02
300571,Concrete CMS,Stored XSS on Add Calendar,hackerone.com/reports/300571,7,0.0,Cross-site Scripting (XSS) - Stored,2018-09-01
300622,VK.com,"Монипулирование на страницах пользоватлей значением ""Подсказывать стикеры в полях ввода""",hackerone.com/reports/300622,7,100.0,CRLF Injection,2018-02-09
300748,Coinbase,Ethereum account balance manipulation,hackerone.com/reports/300748,276,0.0,Business Logic Errors,2018-03-21
300779,Uber,Hack The World 2017 Top 2 Bonus,hackerone.com/reports/300779,61,5000.0,,2018-11-13
300812,Automattic,Stored XSS in www.learnboost.com via ZIP codes.,hackerone.com/reports/300812,17,0.0,Cross-site Scripting (XSS) - Stored,2018-04-22
300881,Mavenlink,Account members can re-add themselve after has been deleted by administrator,hackerone.com/reports/300881,14,0.0,Privilege Escalation,2018-05-03
300999,VK.com,CSRF в m.vk.com,hackerone.com/reports/300999,13,100.0,Cross-Site Request Forgery (CSRF),2021-11-05
301137,GitLab,GitHub import allows user to create child group under existing namespace,hackerone.com/reports/301137,14,750.0,Improper Access Control - Generic,2018-05-24
301257,Eternal,[www.zomato.com] Boolean SQLi - /███████.php,hackerone.com/reports/301257,35,1000.0,SQL Injection,2018-03-29
301406,Ubiquiti Inc.,Unrestricted File System Access via Twig Template Injection on dev-ucrm-billing-demo.ubnt.com,hackerone.com/reports/301406,47,0.0,,2018-03-07
301432,GitLab,GitLab CI runner can read and poison cache of all other projects,hackerone.com/reports/301432,43,2000.0,Path Traversal,2018-04-27
301458,Automattic,Remote Code Execution in Wordpress Desktop,hackerone.com/reports/301458,10,0.0,Code Injection,2018-04-14
301526,HackerOne,Invitation token leaks to https://bat.bing.com,hackerone.com/reports/301526,36,0.0,Information Disclosure,2018-01-11
301572,VK.com,"Просмотр части номера телефона и отправка на него SMS, всего раз скомпроментировав аккаунт",hackerone.com/reports/301572,8,100.0,Business Logic Errors,2018-04-06
301586,VK.com,CSRF на установку своей почты к аккаунту.,hackerone.com/reports/301586,23,0.0,Cross-Site Request Forgery (CSRF),2021-05-23
301592,Concrete CMS,Host Header Injection allow HiJack Password Reset Link,hackerone.com/reports/301592,1,0.0,,2018-01-12
301631,VK.com,"CSRF на ""ловлю гостей"" и раскрытие аудиотрансляции в частной группе",hackerone.com/reports/301631,7,100.0,Cross-Site Request Forgery (CSRF),2018-04-26
301812,Snapchat,Bitmoji source code is accessible,hackerone.com/reports/301812,91,1000.0,Information Exposure Through Directory Listing,2021-07-31
301831,Starbucks,"Leaking sensitive files on Github leads to internal files (python scripts,SQL files)",hackerone.com/reports/301831,73,0.0,Information Disclosure,2018-05-17
301862,HackerOne,Path traversal leading to limited CSRF on GET requests on two endpoints,hackerone.com/reports/301862,41,0.0,,2019-04-05
301919,Mavenlink,CSRF Add user templates,hackerone.com/reports/301919,18,0.0,Cross-Site Request Forgery (CSRF),2019-02-27
301924,GitLab,SSRF vulnerability in gitlab.com webhook,hackerone.com/reports/301924,10,0.0,Server-Side Request Forgery (SSRF),2018-04-30
301973,Paragon Initiative Enterprises,Airship: Persistent XSS via Comment,hackerone.com/reports/301973,4,0.0,Cross-site Scripting (XSS) - Stored,2018-04-24
302253,ok.ru,Очень жесткая XSS в личных сообщениях m.ok.ru,hackerone.com/reports/302253,40,0.0,Cross-site Scripting (XSS) - Stored,2018-06-30
302298,Ruby,Unintentional file creation caused at Tempfile with directory traversal,hackerone.com/reports/302298,15,0.0,Improper Access Control - Generic,2018-04-01
302338,Ruby,The possibility that unintended file operation may be performed because some methods of `Dir` do not check NULL characters.,hackerone.com/reports/302338,13,0.0,Improper Access Control - Generic,2018-04-01
302620,HackerOne,Partial disclosure of undisclosed programs through <meta> tags,hackerone.com/reports/302620,6,0.0,Information Disclosure,2018-01-11
302651,PortSwigger Web Security,Leak of Platform Authentication credentials via Repeater,hackerone.com/reports/302651,15,200.0,Information Disclosure,2018-06-13
302731,Mavenlink,Users email can be changed without verification,hackerone.com/reports/302731,17,0.0,Business Logic Errors,2018-04-27
302885,HackerOne,ImageMagick GIF coder vulnerability leading to memory disclosure,hackerone.com/reports/302885,44,500.0,Information Disclosure,2018-02-07
302997,Ruby,Unix domain socket and a path containing a null character,hackerone.com/reports/302997,17,0.0,Improper Access Control - Generic,2018-03-31
303062,VK.com,Раскрытие названия частной группы через старый бокс просмотра фото.,hackerone.com/reports/303062,15,100.0,Information Disclosure,2021-12-01
303299,HackerOne,Missing Password Confirmation at a Critical Function (Payout Method),hackerone.com/reports/303299,10,0.0,Violation of Secure Design Principles,2018-01-10
303322,Coursera,[www.coursera.org] Leaking password reset link on referrer header,hackerone.com/reports/303322,9,0.0,Violation of Secure Design Principles,2018-02-14
303390,Monero,"remote access to localhost daemon, can issue jsonrpc commands",hackerone.com/reports/303390,9,0.0,Cross-Site Request Forgery (CSRF),2018-02-22
303480,Deconf,Reflected XSS in admin settings,hackerone.com/reports/303480,1,0.0,Cross-site Scripting (XSS) - Reflected,2018-02-24
303522,Eternal,Zomato.com Reflected Cross Site Scripting,hackerone.com/reports/303522,13,100.0,Cross-site Scripting (XSS) - Reflected,2018-04-08
303632,Node.js third-party modules,Fastify denial-of-service vulnerability with large JSON payloads,hackerone.com/reports/303632,25,0.0,Uncontrolled Resource Consumption,2018-01-25
303730,GSA Bounty,Defacement of catalog.data.gov via web cache poisoning to stored DOMXSS,hackerone.com/reports/303730,93,750.0,Cross-site Scripting (XSS) - Stored,2018-11-01
304073,Hiro,Missing restriction on string size of Full Name at browser.blockstack.org,hackerone.com/reports/304073,12,0.0,,2025-10-31
304115,Ruby,Integer Underflow @ ossl_cipher_pkcs5_keyivgen ,hackerone.com/reports/304115,0,0.0,Integer Underflow,2018-02-23
304175,Ubiquiti Inc.,Reflected XSS,hackerone.com/reports/304175,16,0.0,Cross-site Scripting (XSS) - Reflected,2018-09-25
304190,Uber,ubernycmarketplace.com is vulnerable to the Heartbleed Bug,hackerone.com/reports/304190,112,1500.0,Information Disclosure,2020-04-23
304240,Grab,Unrestricted access to Eureka server on ██████,hackerone.com/reports/304240,17,500.0,Improper Access Control - Generic,2018-02-06
304378,Internet Bug Bounty,ACME TLS-SNI-01/02 challenge vulnerable when combined with shared hosting providers,hackerone.com/reports/304378,35,0.0,Privilege Escalation,2018-05-19
304386,Grab,Unrestricted access to https://██████.█████myteksi.net/,hackerone.com/reports/304386,23,250.0,Improper Access Control - Generic,2018-02-12
304642,Concrete CMS,Administrators can add other administrators,hackerone.com/reports/304642,2,0.0,Privilege Escalation,2020-05-11
304770,Monero,Corrupt RPC responses from remote daemon nodes can lead to transaction tracing,hackerone.com/reports/304770,13,0.0,Privacy Violation,2018-03-16
305128,Yelp,ClickJacking on IMPORTANT Functions of Yelp,hackerone.com/reports/305128,5,0.0,UI Redressing (Clickjacking),2020-08-21
305518,Slack,Information leakage and default open port,hackerone.com/reports/305518,41,0.0,,2019-06-22
305972,Internet Bug Bounty,Potential infinite loop in gdImageCreateFromGifCtx!,hackerone.com/reports/305972,8,500.0,Uncontrolled Resource Consumption,2019-11-12
305973,Internet Bug Bounty,Inappropriately parsing HTTP response leads to PHP segment fault!,hackerone.com/reports/305973,6,500.0,NULL Pointer Dereference,2019-11-12
306733,HackerOne,Submitted reports state logs leakage,hackerone.com/reports/306733,16,0.0,Information Disclosure,2018-01-19
307050,Grab,Leak ██████████ information in real time through API request,hackerone.com/reports/307050,103,3000.0,Improper Authentication - Generic,2018-02-03
307239,Coinbase,Double Payout via PayPal,hackerone.com/reports/307239,320,10000.0,Business Logic Errors,2018-04-04
307424,HackerOne,While adding a payment method - Notification email not sent to newly added email ID as well as there is no verification for new email id (Paypal),hackerone.com/reports/307424,10,0.0,Violation of Secure Design Principles,2018-01-23
307666,Node.js third-party modules,[serve] Directory index of arbitrary folder available due to lack of sanitization of %2e and %2f characters in url,hackerone.com/reports/307666,10,0.0,Path Traversal,2018-01-23
307808,Ruby on Rails,Path Traversal on Default Installed Rails Application (Asset Pipeline),hackerone.com/reports/307808,38,1500.0,Path Traversal,2018-07-19
308156,Nextcloud,Email Notification should be get while changing password on apps.nextcloud.com,hackerone.com/reports/308156,7,0.0,,2018-02-28
308158,Node.js third-party modules,[html-janitor] Bypassing sanitization using DOM clobbering,hackerone.com/reports/308158,11,0.0,Business Logic Errors,2018-02-05
308355,VK.com,Opcode Cache,hackerone.com/reports/308355,11,0.0,Information Disclosure,2018-02-22
308394,Khan Academy,CSRF token fixation and potential account takeover,hackerone.com/reports/308394,8,0.0,Violation of Secure Design Principles,2018-04-19
308610,Valve,Read Access to all comments on unauthorized forums' discussions! IDOR! ,hackerone.com/reports/308610,33,500.0,Insecure Direct Object Reference (IDOR),2018-05-09
308721,Node.js third-party modules,[serve] Directory listing and File access even when they have been set to be ignored.,hackerone.com/reports/308721,15,0.0,Information Exposure Through Directory Listing,2018-03-13
309058,WordPress,Open Redirect on the nl.wordpress.net,hackerone.com/reports/309058,14,0.0,Open Redirect,2018-02-22
309367,Node.js third-party modules,[metascraper] Stored XSS in Open Graph meta properties read by metascrapper,hackerone.com/reports/309367,7,0.0,Cross-site Scripting (XSS) - Stored,2018-03-28
309531,Rockstar Games,Stored XSS in Snapmatic + R★Editor comments,hackerone.com/reports/309531,118,0.0,Cross-site Scripting (XSS) - Stored,2018-04-19
309537,VK.com,Backup Source Code Detected,hackerone.com/reports/309537,10,0.0,Information Disclosure,2018-02-24
309594,VK.com,error,hackerone.com/reports/309594,10,0.0,Information Disclosure,2018-02-24
309714,WordPress,[support.wordcamp.org] - publicly accessible .svn repository,hackerone.com/reports/309714,12,0.0,Improper Access Control - Generic,2018-02-01
310031,U.S. Dept Of Defense,SQL injection on █████ due to tech.cfm ,hackerone.com/reports/310031,12,0.0,SQL Injection,2019-10-08
310036,U.S. Dept Of Defense,SSRF vulnerability on ██████████ leaks internal IP and various sensitive information,hackerone.com/reports/310036,30,0.0,Server-Side Request Forgery (SSRF),2019-12-02
310106,Node.js third-party modules,[glance] Path Traversal in glance static file server allows to read content of arbitrary file,hackerone.com/reports/310106,7,0.0,Path Traversal,2018-03-04
310133,Node.js third-party modules,[glance] Stored XSS via file name allows to run arbitrary JavaScript when directory listing is displayed in browser,hackerone.com/reports/310133,4,0.0,Cross-site Scripting (XSS) - Stored,2018-04-15
310185,GitLab,"Removing a user from a private group doesn't remove him from group's project, if his project's role was changed",hackerone.com/reports/310185,14,0.0,Improper Access Control - Generic,2019-04-05
310280,MapsMarker.com e.U.,[Informational] Possible SQL Injection in inc/ajax-actions-frontend.php,hackerone.com/reports/310280,15,0.0,SQL Injection,2018-06-17
310339,ok.ru,Хранимая XSS в личных сообщениях новое место,hackerone.com/reports/310339,15,0.0,,2019-12-02
310439,Node.js third-party modules,Prototype pollution attack (Hoek),hackerone.com/reports/310439,4,0.0,Uncontrolled Resource Consumption,2018-02-13
310443,Node.js third-party modules,Prototype pollution attack (lodash),hackerone.com/reports/310443,11,0.0,Uncontrolled Resource Consumption,2018-02-13
310446,Node.js third-party modules,Prototype pollution attack (deap),hackerone.com/reports/310446,2,0.0,,2018-04-15
310514,Node.js third-party modules,Prototype pollution attack (defaults-deep),hackerone.com/reports/310514,3,0.0,Uncontrolled Resource Consumption,2018-02-15
310690,Node.js third-party modules,[crud-file-server] Path Traversal allows to read arbitrary file from the server,hackerone.com/reports/310690,8,0.0,Path Traversal,2018-04-03
310706,Node.js third-party modules,Prototype pollution attack (merge-objects),hackerone.com/reports/310706,1,0.0,,2018-04-15
310707,Node.js third-party modules,Prototype pollution attack (assign-deep),hackerone.com/reports/310707,4,0.0,Uncontrolled Resource Consumption,2018-02-15
310943,Node.js third-party modules,[general-file-server] Path Traversal vulnerability allows to read content on arbitrary file on the server,hackerone.com/reports/310943,9,0.0,Path Traversal,2018-03-10
310946,HackerOne,"The request tells the number of private programs, the new system of authorization /invite/token",hackerone.com/reports/310946,71,2000.0,Information Disclosure,2018-02-14
311058,Informatica,[http://www.informatica.com]- info disclosure,hackerone.com/reports/311058,9,0.0,Information Disclosure,2018-02-26
311101,Node.js third-party modules,[crud-file-server] Stored XSS in filenames when directory index is served by crud-file-server,hackerone.com/reports/311101,4,0.0,Cross-site Scripting (XSS) - Stored,2018-02-17
311218,Node.js third-party modules,[hekto] Path Traversal vulnerability allows to read content of arbitrary files,hackerone.com/reports/311218,12,0.0,Path Traversal,2018-02-26
311236,Node.js third-party modules,Prototype pollution attack (mixin-deep),hackerone.com/reports/311236,4,0.0,Uncontrolled Resource Consumption,2018-02-15
311244,Node.js third-party modules,[query-mysql] SQL Injection due to lack of user input sanitization allows to run arbitrary SQL queries when fetching data from database,hackerone.com/reports/311244,14,0.0,SQL Injection,2018-05-19
311289,GSA Bounty,CI for [example.gov] can be logged in and accessible,hackerone.com/reports/311289,49,2000.0,Improper Access Control - Generic,2018-02-07
311326,X / xAI,"ms5 debug page exposing internal info (internal IPs, headers)",hackerone.com/reports/311326,19,280.0,Information Exposure Through Debug Information,2018-05-11
311333,Node.js third-party modules,Prototype pollution attack (deep-extend),hackerone.com/reports/311333,4,0.0,,2018-04-15
311336,Node.js third-party modules,Prototype pollution attack (merge-options),hackerone.com/reports/311336,1,0.0,,2018-04-15
311337,Node.js third-party modules,Prototype pollution attack (merge-recursive),hackerone.com/reports/311337,1,0.0,,2018-04-15
311449,HackerOne,Reputation gain split by company can be used to track the existence of otherwise undisclosed reports,hackerone.com/reports/311449,4,0.0,Information Disclosure,2018-02-02
311639,Eternal,Reflected XSS on https://www.zomato.com,hackerone.com/reports/311639,14,0.0,Cross-site Scripting (XSS) - Reflected,2018-04-07
311884,Ubiquiti Inc.,Format String Vulnerability in the EdgeSwitch restricted CLI,hackerone.com/reports/311884,7,0.0,Use of Externally-Controlled Format String,2018-06-19
311913,VK.com,Reflected XSS в m.vk.com,hackerone.com/reports/311913,21,500.0,,2021-11-05
311922,U.S. Dept Of Defense, SQL injection ,hackerone.com/reports/311922,29,0.0,SQL Injection,2018-04-17
312292,Informatica,[https://life.informatica.com] - information disclose ,hackerone.com/reports/312292,4,0.0,Information Disclosure,2019-07-12
312647,Discourse,Gaining access to private topics using quoting feature,hackerone.com/reports/312647,19,256.0,Improper Access Control - Generic,2018-03-17
312918,Node.js third-party modules,[public] Path Traversal allows to read content of arbitrary files,hackerone.com/reports/312918,4,0.0,Path Traversal,2018-02-17
313037,U.S. Dept Of Defense,Blind SQL injection on ████████,hackerone.com/reports/313037,15,0.0,SQL Injection,2019-10-08
313050,Eternal,IDOR in treat subscriptions,hackerone.com/reports/313050,11,0.0,Insecure Direct Object Reference (IDOR),2018-04-25
313075,HackerOne,Information Disclosure which violate program privacy,hackerone.com/reports/313075,5,0.0,Privacy Violation,2018-02-20
313245,Ubiquiti Inc.,Code Execution in restricted CLI of EdgeSwitch,hackerone.com/reports/313245,8,0.0,Command Injection - Generic,2018-06-19
313250,Valve,Xss was found by exploiting the URL markdown on http://store.steampowered.com,hackerone.com/reports/313250,30,1000.0,Cross-site Scripting (XSS) - DOM,2018-05-09
313457,Snapchat,Publicly accessible Continuous Integration Tool,hackerone.com/reports/313457,562,0.0,Improper Access Control - Generic,2021-07-29
315037,Node.js third-party modules,Media parsing in canvas is at least vulnerable to Denial of Service through multiple vulnerabilities,hackerone.com/reports/315037,0,0.0,Classic Buffer Overflow,2019-04-03
315205,Greenhouse.io,Debug information disclosure on oauth-redirector.services.greenhouse.io,hackerone.com/reports/315205,34,0.0,Information Exposure Through Debug Information,2020-02-29
315256,Valve,ImageMagick GIF coder vulnerability leading to memory disclosure,hackerone.com/reports/315256,85,0.0,Information Disclosure,2018-07-02
315512,"Coalition, Inc.",No authentication on email address for password reset functionality/ https://platform.thecoalition.com/forgot-password,hackerone.com/reports/315512,6,0.0,Improper Authentication - Generic,2018-05-03
315760,Node.js third-party modules,Path Traversal on Resolve-Path,hackerone.com/reports/315760,7,0.0,Path Traversal,2018-02-22
315773,Node.js third-party modules,Remote Command Execution vulnerability in pullit,hackerone.com/reports/315773,7,0.0,Command Injection - Generic,2018-06-14
315838,"Coalition, Inc.",Non-Cloudflare IPs allowed to access origin servers,hackerone.com/reports/315838,26,0.0,Violation of Secure Design Principles,2018-05-28
315865,Coinbase,Stored CSS Injection,hackerone.com/reports/315865,15,0.0,Resource Injection,2018-04-02
315879,Starbucks,Able to reset other user's password in https://card.starbucks.com.sg/,hackerone.com/reports/315879,18,0.0,Improper Authentication - Generic,2018-07-23
315906,X / xAI,CVE-2017-15277 on Profile page,hackerone.com/reports/315906,23,0.0,Information Disclosure,2018-03-08
316078,VK.com,"Обходим 2FA и/или получаем access_token, если мы когда-либо были на аккаунте жертвы",hackerone.com/reports/316078,11,300.0,Improper Authentication - Generic,2019-07-04
316290,Coinbase,Prepopulation of email address and name leaks information provided to other merchants,hackerone.com/reports/316290,16,0.0,UI Redressing (Clickjacking),2018-04-02
316319,Semrush,XSS on redirection page( Bypassed) ,hackerone.com/reports/316319,15,0.0,Cross-site Scripting (XSS) - Reflected,2018-06-13
316346,Node.js third-party modules,[public] Stored XSS in filenames in directory served by public,hackerone.com/reports/316346,5,0.0,Cross-site Scripting (XSS) - Stored,2018-04-15
316475,VK.com,Reflected xss в m.vk.com/chatjoin,hackerone.com/reports/316475,36,500.0,Cross-site Scripting (XSS) - Reflected,2021-11-05
316789,Starbucks,Able to purchase a gift card with any amount,hackerone.com/reports/316789,41,0.0,Insecure Direct Object Reference (IDOR),2018-07-20
316810,HackerOne,Can read features from any user,hackerone.com/reports/316810,28,250.0,Information Disclosure,2018-03-12
316948,Rockstar Games,SocialClub's Facebook OAuth Theft through Warehouse XSS.,hackerone.com/reports/316948,17,0.0,Cross-Site Request Forgery (CSRF),2018-04-23
317125,Node.js third-party modules,[bracket-template] Reflected XSS possible when variable passed via GET parameter is used in template,hackerone.com/reports/317125,9,0.0,Cross-site Scripting (XSS) - Reflected,2018-04-09
317201,vulners.com,[vulners.com] nginx alias_traversal,hackerone.com/reports/317201,14,0.0,Information Disclosure,2018-05-03
317321,RubyGems,Delete directory using symlink when decompressing tar,hackerone.com/reports/317321,35,500.0,Path Traversal,2019-04-11
317332,Vend VDP,Improper access control on adding a Register to an Outlet,hackerone.com/reports/317332,19,0.0,Insecure Direct Object Reference (IDOR),2018-05-02
317388,Uber,Delay of arrears notification allows Riders to take multiple rides without paying,hackerone.com/reports/317388,11,0.0,Business Logic Errors,2018-11-13
317476,X / xAI,Account Takeover in Periscope TV,hackerone.com/reports/317476,212,0.0,Cross-site Scripting (XSS) - Generic,2018-09-06
317543,HackerOne,Unicorn worker pool exhaustion by continuously updating payout preferences,hackerone.com/reports/317543,25,0.0,Uncontrolled Resource Consumption,2018-03-30
317548,Node.js third-party modules,Regular Expression Denial of Service (ReDoS),hackerone.com/reports/317548,2,0.0,Uncontrolled Resource Consumption,2019-04-03
317931,Brave Software,Bypassing Homograph Attack Using /@ [ Tested On Windows ],hackerone.com/reports/317931,15,0.0,Violation of Secure Design Principles,2018-02-23
317985,VK.com,Просмотр приватных видео записей у Пользователей,hackerone.com/reports/317985,34,300.0,Information Disclosure,2018-07-06
318099,Grab,Registration enabled on ███grab.com,hackerone.com/reports/318099,32,0.0,Information Disclosure,2018-02-28
318399,HackerOne,Program profile_metrics.json contains time to triage for deptofdefense even it's turned off,hackerone.com/reports/318399,27,250.0,Information Disclosure,2018-03-09
319003,Node.js third-party modules,[stattic] Inproper path validation leads to Path Traversal and allows to read arbitrary files with any extension(s),hackerone.com/reports/319003,7,0.0,Path Traversal,2018-03-06
319036,Brave Software,There is vulnebility Click Here TO fix,hackerone.com/reports/319036,8,0.0,Improper Restriction of Authentication Attempts,2019-02-19
319279,Khan Academy,[critical] sql injection by GET method,hackerone.com/reports/319279,22,0.0,SQL Injection,2018-03-06
319465,Node.js third-party modules,"`sql` does not properly escape parameters when building SQL queries, resulting in potential SQLi",hackerone.com/reports/319465,2,0.0,SQL Injection,2018-05-12
319467,Node.js third-party modules,`macaddress` concatenates unsanitized input into exec() command,hackerone.com/reports/319467,5,0.0,Command Injection - Generic,2018-05-11
319476,Node.js third-party modules,`whereis` concatenates unsanitized input into exec() command,hackerone.com/reports/319476,9,0.0,Command Injection - Generic,2018-03-28
319576,Node.js third-party modules,`protobufjs` is vulnerable to ReDoS when parsing crafted invalid *.proto files,hackerone.com/reports/319576,10,0.0,Uncontrolled Resource Consumption,2018-03-31
319593,Node.js third-party modules,`sshpk` is vulnerable to ReDoS when parsing crafted invalid public keys,hackerone.com/reports/319593,5,0.0,Uncontrolled Resource Consumption,2018-04-04
319629,Node.js third-party modules,`rgb2hex` is vulnerable to ReDoS when parsing crafted invalid colors,hackerone.com/reports/319629,3,0.0,Uncontrolled Resource Consumption,2019-12-13
319674,VK.com,Просмотр любого видео из частной группы и кто загрузил,hackerone.com/reports/319674,9,300.0,Information Disclosure,2018-04-02
319794,Node.js third-party modules,[m-server] HTML Injection in filenames displayed as directory listing in the browser allows to embed iframe with malicious JavaScript code,hackerone.com/reports/319794,3,0.0,Cross-site Scripting (XSS) - Stored,2018-07-12
319795,Node.js third-party modules,[m-server] Path Traversal allows to display content of arbitrary file(s) from the server,hackerone.com/reports/319795,2,0.0,Path Traversal,2018-07-12
319809,Node.js third-party modules,"`memjs` allocates and stores buffers on typed input, resulting in DoS and uninitialized memory usage",hackerone.com/reports/319809,11,0.0,Uncontrolled Resource Consumption,2018-06-27
319951,Node.js third-party modules,`superstatic` is vulnerable to path traversal on Windows,hackerone.com/reports/319951,5,0.0,Path Traversal,2018-04-29
320159,Node.js third-party modules,`useragent` is vulnerable to ReDoS in user-agent string,hackerone.com/reports/320159,2,0.0,Uncontrolled Resource Consumption,2019-04-03
320166,Node.js third-party modules,`concat-with-sourcemaps` allocates uninitialized Buffers when number is passed as a separator,hackerone.com/reports/320166,2,0.0,Out-of-bounds Read,2018-04-28
320222,Internet Bug Bounty,memory corruption while parsing HTTP response,hackerone.com/reports/320222,1,500.0,Array Index Underflow,2019-10-14
320269,Node.js third-party modules,`npmconf` (and `npm` js api) allocate and write to disk uninitialized memory content when a typed number is passed as input on Node.js 4.x,hackerone.com/reports/320269,3,0.0,Out-of-bounds Read,2018-05-12
320355,Shopify,myshopify.com domain takeover,hackerone.com/reports/320355,71,0.0,Business Logic Errors,2018-02-27
320376,HackerOne,Open Redirection in index.php page,hackerone.com/reports/320376,53,0.0,Open Redirect,2018-03-07
320586,Node.js third-party modules,`foreman` is vulnerable to ReDoS in path,hackerone.com/reports/320586,3,0.0,Uncontrolled Resource Consumption,2018-04-28
320693,Node.js third-party modules,[hekto] open redirect when target domain name is used as html filename on server,hackerone.com/reports/320693,10,0.0,Open Redirect,2018-05-20
321029,Slack,HTML Injection inside Slack promotional emails,hackerone.com/reports/321029,13,100.0,,2018-07-30
321511,Stellar.org,It's possible to put SDX orderbook into invalid state and execute trades at arbitrary price,hackerone.com/reports/321511,12,0.0,Business Logic Errors,2018-10-14
321594,VK.com,Смотрим фотографии из частных/закрытых групп.,hackerone.com/reports/321594,21,500.0,Information Disclosure,2018-04-26
321631,Node.js third-party modules,"`http-proxy-agent` passes unsanitized options to Buffer(arg), resulting in DoS and uninitialized memory leak",hackerone.com/reports/321631,7,0.0,Uncontrolled Resource Consumption,2018-04-05
321686,Node.js third-party modules,`atob` allocates uninitialized Buffers when number is passed in input on Node.js 4.x and below,hackerone.com/reports/321686,5,0.0,Out-of-bounds Read,2018-04-08
321687,Node.js third-party modules,`base64url` allocates uninitialized Buffers when number is passed in input on Node.js 4.x and below,hackerone.com/reports/321687,4,0.0,Out-of-bounds Read,2018-05-11
321701,Node.js third-party modules,`utile` allocates uninitialized Buffers when number is passed in input,hackerone.com/reports/321701,3,0.0,Out-of-bounds Read,2018-06-14
321702,Node.js third-party modules,`put` allocates uninitialized Buffers when non-round numbers are passed in input,hackerone.com/reports/321702,4,0.0,Out-of-bounds Read,2018-06-14
321704,Node.js third-party modules,`njwt` allocates uninitialized Buffers when number is passed in base64urlEncode input,hackerone.com/reports/321704,5,0.0,Out-of-bounds Read,2018-06-14
322661,Shopify,Replace other user files in Inbox messages ,hackerone.com/reports/322661,38,0.0,Insecure Direct Object Reference (IDOR),2018-05-01
322935,Internet Bug Bounty,Exim off-by-one RCE vulnerability,hackerone.com/reports/322935,11,0.0,Off-by-one Error,2019-09-26
322985,Upserve ,Ability to reset password for account,hackerone.com/reports/322985,633,0.0,Improper Access Control - Generic,2019-06-06
322988,Upserve ,Information disclosure through search engines (password reset token),hackerone.com/reports/322988,6,0.0,Information Disclosure,2018-03-13
323005,Imgur,CSRF leads to a stored self xss,hackerone.com/reports/323005,145,0.0,Cross-site Scripting (XSS) - Reflected,2019-08-30
323017,Internet Bug Bounty,Two vulnerability in GNU binutils,hackerone.com/reports/323017,4,0.0,Out-of-bounds Read,2019-10-14
323566,MyCrypto,Reflected XSS { support.mycrypto.com },hackerone.com/reports/323566,6,0.0,Cross-site Scripting (XSS) - Reflected,2018-04-02
323735,JamieWeb,Insecure Transportation Security Protocol Supported (TLS 1.0) on https://www.jamieweb.net,hackerone.com/reports/323735,13,0.0,Cryptographic Issues - Generic,2018-05-11
323852,Ubiquiti Inc.,Firmware download/install vulnerable to CSRF,hackerone.com/reports/323852,35,0.0,Cross-Site Request Forgery (CSRF),2020-05-29
323899,Uber,Outdated Wordpress installation and plugins at www.uberxgermany.com create CSRF and XSS vulnerabilities,hackerone.com/reports/323899,29,500.0,Cross-Site Request Forgery (CSRF),2021-02-25
323975,Ping Identity,CSRF in Inviting users,hackerone.com/reports/323975,5,0.0,Cross-Site Request Forgery (CSRF),2019-03-26
323992,U.S. Dept Of Defense,Publicly accessible Order confirmations leaking User Emails on ███,hackerone.com/reports/323992,19,0.0,Information Disclosure,2019-10-08
324005,Ping Identity,Server-Side Request Forgery on SAML Application - Import via URL,hackerone.com/reports/324005,11,450.0,Server-Side Request Forgery (SSRF),2019-03-26
324006,Ping Identity,SaaS admin can modify/delete/get user information.,hackerone.com/reports/324006,12,0.0,Privilege Escalation,2019-03-26
324021,Rootstock Labs,JSON RPC methods for debugging enabled by default allow DoS,hackerone.com/reports/324021,27,0.0,Uncontrolled Resource Consumption,2023-02-27
324136,Shopify,XSS *.myshopify.com/collections/vendors?q=,hackerone.com/reports/324136,35,0.0,Cross-site Scripting (XSS) - Reflected,2018-04-08
324194,Upserve ,Blind stored xss in demo form,hackerone.com/reports/324194,25,500.0,Cross-site Scripting (XSS) - Stored,2018-04-12
324303,MyCrypto,DOM Based XSS in mycrypto.com,hackerone.com/reports/324303,46,0.0,Cross-site Scripting (XSS) - DOM,2018-03-18
324372,MyCrypto,Missing SPF Records.,hackerone.com/reports/324372,18,0.0,,2018-05-24
324453,Node.js third-party modules,`command-exists` concatenates unsanitized input into exec()/execSync() commands,hackerone.com/reports/324453,6,0.0,Command Injection - Generic,2018-05-11
324491,Node.js third-party modules,`fs-path` concatenates unsanitized input into exec()/execSync() commands,hackerone.com/reports/324491,2,0.0,Command Injection - Generic,2018-05-11
324548,MyCrypto,Html injection mycrypto.com,hackerone.com/reports/324548,19,0.0,Cross-site Scripting (XSS) - Generic,2018-03-16
325336,Starbucks,Subdomain takeover on svcgatewayus.starbucks.com,hackerone.com/reports/325336,109,0.0,Privilege Escalation,2018-06-25
325594,HackerOne,Leakage badges on disabled user,hackerone.com/reports/325594,8,0.0,Information Disclosure,2018-03-15
325734,MyCrypto,Missing SPF record for the in scope domain,hackerone.com/reports/325734,2,0.0,Phishing,2018-05-24
325827,MyCrypto,Content Spoofing or Text Injection support.mycrypto.com,hackerone.com/reports/325827,7,0.0,Phishing,2018-04-18
326040,U.S. Dept Of Defense,SSRF on █████████ Allowing internal server data access,hackerone.com/reports/326040,23,0.0,Information Disclosure,2019-10-08
326043,U.S. Dept Of Defense,SSRF+XSS,hackerone.com/reports/326043,33,0.0,Information Disclosure,2018-04-17
326080,Uber,Improper Access Control on Onelogin in multi-layered architecture,hackerone.com/reports/326080,29,500.0,Improper Access Control - Generic,2018-08-08
326449,Uber,Reflected XSS on multiple uberinternal.com domains,hackerone.com/reports/326449,40,2000.0,Cross-site Scripting (XSS) - Reflected,2018-11-13
326639,Greenhouse.io,DoS through cache poisoning using invalid HTTP parameters,hackerone.com/reports/326639,24,0.0,Uncontrolled Resource Consumption,2018-05-02
326697,MyCrypto,HTML Injection on https://www.mycrypto.com/,hackerone.com/reports/326697,3,0.0,Code Injection,2018-04-09
327088,HackerOne,Extra program metrics disclosed via /PROGRAM_NAME json response,hackerone.com/reports/327088,51,0.0,Information Disclosure,2018-03-28
327480,Informatica,SSRF on infawiki.informatica.com and infawikitest.informatica.com,hackerone.com/reports/327480,9,0.0,Server-Side Request Forgery (SSRF),2018-08-16
327512,Ruby,Potential command injection in `Shell#[]` and `Shell#test`,hackerone.com/reports/327512,1,0.0,Command Injection - Generic,2019-10-16
327671,Semrush,Error Page Content Spoofing or Text Injection ,hackerone.com/reports/327671,33,0.0,Violation of Secure Design Principles,2018-06-29
327674,Slack,Invitation reminder emails contain insecure links,hackerone.com/reports/327674,15,350.0,Cryptographic Issues - Generic,2019-06-29
327867,Coinbase,User provided values trusted in sensitive actions,hackerone.com/reports/327867,1,0.0,,2018-04-09
328210,Node.js third-party modules,[sexstatic] HTML injection in directory name(s) leads to Stored XSS when malicious file is embed with <iframe> element used in directory name,hackerone.com/reports/328210,3,0.0,Cross-site Scripting (XSS) - Stored,2018-05-29
328270,Ruby on Rails,XSS vulnerability in sanitize-method when parsing link's href,hackerone.com/reports/328270,18,0.0,Cross-site Scripting (XSS) - Generic,2018-03-22
328486,Eternal,[Zomato Android/iOS] Theft of user session,hackerone.com/reports/328486,68,0.0,,2018-06-17
328526,Coinbase,ETH contract handling errors,hackerone.com/reports/328526,208,0.0,Business Logic Errors,2018-04-04
328724,Vimeo,Improper Authentication in Vimeo's API 'versions' endpoint.,hackerone.com/reports/328724,64,0.0,Improper Authentication - Generic,2018-05-15
329218,Upserve ,reports.breadcrumb.com is vulnerable for Arbitrary file existence disclosur CVE-2014-7829 ,hackerone.com/reports/329218,14,200.0,Information Disclosure,2018-03-29
329345,VK.com,CSRF на загрузку аудиозаписей,hackerone.com/reports/329345,30,100.0,Cross-Site Request Forgery (CSRF),2021-11-05
329376,U.S. Dept Of Defense,Remote Code Execution (RCE) in a DoD website,hackerone.com/reports/329376,9,0.0,Deserialization of Untrusted Data,2019-10-08
329397,U.S. Dept Of Defense,Remote Code Execution (RCE) in a DoD website,hackerone.com/reports/329397,13,0.0,Deserialization of Untrusted Data,2018-04-17
329399,U.S. Dept Of Defense,Remote Code Execution (RCE) in a DoD website,hackerone.com/reports/329399,6,0.0,Deserialization of Untrusted Data,2019-10-08
329400,U.S. Dept Of Defense,Remote Code Execution (RCE) in a DoD website,hackerone.com/reports/329400,4,0.0,Deserialization of Untrusted Data,2019-10-08
329572,Sony,Remote Code Execution (RCE) in a Sony WebSystem,hackerone.com/reports/329572,40,0.0,Deserialization of Untrusted Data,2019-01-23
329645,Internet Bug Bounty,Silent omission of certificate hostname verification in LibreSSL and BoringSSL,hackerone.com/reports/329645,4,0.0,Improper Certificate Validation,2019-09-26
329659,Ubiquiti Inc.,UniFi Video web interface Configuration Restore user privilege escalation,hackerone.com/reports/329659,11,0.0,Privilege Escalation,2020-04-01
329689,Mapbox,Test-scripts for postgis in mason-repository using unsafe unzip of content from unclaimed bucket creates potential RCE-issues,hackerone.com/reports/329689,209,0.0,Command Injection - Generic,2020-07-28
329749,Ubiquiti Inc.,UniFi Video Server web interface Configuration Restore CSRF leading to full application compromise,hackerone.com/reports/329749,22,0.0,Cross-Site Request Forgery (CSRF),2019-04-28
329770,Ubiquiti Inc.,UniFi Video Server web interface Configuration Restore path traversal leading to local system compromise,hackerone.com/reports/329770,11,0.0,Path Traversal,2018-07-02
329798,HackerOne,h1-202 leaderboard photo discloses local wifi password ,hackerone.com/reports/329798,145,0.0,Insufficiently Protected Credentials,2018-03-25
329837,Node.js third-party modules,Bypass to defective fix of Path Traversal ,hackerone.com/reports/329837,4,0.0,Path Traversal,2018-05-11
329862,Reverb.com,Stored xss in shop name @ lp.reverb.com,hackerone.com/reports/329862,10,0.0,Cross-site Scripting (XSS) - Stored,2018-10-01
329950,Node.js third-party modules,[public] Stored XSS in the filename when directories listing,hackerone.com/reports/329950,5,0.0,Cross-site Scripting (XSS) - Generic,2018-06-12
329957,X / xAI,"Tracking of users on third-party websites using the Twitter cookie, due to a flaw in authenticating image requests",hackerone.com/reports/329957,49,1120.0,Privacy Violation,2019-02-08
330008,X / xAI,[dev.twitter.com] XSS and Open Redirect Protection Bypass,hackerone.com/reports/330008,45,1120.0,,2019-02-07
330028,Sony,Remote Code Execution (RCE) in a Sony Pictures WebSystem,hackerone.com/reports/330028,22,0.0,Deserialization of Untrusted Data,2019-01-23
330051,Ubiquiti Inc.,UniFi Video Server web interface admin user Firmware Update path traversal leading to local system compromise,hackerone.com/reports/330051,11,0.0,Path Traversal,2020-04-01
330105,Stellar.org,Exploitable vulnerability in SDEX,hackerone.com/reports/330105,29,0.0,Business Logic Errors,2018-10-14
330122,Reverb.com,Bypassing CSRF Token On Reply Message & Send Message,hackerone.com/reports/330122,14,0.0,,2018-05-15
330135,Udemy,S3 bucket unnecessarily discloses permissions,hackerone.com/reports/330135,27,0.0,Improper Access Control - Generic,2019-04-26
330285,Node.js third-party modules,[mcstatic] Server Directory Traversal,hackerone.com/reports/330285,7,0.0,Path Traversal,2018-06-12
330349,Node.js third-party modules,[angular-http-server] Server Directory Traversal,hackerone.com/reports/330349,4,0.0,Path Traversal,2018-04-26
330351,Node.js third-party modules,`byte` allocates uninitialized buffers and reads data from them past the initialized length,hackerone.com/reports/330351,4,0.0,Out-of-bounds Read,2018-05-11
330356,Node.js third-party modules,[html-pages] Stored XSS in the filename when directories listing,hackerone.com/reports/330356,5,0.0,Cross-site Scripting (XSS) - Generic,2018-06-12
330378,VK.com,ПРОСМОТР ЛЮБЫХ ПРИВАТНЫХ ФОТО + ПРЕВЬЮ ЛЮБОГО ПРИВАТНОГО ВИДЕО.,hackerone.com/reports/330378,20,700.0,,2018-04-26
330650,Node.js third-party modules,[serve] Directory listing and File access even when they have been set to be ignored,hackerone.com/reports/330650,5,0.0,Information Exposure Through Directory Listing,2018-05-31
330721,Tor,Expose relay IP in the debug (The source is different from the rendering),hackerone.com/reports/330721,7,0.0,,2018-07-21
330724,Node.js third-party modules,[serve] Directory listing and File access even when they have been set to be ignored (using dot-slash),hackerone.com/reports/330724,2,0.0,Information Exposure Through Directory Listing,2018-05-30
330860,U.S. Dept Of Defense,Information Disclosure,hackerone.com/reports/330860,30,0.0,Information Disclosure,2018-04-17
330957,Node.js third-party modules,[pdfinfojs] Command Injection on filename parameter,hackerone.com/reports/330957,15,0.0,Command Injection - Generic,2018-04-19
331032,Node.js third-party modules,[buttle] Remote Command Execution via unsanitized PHP filename when it's run with --php-bin flag,hackerone.com/reports/331032,4,0.0,OS Command Injection,2018-05-11
331040,VK.com,Определение id по номеру телефона,hackerone.com/reports/331040,60,5000.0,Information Disclosure,2018-05-06
331110,Node.js third-party modules,[buttle] HTML Injection in filename leads to XSS when directory listing is displayed in the browser,hackerone.com/reports/331110,2,0.0,Cross-site Scripting (XSS) - Stored,2018-07-04
331223,Shopify,Order notifications being sent for a deactivated staff account,hackerone.com/reports/331223,16,500.0,Improper Authorization,2018-04-12
331302,Nextcloud,Improper protection of FileContentProvider,hackerone.com/reports/331302,7,0.0,Improper Access Control - Generic,2020-03-01
331368,Ubiquiti Inc.,"3x Reflected XSS vectors for services.cgi (XM.v6.1.6, build 32290)",hackerone.com/reports/331368,2,0.0,Cross-site Scripting (XSS) - Reflected,2021-10-10
331428,Brave Software,Cross domain tracking even with 3rd party cookies disabled.,hackerone.com/reports/331428,2,0.0,,2018-08-07
331489,Nextcloud,Extremly simple way to bypass Nextcloud-Client PIN/Fingerprint lock,hackerone.com/reports/331489,58,0.0,Information Disclosure,2019-07-26
331691,HackerOne,"Email Forwarding invitations for Drafts are not marked as accepted, allowing multiple users to join a program after disabling Email Forwarding",hackerone.com/reports/331691,54,500.0,Business Logic Errors,2018-04-18
331752,Khan Academy,https://mathfacts.khanacademy.org/ includes code from unprivileged localhost port,hackerone.com/reports/331752,11,0.0,Code Injection,2019-05-25
331940,Vend VDP,Race Condition : Exploiting the loyalty claim https://xxx.vendhq.com/loyalty/claim/email/xxxxx url and gain x amount of loyalty bonus/cash,hackerone.com/reports/331940,96,0.0,Violation of Secure Design Principles,2018-06-07
331984,Ruby,HTTP header can split /[\r\n]/ instead of /\r\n/,hackerone.com/reports/331984,1,0.0,,2019-10-25
332586,Starbucks,Unauthorized access to jiratest.starbucks.com ,hackerone.com/reports/332586,49,0.0,Improper Authentication - Generic,2018-05-30
332631,Ubiquiti Inc.,Bypass blocked profile protection on aircrm.ubnt.com,hackerone.com/reports/332631,13,0.0,Privilege Escalation,2018-07-03
332632,BOHEMIA INTERACTIVE a.s.,(Possible) staff account takeover via reset token bruteforce at helpdesk.bistudio.com,hackerone.com/reports/332632,29,0.0,Weak Password Recovery Mechanism for Forgotten Password,2018-09-19
333008,Reverb.com,Persistent XSS in https://sandbox.reverb.com/item/,hackerone.com/reports/333008,36,0.0,Cross-site Scripting (XSS) - Stored,2018-05-06
333306,Algolia,Directory traversal at https://msg.algolia.com,hackerone.com/reports/333306,34,0.0,Path Traversal,2018-06-09
333419,Slack,"TURN server allows TCP and UDP proxying to internal network, localhost and meta-data services",hackerone.com/reports/333419,323,3500.0,Server-Side Request Forgery (SSRF),2020-03-12
333459,Node.js third-party modules,npm packages that overlap with core node packages,hackerone.com/reports/333459,0,0.0,Phishing,2018-06-16
333507,Discourse,"Stored XSS in ""post last edited"" option",hackerone.com/reports/333507,19,256.0,Cross-site Scripting (XSS) - Stored,2018-07-09
334139,Instacart,CSRF Trial 14 days express subscription,hackerone.com/reports/334139,59,0.0,Cross-Site Request Forgery (CSRF),2019-02-27
334205,HackerOne,Harvesting all private invites using leave program fast-tracked invitation and security@ email forwarding feature,hackerone.com/reports/334205,103,2500.0,Business Logic Errors,2018-04-18
334253,HackerOne,CSRF at [Apply to this program] that lead to submit your request automatic with out any validations,hackerone.com/reports/334253,30,0.0,Violation of Secure Design Principles,2018-07-05
334691,VK.com,Reflected XSS в /al_audio.php,hackerone.com/reports/334691,25,700.0,Cross-site Scripting (XSS) - Reflected,2018-05-22
334709,Greenhouse.io,Cache poisoning using NULL bytes and long URLs,hackerone.com/reports/334709,32,0.0,Improper Null Termination,2018-09-16
334837,Node.js third-party modules,[localhost-now] bypassing url filter which leads to read content of arbitrary file,hackerone.com/reports/334837,4,0.0,Path Traversal,2018-05-30
335123,HackerOne,Invalid Phabricator API token revealed through error message when escalating a report,hackerone.com/reports/335123,18,500.0,Information Exposure Through an Error Message,2018-06-27
335330,Roblox,Subdomain Takeover to Authentication bypass ,hackerone.com/reports/335330,780,0.0,,2020-04-23
335339,Slack,HTTP parameter pollution from outdated Greenhouse.io JS dependency,hackerone.com/reports/335339,25,0.0,Resource Injection,2018-07-19
335481,Eternal,[Zomato's Blog] POST based XSS on https://www.zomato.com/blog/wp-admin/admin-ajax.php?td_theme_name=Newspaper&v=8.2,hackerone.com/reports/335481,11,100.0,Cross-site Scripting (XSS) - Reflected,2018-04-26
335495,Node.js,Out of order TLS handshake / application data messages lead to segmentation fault,hackerone.com/reports/335495,3,0.0,Heap Overflow,2020-02-13
335533,Node.js,HTTP/2 Denial of Service Vulnerability,hackerone.com/reports/335533,6,0.0,Memory Corruption - Generic,2020-02-13
335608,Node.js,Denial of Service: nghttp2 use of uninitialized pointer,hackerone.com/reports/335608,4,0.0,NULL Pointer Dereference,2020-02-13
335761,ExpressionEngine,RCE By import channel field,hackerone.com/reports/335761,21,0.0,Command Injection - Generic,2018-04-20
336131,Shopify,Potential to abuse pricing errors in saved carts,hackerone.com/reports/336131,39,0.0,Business Logic Errors,2018-05-02
337189,Bitwarden,Tracking Bitwarden firefox addon users,hackerone.com/reports/337189,7,0.0,,2018-05-23
337219,Eternal,URL is vulnerable to clickjacking,hackerone.com/reports/337219,2,0.0,UI Redressing (Clickjacking),2018-04-14
337680,PortSwigger Web Security,burp does not validate the common name of the presented collaborator server certificate,hackerone.com/reports/337680,39,0.0,Man-in-the-Middle,2018-06-13
337734,VK.com,"Получение вечного доступа к Long Pool и авторизованой страницы сайта, если мы когда-либо были на аккаунте жертвы",hackerone.com/reports/337734,18,500.0,Improper Authentication - Generic,2018-10-07
337755,LinkedIn,Can delete other user's post and company page post,hackerone.com/reports/337755,156,0.0,Improper Access Control - Generic,2023-04-11
337986,Internet Bug Bounty,CVE-2018-6797:  A crafted regular expression can cause a heap buffer write overflow in Perl 5 giving a remote attacker control over bytes written,hackerone.com/reports/337986,23,0.0,Heap Overflow,2018-05-19
338477,ExpressionEngine,[EE] change the author of post using the author_id,hackerone.com/reports/338477,11,0.0,Insecure Direct Object Reference (IDOR),2018-04-20
338569,Eternal,"Clickjacking: Delete Account, Change privacy settings, Rate business, follow/unfollow (IE)",hackerone.com/reports/338569,3,0.0,UI Redressing (Clickjacking),2018-04-15
339352,Unikrn,CSRF logs the victim into attacker's account,hackerone.com/reports/339352,15,0.0,Cross-Site Request Forgery (CSRF),2018-04-19
339483,WordPress,"""Bad Protocols Validation"" Bypass in ""wp_kses_bad_protocol_once"" using HTML-encoding without trailing semicolons",hackerone.com/reports/339483,34,0.0,Cross-site Scripting (XSS) - Generic,2019-11-16
339987,ExpressionEngine,[EE] Spoof the redirect process,hackerone.com/reports/339987,7,0.0,Open Redirect,2018-04-20
340012,Monero,Buffer out of bound read in miniupnpc xml parser ,hackerone.com/reports/340012,13,0.0,Buffer Over-read,2018-04-25
340053,Node.js,Use After Free in crypto.randomFill,hackerone.com/reports/340053,2,0.0,Use After Free,2020-01-15
340191,Shopify,Session works after logout from Shopify account,hackerone.com/reports/340191,69,0.0,Concurrent Execution using Shared Resource with Improper Synchronization ('Race Condition'),2020-03-30
340208,Node.js third-party modules,Command injection in 'pdf-image',hackerone.com/reports/340208,3,0.0,Command Injection - Generic,2018-05-29
340431,Uber,"Reflected XSS and sensitive data exposure, including payment details, on lioncityrentals.com.sg",hackerone.com/reports/340431,376,4000.0,Cleartext Transmission of Sensitive Information,2020-04-30
340580,Node.js,registry.nodejs.org Subdomain Takeover,hackerone.com/reports/340580,35,0.0,Man-in-the-Middle,2018-05-04
341044,Node.js third-party modules,[cloudcmd] Stored XSS in the filename when directories listing,hackerone.com/reports/341044,2,0.0,Cross-site Scripting (XSS) - Generic,2018-04-25
341074,Nextcloud,Bruteforce in admin panel,hackerone.com/reports/341074,3,0.0,Improper Restriction of Authentication Attempts,2020-01-31
341372,Nextcloud,The session token in the URL,hackerone.com/reports/341372,11,0.0,Information Disclosure,2018-06-19
341600,Eternal,[www.zomato.com] Abusing LocalParams to Inject Code through ███████ query,hackerone.com/reports/341600,23,0.0,,2018-04-26
341634,Ruby,Invalid URL parsing '#',hackerone.com/reports/341634,0,0.0,,2018-05-01
341637,VK.com,Часть  админки доступна для всех пользователей,hackerone.com/reports/341637,9,100.0,Information Disclosure,2018-05-22
341675,VK.com,Просмотр любых записей на стене,hackerone.com/reports/341675,21,700.0,Information Disclosure,2018-06-18
341710,Node.js third-party modules,[git-dummy-commit] Command injection on the msg parameter,hackerone.com/reports/341710,5,0.0,OS Command Injection,2018-06-15
341869,Node.js third-party modules,[entitlements] Command injection on the 'path' parameter,hackerone.com/reports/341869,5,0.0,Command Injection - Generic,2018-07-18
341876,Shopify,SSRF in Exchange leads to ROOT access in all instances,hackerone.com/reports/341876,580,0.0,Server-Side Request Forgery (SSRF),2018-05-23
341908,X / xAI,XSS via Direct Message deeplinks,hackerone.com/reports/341908,236,0.0,Cross-site Scripting (XSS) - DOM,2019-05-09
341969,Ed,DOM XSS in edoverflow.com/tools/respond due to unsafe usage of the innerHTML property.,hackerone.com/reports/341969,28,0.0,Cross-site Scripting (XSS) - DOM,2018-04-23
341992,ExpressionEngine,Import File Converter - local File inclusion ,hackerone.com/reports/341992,6,0.0,,2018-05-17
342066,Node.js third-party modules,[bruteser] Path Traversal allows to read content of arbitrary file,hackerone.com/reports/342066,5,0.0,Path Traversal,2018-07-04
342608,ExpressionEngine,XML Member Proccessing - Local File inclusion Vulnerability ,hackerone.com/reports/342608,8,0.0,,2018-05-21
342693,Semrush,Password reset token leakage via referer,hackerone.com/reports/342693,35,0.0,Violation of Secure Design Principles,2018-08-14
342709,Rockstar Games,Smuggle SocialClub's Facebook OAuth Code via Referer Leakage,hackerone.com/reports/342709,39,750.0,Information Disclosure,2018-10-23
342977,Stellar.org,brute force attack allowed on admin page https://www.stellar.org/wp-admin/,hackerone.com/reports/342977,16,0.0,Improper Restriction of Authentication Attempts,2020-02-23
342978,HackerOne,Team object in GraphQL disclosed total number of whitelisted hackers,hackerone.com/reports/342978,93,2500.0,Information Disclosure,2018-05-12
343095,Ed,"Session Cookie Without Secure Flag,",hackerone.com/reports/343095,5,0.0,Information Disclosure,2018-04-26
343111,Nextcloud,OAuth2 Access Token and App Password Security Vulnerability,hackerone.com/reports/343111,20,0.0,Use of a Key Past its Expiration Date,2018-07-21
343120,Uber,Lack of CSRF protection on uberps.com makes every form vulnerable to CSRF,hackerone.com/reports/343120,15,500.0,Cross-Site Request Forgery (CSRF),2021-03-15
343464,HackerOne,Team object in GraphQL discloses team group names and permissions,hackerone.com/reports/343464,75,2500.0,Information Disclosure,2018-05-04
343626,Node.js third-party modules,Privilege escalation allows any user to add an administrator,hackerone.com/reports/343626,11,0.0,Privilege Escalation,2018-07-12
343726,Node.js third-party modules,Unrestricted file upload (RCE),hackerone.com/reports/343726,14,0.0,Path Traversal,2018-06-02
343928,Ed,Session Cookie Without Secure Flag ,hackerone.com/reports/343928,7,0.0,Violation of Secure Design Principles,2018-04-28
344035,Internet Bug Bounty,Heap Buffer Overflow (READ: 1786) in exif_iif_add_value,hackerone.com/reports/344035,11,0.0,Buffer Over-read,2018-06-01
344069,Node.js third-party modules,The react-marked-markdown module allows XSS injection in href values.,hackerone.com/reports/344069,5,0.0,Cross-site Scripting (XSS) - Generic,2018-05-13
344086,Uber,Uber employees are sharing information on productforums.google.com,hackerone.com/reports/344086,16,0.0,Information Disclosure,2021-02-25
344145,Eternal,"[www.zomato.com] IDOR - Gold Subscription Details, Able to view ""Membership ID"" and ""Validity Details"" of other Users",hackerone.com/reports/344145,21,100.0,Insecure Direct Object Reference (IDOR),2018-04-28
344223,VK.com,[Привязка email к странице] by admin@notify.vk.com | email-flood,hackerone.com/reports/344223,13,0.0,,2018-06-16
344284,Instacart,View & add to cart unlisted items via IDOR,hackerone.com/reports/344284,19,0.0,Insecure Direct Object Reference (IDOR),2018-05-25
344429,Avito,reflected XSS avito.ru,hackerone.com/reports/344429,20,0.0,Cross-site Scripting (XSS) - Reflected,2018-12-06
344499,Monero,epee will accept an arbitrary amount of leading line-breaks in an http request,hackerone.com/reports/344499,4,0.0,Uncontrolled Resource Consumption,2018-08-02
344566,Uber,Cleartext password exposure allows access to the desafio5estrelas.com admin panel,hackerone.com/reports/344566,20,500.0,Cleartext Storage of Sensitive Information,2021-03-30
344595,Node.js third-party modules,Arbitrary file overwrites in `node-tar`,hackerone.com/reports/344595,0,0.0,,2019-04-03
345152,Shopify,Publicly Accessible Datadog link,hackerone.com/reports/345152,18,0.0,Information Disclosure,2018-06-15
345162,RATELIMITED,Local File Download,hackerone.com/reports/345162,20,0.0,Improper Access Control - Generic,2019-01-01
345166,Ed,Session cookie missing SecureFlag on git.edoverflow.com.,hackerone.com/reports/345166,6,0.0,Information Disclosure,2018-05-03
346111,GitLab,XSS (Persistent) - Selecting role(s) for protected branches,hackerone.com/reports/346111,8,0.0,Cross-site Scripting (XSS) - Stored,2018-07-16
346217,GitLab,Persistent XSS - Selecting users as allowed merge request approvers,hackerone.com/reports/346217,11,0.0,Cross-site Scripting (XSS) - Stored,2018-07-16
346516,Node.js third-party modules,Remote code executio in  NPM package getcookies,hackerone.com/reports/346516,8,0.0,Code Injection,2019-04-03
347139,Rockstar Games,LFI and SSRF via XXE in emblem editor,hackerone.com/reports/347139,79,1500.0,XML External Entities (XXE),2018-08-01
347282,Internet Bug Bounty,Linux kernel: CVE-2017-6074: DCCP double-free vulnerability,hackerone.com/reports/347282,8,0.0,Double Free,2019-08-27
347296,Semmle,Docker Registry HTTP API v2 exposed in HTTP without authentication leads to docker images dumping and poisoning,hackerone.com/reports/347296,83,0.0,Improper Access Control - Generic,2020-06-06
347567,Eternal,"XSS in ""explore-keywords-dropdown"" results.",hackerone.com/reports/347567,2,0.0,Cross-site Scripting (XSS) - Reflected,2018-05-09
347645,VK.com,Open Redirection Vulnerability in m.vk.com,hackerone.com/reports/347645,16,300.0,Open Redirect,2018-06-29
347693,HackerOne,Program metrics disclosed response_efficiency_percentage via /program_name json response despite the team decided not to show on their profile,hackerone.com/reports/347693,64,2500.0,Information Disclosure,2018-05-08
347748,X / xAI,Improper session handling on web browsers,hackerone.com/reports/347748,19,560.0,Insufficient Session Expiration,2018-06-26
347782,Nextcloud,Click Jacking Nextcloud,hackerone.com/reports/347782,7,0.0,UI Redressing (Clickjacking),2019-07-01
347937,HackerOne,Team object in GraphQL that have a published external program may expose existence of a private program,hackerone.com/reports/347937,39,0.0,Information Disclosure,2018-07-04
348047,U.S. Dept Of Defense,Code reversion allowing SQLI again in ███████,hackerone.com/reports/348047,4,0.0,SQL Injection,2019-10-08
348090,Linux Foundation Decentralized Trust,many commands can be manipulated to delete identities or affiliations,hackerone.com/reports/348090,42,500.0,Improper Authentication - Generic,2022-08-10
348168,HackerOne,Timing attack towards endpoints on the web without CSRF ,hackerone.com/reports/348168,34,0.0,Information Disclosure,2018-12-27
348443,GitLab,Snippet JS template allows attacker to read a user's private snippets,hackerone.com/reports/348443,165,300.0,Information Disclosure,2019-03-03
348801,Nextcloud,Banner Grabbing - Apache Server Version Disclosure,hackerone.com/reports/348801,4,0.0,Information Disclosure,2018-05-17
349146,Node.js third-party modules,Stored XSS in Node-Red,hackerone.com/reports/349146,7,0.0,Cross-site Scripting (XSS) - Stored,2018-07-18
349681,Valve,Aapp name leakage on economy history page,hackerone.com/reports/349681,16,0.0,Information Disclosure,2018-05-24
350119,Valve,Buffer overflows in demo parsing,hackerone.com/reports/350119,33,0.0,Classic Buffer Overflow,2018-08-28
350288,Ubiquiti Inc.,Two Factor Authentication Bypass,hackerone.com/reports/350288,18,0.0,Improper Restriction of Authentication Attempts,2018-07-16
350401,Node.js third-party modules,Insecure implementation of deserialization in funcster,hackerone.com/reports/350401,7,0.0,Code Injection,2018-06-15
350418,Node.js third-party modules,Insecure implementation of deserialization in cryo,hackerone.com/reports/350418,8,0.0,Code Injection,2018-06-19
350432,HackerOne,Information disclosure,hackerone.com/reports/350432,8,0.0,Information Disclosure,2018-12-27
350739,HackerOne,Lack of cross-origin request blocking allows leaking of sensitive information on several endpoints,hackerone.com/reports/350739,15,0.0,Information Disclosure,2018-06-07
350847,Greenhouse.io,Bypass of request line length limit to DoS via cache poisoning,hackerone.com/reports/350847,24,0.0,Uncontrolled Resource Consumption,2018-09-16
350937,Valve,GetReports works for hubs you don't have access to,hackerone.com/reports/350937,23,750.0,Privacy Violation,2018-05-30
350939,VK.com,Получение чужого номера телефона (все цифры) через форму восстановления пароля,hackerone.com/reports/350939,18,0.0,Privacy Violation,2018-06-30
350964,HackerOne,User object in GraphQL exposes number of trial reports for External Programs that also have a Private Program,hackerone.com/reports/350964,24,0.0,Information Disclosure,2018-06-27
351014,Valve,Malformed .BSP Access Violation in CS:GO can lead to Remote Code Execution,hackerone.com/reports/351014,153,0.0,Classic Buffer Overflow,2018-07-19
351016,Valve,Malformed Skybox .TGA in Half-Life (GoldSRC) leads to Access Violation,hackerone.com/reports/351016,30,0.0,Classic Buffer Overflow,2018-08-28
351106,Valve,resetreportedcount & updatetags doesn't verify appid param,hackerone.com/reports/351106,18,750.0,Improper Authentication - Generic,2018-07-02
351171,Valve,Stored XXS @ https://steamcommunity.com/search/users/#text= via Profile Name,hackerone.com/reports/351171,40,750.0,Cross-site Scripting (XSS) - Stored,2018-05-24
351275,Gatecoin,DOM Based XSS charting_library,hackerone.com/reports/351275,25,500.0,Cross-site Scripting (XSS) - DOM,2018-10-19
351361,Phabricator,Administrator can create user without entering high security mode,hackerone.com/reports/351361,11,0.0,Improper Authentication - Generic,2018-05-22
351376,Reverb.com,"XSS in main search, use class tag to imitate Reverb.com core functionality, create false login window",hackerone.com/reports/351376,16,0.0,,2018-09-08
351519,Shopify,Improper access check by Kit  leads to controlling attributes of store & getting analytics by deleted Store member via dual messenger A/C,hackerone.com/reports/351519,18,500.0,Improper Access Control - Generic,2018-06-15
351554,GitLab,Persistent XSS - Deleting a project (No Longer Vulnerable in 10.7),hackerone.com/reports/351554,7,0.0,Cross-site Scripting (XSS) - Stored,2018-09-20
351555,Reverb.com,Disclosure of all uploads to Cloudinary via hardcoded api secret in Android app,hackerone.com/reports/351555,95,0.0,,2018-09-08
352623,Reverb.com,Api token exposed in Reverb.com's public github repository,hackerone.com/reports/352623,7,0.0,Information Disclosure,2018-05-16
352869,Grab, Subdomain Takeover Via Insecure CloudFront Distribution cdn.grab.com,hackerone.com/reports/352869,142,1000.0,Array Index Underflow,2021-02-24
353293,Reverb.com,"XSS in buying and selling pages, can created spoofed content (false login message)",hackerone.com/reports/353293,15,0.0,Cross-site Scripting (XSS) - Reflected,2018-09-08
353310,HackerOne,People who interviewed for HackerOne security analyst position can be enumerated and their personal email address may be exposed,hackerone.com/reports/353310,23,500.0,Information Disclosure,2018-06-25
353334,Valve,"Unfiltered input allows for XSS in ""Playtime Item Grants"" fields",hackerone.com/reports/353334,12,0.0,Cross-site Scripting (XSS) - Stored,2018-05-24
354262,Rockstar Games,stored XSS (angular injection) in support.rockstargames.com using zendesk register form via name parameter,hackerone.com/reports/354262,31,1000.0,Cross-site Scripting (XSS) - Stored,2018-11-06
354650,Internet Bug Bounty,[CVE-2018-6913] heap-buffer-overflow in S_pack_rec,hackerone.com/reports/354650,14,1000.0,Buffer Underflow,2018-10-31
354660,Valve,Suspended users can bypass UGC upload ban,hackerone.com/reports/354660,21,500.0,Improper Access Control - Generic,2018-07-02
354686,Uber,Reflected XSS in https://eng.uberinternal.com and https://coeshift.corp.uber.internal/,hackerone.com/reports/354686,16,500.0,Cross-site Scripting (XSS) - Reflected,2018-11-13
355456,Node.js third-party modules,[statics-server] Path Traversal due to lack of provided path sanitization,hackerone.com/reports/355456,1,0.0,Path Traversal,2019-04-03
355458,Node.js third-party modules,[statics-server] XSS via injected iframe in file name when statics-server displays directory index in the browser,hackerone.com/reports/355458,9,0.0,Cross-site Scripting (XSS) - Generic,2018-07-14
355501,Node.js third-party modules,[servey] Path Traversal allows to retrieve content of any file with extension from remote server,hackerone.com/reports/355501,1,0.0,Path Traversal,2019-04-03
355558,Avito,Open Redirect via login avito.ru | Protection bypass,hackerone.com/reports/355558,28,0.0,Open Redirect,2019-11-11
355773,WordPress,XSS on support.wordcamp.org in ajax-quote.php,hackerone.com/reports/355773,9,0.0,Cross-site Scripting (XSS) - Reflected,2018-07-23
355859,Yelp,CRITICAL-CLICKJACKING at Yelp Reservations Resulting in exposure of victim Private Data (Email info) + Victim Credit Card MissUse. ,hackerone.com/reports/355859,18,0.0,Improper Access Control - Generic,2020-08-21
356284,Node.js third-party modules,Samlify is vulnerable to signature wrapping,hackerone.com/reports/356284,7,0.0,Cryptographic Issues - Generic,2018-10-23
356408,Phabricator,"The ""Download Raw Diff"" URL is viewable by everyone",hackerone.com/reports/356408,1,0.0,Information Disclosure,2018-05-23
356566,HackerOne,HackerOne support disclosing report state without checking user identity,hackerone.com/reports/356566,43,500.0,,2018-06-02
356765,Slack,Internal SSRF bypass using slash commands at api.slack.com,hackerone.com/reports/356765,51,0.0,Server-Side Request Forgery (SSRF),2018-07-12
356809,Node.js third-party modules,[exceljs] Possible XSS via cell value when worksheet is displayed in browser,hackerone.com/reports/356809,4,0.0,Cross-site Scripting (XSS) - Generic,2018-09-01
357109,Node.js third-party modules,[simplehttpserver] List any file in the folder by using path traversal.,hackerone.com/reports/357109,11,0.0,Path Traversal,2018-08-30
357485,HackerOne,Hacktivity of a private program visible to banned user if he gets invited to a program by hackbot,hackerone.com/reports/357485,45,500.0,Improper Access Control - Generic,2018-06-27
357576,HackerOne,Exposing hackerone users personally identifiable information by abusing sandbox with swag reward enabled,hackerone.com/reports/357576,18,0.0,Information Disclosure,2018-06-07
357665,Brave Software,DoS in Brave browser for iOS,hackerone.com/reports/357665,8,0.0,Uncontrolled Resource Consumption,2018-09-24
357858,Monero,forum.getmonero.org Shell upload,hackerone.com/reports/357858,43,0.0,Code Injection,2018-07-27
357929,Reverb.com,Items bought for free due to lacks of quantity controls,hackerone.com/reports/357929,41,0.0,Business Logic Errors,2018-08-31
357952,Valve,Deleting other people's comments on ModeratorMessages,hackerone.com/reports/357952,24,500.0,Improper Authentication - Generic,2019-01-23
358001,GitLab,HTML TAG INJECTION ON PROFILE NAME,hackerone.com/reports/358001,19,0.0,Cross-site Scripting (XSS) - Stored,2018-07-27
358005,Tor,Tor Browser: iframe with `data:` uri  has access to parent window,hackerone.com/reports/358005,0,0.0,,2018-06-06
358007,Bumble,Compromising the user ID,hackerone.com/reports/358007,28,0.0,Information Disclosure,2018-10-07
358049,Automattic,RCE via Print function [Simplenote 1.1.3 - Desktop app] ,hackerone.com/reports/358049,28,0.0,Code Injection,2018-07-26
358102,Nextcloud,Disclosed Version of PORTS SSH|HTTP|SSL,hackerone.com/reports/358102,3,0.0,Information Disclosure,2018-06-14
358112,Node.js third-party modules,[buttle] Path traversal in mid-buttle module allows to read any file in the server.,hackerone.com/reports/358112,12,0.0,Path Traversal,2018-06-27
358119,DuckDuckGo,SSRF in proxy.duckduckgo.com via the image_host parameter,hackerone.com/reports/358119,16,0.0,Server-Side Request Forgery (SSRF),2018-08-15
358143,Yelp,CRITICAL Insecure Direct Object Reference (I.D.O.R) - Link Other User's Credit Card ,hackerone.com/reports/358143,86,0.0,Privacy Violation,2020-08-19
358339,Nextcloud,File access control rules not enforced on image files,hackerone.com/reports/358339,7,0.0,Improper Access Control - Generic,2018-06-15
358359,Node.js third-party modules,Privilage escalation with malicious .npmrc,hackerone.com/reports/358359,3,0.0,Privilege Escalation,2018-06-30
358641,Node.js third-party modules,[serve] Stored XSS in the filename when directories listing,hackerone.com/reports/358641,4,0.0,Cross-site Scripting (XSS) - Stored,2018-10-19
358645,Node.js third-party modules,[serve] Server Directory Traversal,hackerone.com/reports/358645,6,0.0,Path Traversal,2018-07-02
358669,Eternal,[www.zomato.com] SQLi on `order_id` parameter,hackerone.com/reports/358669,63,1000.0,SQL Injection,2018-05-30
359288,GitLab,Potensial SSRF via Git repository URL ,hackerone.com/reports/359288,7,0.0,Server-Side Request Forgery (SSRF),2018-07-16
359290,U.S. Dept Of Defense,LDAP Injection at ██████,hackerone.com/reports/359290,7,0.0,LDAP Injection,2019-12-02
360171,GSA Bounty,Multiple Bugs in api.data.gov/signup endpoint leads to send custom messages to Anyone,hackerone.com/reports/360171,15,0.0,,2018-11-13
360539,Starbucks,SQL Injection Proof of Concept for Starbucks URL,hackerone.com/reports/360539,2,0.0,SQL Injection,2019-01-09
360727,Node.js third-party modules,[markdown-pdf] Local file reading,hackerone.com/reports/360727,8,0.0,Path Traversal,2018-07-20
360797,Liberapay,Authenticated reflected XSS on liberapay.com via the back_to parameter when leaving a team.,hackerone.com/reports/360797,16,0.0,Cross-site Scripting (XSS) - Reflected,2018-06-02
360811,Starbucks,Information Leak - Github - JMS Information,hackerone.com/reports/360811,48,0.0,Information Disclosure,2018-08-16
360825,Liberapay,"Origin IP found, Cloudflare bypassed",hackerone.com/reports/360825,34,0.0,Improper Access Control - Generic,2018-06-02
360834,Liberapay,CSRF to make any user accept the invitation to the team,hackerone.com/reports/360834,5,0.0,Cross-Site Request Forgery (CSRF),2018-06-02
360864,Liberapay,Current CSP Policy chained with HTML Injection can lead to Data Exfiltration,hackerone.com/reports/360864,1,0.0,Violation of Secure Design Principles,2018-06-04
361054,Liberapay,Phishing by Navigating Browser Tabs,hackerone.com/reports/361054,1,0.0,,2018-06-04
361089,Liberapay,twitter api access token leaked on github ,hackerone.com/reports/361089,4,0.0,Cleartext Storage of Sensitive Information,2018-06-02
361106,Liberapay,Unsecure changing password,hackerone.com/reports/361106,3,0.0,,2018-06-02
361130,Liberapay,Same CSRF token is being used for deleting other platform login’s within an account and across other liberapay Account’s,hackerone.com/reports/361130,3,0.0,Cross-Site Request Forgery (CSRF),2018-06-04
361131,Liberapay,csrf token did not changed after login/logout many times,hackerone.com/reports/361131,8,0.0,Cross-Site Request Forgery (CSRF),2018-06-04
361133,Liberapay,Able to View other users income history,hackerone.com/reports/361133,7,0.0,Insecure Direct Object Reference (IDOR),2018-06-02
361184,Liberapay,CSRF ON EDITING NAME (OPTIONAL),hackerone.com/reports/361184,3,0.0,Cross-Site Request Forgery (CSRF),2018-06-04
361189,Liberapay,"Anyone can register organization legal type as ""Soletrader""",hackerone.com/reports/361189,6,0.0,Resource Injection,2018-06-03
361194,Liberapay,Liberapay Non Verified Account Takeover with signup feature,hackerone.com/reports/361194,8,0.0,Improper Authentication - Generic,2018-06-03
361269,Monero,Trusted daemon check fails when proxied through torsocks or proxychains,hackerone.com/reports/361269,6,0.0,Privacy Violation,2018-08-02
361287,Semmle,DOMXSS in redirect param,hackerone.com/reports/361287,81,0.0,Cross-site Scripting (XSS) - DOM,2019-03-20
361337,Liberapay,Missing back-end user input validation can lead to DOS flaw,hackerone.com/reports/361337,5,0.0,Business Logic Errors,2018-06-05
361341,Liberapay,Unsafe deserialization in Libera Pay allows to escalate a SQL injection to Remote Command Execution,hackerone.com/reports/361341,18,0.0,Deserialization of Untrusted Data,2018-06-04
361368,Liberapay,Insecure Account Deletion,hackerone.com/reports/361368,6,0.0,Improper Authentication - Generic,2018-06-04
361400,Liberapay,The csrf token remains same after user logs in,hackerone.com/reports/361400,1,0.0,Violation of Secure Design Principles,2018-06-04
361414,Liberapay,CSRF token manipulation in every possible form submits. NO server side Validation,hackerone.com/reports/361414,3,0.0,Cross-Site Request Forgery (CSRF),2018-06-04
361438,Uber,Open AWS S3 bucket at ubergreece.s3.amazonaws.com exposes confidential internal documents and files,hackerone.com/reports/361438,70,500.0,Information Disclosure,2021-03-12
361623,Uber,SQLI on uberpartner.eu leads to exposure of sensitive user data of Uber partners,hackerone.com/reports/361623,43,1500.0,SQL Injection,2021-03-15
361941,Liberapay,REGISTRATION USING FAKE EMAIL ACCOUNT,hackerone.com/reports/361941,2,0.0,Business Logic Errors,2018-06-05
361951,Liberapay,Exploiting JSONP callback on /username/charts.json endpoint leads to information disclosure despite user's privacy settings,hackerone.com/reports/361951,35,0.0,Information Disclosure,2018-06-05
361960,Upserve ,Insufficient validation of sides/modifiers quantity,hackerone.com/reports/361960,10,500.0,Business Logic Errors,2019-06-06
361984,Yelp,I.D.O.R TO EDIT ALL USER'S CREDIT CARD INFORMATION+(Partial credit card info disclosure),hackerone.com/reports/361984,32,0.0,Insecure Direct Object Reference (IDOR),2020-08-19
362033,Liberapay,Csrf token does not meet security design,hackerone.com/reports/362033,1,0.0,,2018-06-05
362118,Node.js third-party modules,Arbitrary File Write Through Archive Extraction,hackerone.com/reports/362118,6,0.0,,2018-08-12
362119,Node.js third-party modules,Arbitrary File Write through archive extraction,hackerone.com/reports/362119,5,0.0,Path Traversal,2018-08-12
362601,Liberapay,A single user can subscribe a community multiple times,hackerone.com/reports/362601,2,0.0,Business Logic Errors,2018-06-07
362702,Node.js third-party modules,XSS in express-useragent through HTTP User-Agent,hackerone.com/reports/362702,3,0.0,Cross-site Scripting (XSS) - Generic,2018-07-06
362718,Liberapay,Returning back from the browser after logging off will disclose some information,hackerone.com/reports/362718,1,0.0,Business Logic Errors,2018-06-07
362735,Y Combinator,Stored Cross Site Scripting,hackerone.com/reports/362735,6,0.0,Cross-site Scripting (XSS) - Stored,2018-07-09
363049,Liberapay,Punny code Detection Parsing should be implemented on Markdown ,hackerone.com/reports/363049,1,0.0,Business Logic Errors,2018-06-07
363636,Rootstock Labs,DoS through PeerExplorer,hackerone.com/reports/363636,50,4000.0,Uncontrolled Resource Consumption,2019-09-18
363658,Liberapay,Buffer overflow,hackerone.com/reports/363658,1,0.0,Classic Buffer Overflow,2018-06-10
363680,Monero,Constant-time comparison is not always implemented; critical areas are vulnerable to key-timing attacks,hackerone.com/reports/363680,6,0.0,Missing Required Cryptographic Step,2018-08-06
363714,Monero,monerod can be disabled by a well-timed TCP reset packet,hackerone.com/reports/363714,4,0.0,Uncontrolled Resource Consumption,2018-08-02
363778,RBKmoney,SUBDOMAIN TAKEOVER [http://dev.rbk.money/],hackerone.com/reports/363778,11,0.0,Violation of Secure Design Principles,2018-07-02
363809,VK.com,Долгоживущий хеш + получение частичного доступа к аккаунту после сброса сессии,hackerone.com/reports/363809,8,500.0,,2018-12-12
363845,Liberapay,Cross site scripting (content-sniffing),hackerone.com/reports/363845,3,0.0,Cross-site Scripting (XSS) - DOM,2018-06-10
363850,Liberapay,Improper Data Validation / Unvalidated Input,hackerone.com/reports/363850,8,0.0,Classic Buffer Overflow,2018-07-05
363863,Liberapay,"No Data Validation, No Captcha, No Filters...",hackerone.com/reports/363863,1,0.0,Business Logic Errors,2018-06-11
363934,Ruby,SEGV in parse_rat(),hackerone.com/reports/363934,0,0.0,Uncontrolled Resource Consumption,2018-06-13
364095,VK.com,Просмотр приложений любого пользователя / группы,hackerone.com/reports/364095,17,500.0,Information Disclosure,2018-07-28
364843,Upserve ,OLO Total price manipulation using negative quantities,hackerone.com/reports/364843,166,0.0,Business Logic Errors,2019-07-06
364904,Monero,Misreporting of received amount by show_transfers,hackerone.com/reports/364904,4,0.0,Business Logic Errors,2018-08-02
364910,Smule,"Disclosure of information about the system, configuration files.",hackerone.com/reports/364910,16,0.0,Information Disclosure,2019-01-03
364964,Internet Bug Bounty,Client DoS due to large DH parameter (CVE-2018-0732),hackerone.com/reports/364964,7,0.0,Uncontrolled Resource Consumption,2018-09-20
365199,Uber,"Information Leakage - GitHub - VCenter configuration scripts, StorMagic usernames and password along with default ESXi root password",hackerone.com/reports/365199,29,1000.0,,2018-08-27
365271,Basecamp,Remote code execution on Basecamp.com,hackerone.com/reports/365271,415,5000.0,Command Injection - Generic,2020-11-26
365504,Valve,"Comment restriction in subsection ""Workshop"" of domain ""steamcommunity.com"" can be bypassed using IDOR",hackerone.com/reports/365504,20,0.0,Insecure Direct Object Reference (IDOR),2019-01-07
365755,Uber,Privacy policy contains hardcoded link using unencrypted HTTP,hackerone.com/reports/365755,17,0.0,Code Injection,2018-11-13
365853,Shopify,Subdomain Takeover - https://competition.shopify.com/,hackerone.com/reports/365853,45,0.0,Privilege Escalation,2018-06-19
365968,Node.js,Your page has 2 blocking CSS resources. This causes a delay in rendering your page.,hackerone.com/reports/365968,8,0.0,Array Index Underflow,2018-07-15
366129,PortSwigger Web Security,Activat burp suite pro with the old license after transfared to anothe account,hackerone.com/reports/366129,6,0.0,Business Logic Errors,2018-07-19
366153,VK.com,Уязвимость в методе auth.restore,hackerone.com/reports/366153,27,0.0,,2020-12-09
366638,Uber,[data-07.uberinternal.com] SSRF in Portainer app lead to access to Internal Docker API without Auth,hackerone.com/reports/366638,36,500.0,Server-Side Request Forgery (SSRF),2023-03-23
367050,Starbucks,PHPinfo page,hackerone.com/reports/367050,39,0.0,Information Disclosure,2019-06-12
367581,Reverb.com,Basic auth details is still work on report ( 351555 ) ,hackerone.com/reports/367581,11,0.0,Information Disclosure,2018-08-09
367589,Starbucks,athome.starbucks.com - URL parameter tampering of review forms permitted possible content injection,hackerone.com/reports/367589,31,0.0,Improper Input Validation,2020-03-17
368119,Udemy,[engineering.udemy.com] - Subdomain Takeover (ghost.io),hackerone.com/reports/368119,33,0.0,Improper Access Control - Generic,2018-06-27
368927,Rocket.Chat,Open redirect open.rocket.chat/file-upload/ID/filename.svg,hackerone.com/reports/368927,11,0.0,Open Redirect,2019-10-31
369063,VK.com,"Просмотр записей пользователя, который тебя заблокировал",hackerone.com/reports/369063,14,0.0,,2018-08-02
369086,Brave Software,URL spoofing in Brave for macOS,hackerone.com/reports/369086,14,0.0,,2018-10-04
369185,Brave Software,Unsafe handling of protocol handlers,hackerone.com/reports/369185,11,0.0,,2018-09-24
369218,Brave Software,"Navigation to restricted origins via ""Open in new tab""",hackerone.com/reports/369218,12,0.0,,2018-10-09
369447,Brave Software,OPEN REDIRECTION at every 302 HTTP CODE,hackerone.com/reports/369447,4,0.0,Open Redirect,2018-08-07
369451,GitLab,SSRF in CI after first run,hackerone.com/reports/369451,72,0.0,Server-Side Request Forgery (SSRF),2019-04-12
369573,Node.js third-party modules,stored xss in scrape-metadata when reading metadata from an html page,hackerone.com/reports/369573,5,0.0,Cross-site Scripting (XSS) - Stored,2018-07-27
369581,RATELIMITED,HTTP PUT method enabled,hackerone.com/reports/369581,44,0.0,Improper Access Control - Generic,2018-12-11
369979,Nextcloud,Missing X-Content-Type-Options ,hackerone.com/reports/369979,3,0.0,Violation of Secure Design Principles,2020-03-01
370629,VK.com,Доступ к администраторским faq ,hackerone.com/reports/370629,27,500.0,Information Disclosure,2018-09-02
370777,Udemy,[affiliates.udemy.com] Wordpress user admin information discloure,hackerone.com/reports/370777,60,0.0,Information Disclosure,2019-04-28
371135,Internet Bug Bounty,"CVE-2018-12882: heap-use-after-free in PHP 7.2 through 7.2.6, possible 7.2.7",hackerone.com/reports/371135,13,0.0,Use After Free,2018-09-01
371464,Brave Software,Directory Listing on https://promo-services-staging.brave.com,hackerone.com/reports/371464,4,0.0,Information Disclosure,2018-07-09
371550,Ian Dunn,xmlrpc.php FILE IS enable on Main website,hackerone.com/reports/371550,5,0.0,Violation of Secure Design Principles,2019-07-16
372452,Infogram,CORS on (ws.infogram.com),hackerone.com/reports/372452,11,0.0,Improper Access Control - Generic,2018-10-08
373721,Brave Software,URL spoofing using protocol handlers,hackerone.com/reports/373721,9,0.0,,2018-10-04
373916,Hanno's projects,Open redirect on https://blog.fuzzing-project.org,hackerone.com/reports/373916,16,0.0,Open Redirect,2018-11-10
373932,Hanno's projects,Open redirect in Serendipity (exit.php),hackerone.com/reports/373932,2,0.0,Open Redirect,2018-11-09
373950,Hanno's projects,Reflected Cross-Site Scripting in Serendipity (serendipity.SetCookie),hackerone.com/reports/373950,3,0.0,Cross-site Scripting (XSS) - Reflected,2018-11-09
374007,U.S. Dept Of Defense,PII leakage due to caching of Order/Contract ID's on █████████,hackerone.com/reports/374007,14,0.0,Information Disclosure,2019-10-08
374027,Hanno's projects,blind sql injection,hackerone.com/reports/374027,14,0.0,SQL Injection,2018-11-09
374053,Nextcloud,Accessing to download.nextcloud.com from original ip adreess | insecure Download,hackerone.com/reports/374053,2,0.0,Cleartext Transmission of Sensitive Information,2018-07-12
374057,U.S. Dept Of Defense,Corda Server XSS ████████,hackerone.com/reports/374057,7,0.0,Cross-site Scripting (XSS) - Reflected,2019-12-02
374100,Hanno's projects,Reflected xss in Serendipity's /index.php,hackerone.com/reports/374100,7,0.0,Cross-site Scripting (XSS) - Reflected,2018-11-09
374106,Brave Software,Lack of quarantine meta-attribute for downloaded files leads to GateKeeper bypass,hackerone.com/reports/374106,52,0.0,Violation of Secure Design Principles,2019-09-12
374737,HackerOne,Blind SSRF on errors.hackerone.net due to Sentry misconfiguration,hackerone.com/reports/374737,142,3500.0,Server-Side Request Forgery (SSRF),2018-07-04
374748,Hanno's projects,SQL injection in Serendipity (serendipity_fetchComments),hackerone.com/reports/374748,4,0.0,SQL Injection,2018-11-09
374817,VK.com,Clickjacking vkpay,hackerone.com/reports/374817,44,0.0,UI Redressing (Clickjacking),2019-12-30
374818,Hanno's projects,SSRF in rompager-check,hackerone.com/reports/374818,3,0.0,Server-Side Request Forgery (SSRF),2018-11-09
374907,GSA Bounty,Root user disclosure in data.gov domain though x-amz-meta-s3cmd-attrs header,hackerone.com/reports/374907,22,0.0,Information Disclosure,2019-07-29
374919,HackerOne,Content spoofing and potential Cross-Site Scripting vulnerability on www.hackerone.com,hackerone.com/reports/374919,128,0.0,Cross-site Scripting (XSS) - Generic,2018-08-04
374969,Brave Software,Navigation to protocol handler URL from the opened page displayed as a request from this page.,hackerone.com/reports/374969,25,0.0,,2018-09-24
375083,Slack,Private application files can be uploaded to Slack via malicious uploader,hackerone.com/reports/375083,38,500.0,Information Disclosure,2021-08-04
375091,U.S. Dept Of Defense,Partial PII leakage due to public set gitlab,hackerone.com/reports/375091,6,0.0,Information Disclosure,2019-12-02
375097,Slack,The POODLE attack (SSLv3 supported) at status.slack.com,hackerone.com/reports/375097,44,0.0,Cryptographic Issues - Generic,2018-11-28
375259,Brave Software,Cross-origin page stays focused before/after downloading + uninformative modal window for download,hackerone.com/reports/375259,10,0.0,,2018-10-04
375329,Brave Software,"Local files reading using `link[rel=""import""]`",hackerone.com/reports/375329,43,0.0,,2018-09-29
375352,Semrush,Post Based XSS On Upload Via CK Editor [semrush.com],hackerone.com/reports/375352,12,0.0,Cross-site Scripting (XSS) - Reflected,2018-08-17
375886,VK.com,"XSS-уязвимость, связанная с загрузкой файлов",hackerone.com/reports/375886,30,0.0,Cross-site Scripting (XSS) - Stored,2018-08-02
376004,Tor,Potential IP revealing using UNC Path in Windows File Picker,hackerone.com/reports/376004,25,0.0,Information Disclosure,2023-11-28
376027,U.S. Dept Of Defense,█████ - DOM-based XSS,hackerone.com/reports/376027,3,0.0,Cross-site Scripting (XSS) - DOM,2019-12-02
376563,Stellar.org,Admin panel of https://www.stellar.org/wp-admin/,hackerone.com/reports/376563,3,0.0,Violation of Secure Design Principles,2020-02-23
377107,ownCloud,Possible to steal any protected files on Android,hackerone.com/reports/377107,115,750.0,Information Disclosure,2021-11-15
377115,ok.ru,Privacy violation для аттачей в сообщениях.,hackerone.com/reports/377115,8,0.0,Privacy Violation,2018-08-21
377206,Brave Software,"`settingcontent-ms` files lacks ""mark of the web"" => execute code by dbl click in Downloads toolbar",hackerone.com/reports/377206,5,0.0,,2018-10-04
377264,U.S. Dept Of Defense,█████ - DOM-based XSS,hackerone.com/reports/377264,4,0.0,Cross-site Scripting (XSS) - DOM,2019-12-02
377542,VK.com,CVE-2018-0296,hackerone.com/reports/377542,80,0.0,,2019-06-17
377565,Hiro,Can view all username leaked in https://core.blockstack.org,hackerone.com/reports/377565,14,0.0,,2025-10-31
377582,VK.com,Получение БД кэша из Android-приложения через стороннее приложение,hackerone.com/reports/377582,32,0.0,Information Exposure Through Debug Information,2019-06-11
377592,Monero,A bug in the Monero wallet balance can enable theft from exchanges,hackerone.com/reports/377592,5,0.0,Business Logic Errors,2018-08-02
378122,HackerOne,"HackerOne customer submitted sensitive link to VirusTotal, exposing confidential information",hackerone.com/reports/378122,60,0.0,Information Disclosure,2018-07-26
378148,GitLab,Vulnerability in project import leads to arbitrary command execution,hackerone.com/reports/378148,32,0.0,Command Injection - Generic,2018-08-22
378209,HackerOne,Ajouter le même utilisateur que celui déjà inscrit dans les équipes,hackerone.com/reports/378209,7,0.0,,2018-07-17
378558,Uber,Information Leak - GitHub - Endpoint Configuration Details,hackerone.com/reports/378558,8,0.0,Information Disclosure,2018-08-27
378698,ok.ru,Cisco ASA Denial of Service & Path Traversal (CVE-2018-0296),hackerone.com/reports/378698,9,0.0,,2019-05-20
378805,Brave Software,Navigation to `chrome-extension://` origin (internal pages) from the web,hackerone.com/reports/378805,11,0.0,,2018-09-24
378809,Brave Software,`alert()` dialogs on `chrome-extension://` origin (internal pages),hackerone.com/reports/378809,6,0.0,,2018-10-04
378864,Brave Software,"Torrent extension: Cross-origin downloading + ""URL spoofing"" + CSP-blocked XSS",hackerone.com/reports/378864,12,0.0,,2018-09-24
378941,Vimeo,Reflected File Download (RFD) in download video,hackerone.com/reports/378941,60,0.0,,2019-08-23
379049,Monero,Attcker can trick monero wallet into reporting it recived twice as much with alternative tx_keypubs,hackerone.com/reports/379049,17,0.0,Business Logic Errors,2018-07-27
380045,Valve,Stored XSS in the guide's GameplayVersion (www.dota2.com),hackerone.com/reports/380045,34,0.0,Cross-site Scripting (XSS) - Stored,2019-01-07
380102,Nextcloud,Missing memory corruption protection on Windows release built,hackerone.com/reports/380102,2,0.0,Memory Corruption - Generic,2020-08-14
380103,U.S. Dept Of Defense,Stored Xss Vulnerability on ████████,hackerone.com/reports/380103,192,0.0,Cross-site Scripting (XSS) - Stored,2020-05-14
380158,Starbucks,svcardproxydevus.starbucks.com Subdomain take over,hackerone.com/reports/380158,39,0.0,Improper Access Control - Generic,2018-07-23
380317,HackerOne,Team object exposes amount of participants in a private program to non-invited users,hackerone.com/reports/380317,58,0.0,Information Disclosure,2018-07-20
380354,Roblox,Reflected XSS through multiple inputs in the issue collector on Jira,hackerone.com/reports/380354,55,0.0,Cross-site Scripting (XSS) - Reflected,2020-03-24
380760,Rockstar Games,Open redirect vulnerability,hackerone.com/reports/380760,83,250.0,Open Redirect,2019-04-03
380782,Nextcloud,Ubuntu 12.04 Privilege Escalation,hackerone.com/reports/380782,0,0.0,Privilege Escalation,2018-12-18
380873,Node.js third-party modules,Prototype pollution attack (lodash / constructor.prototype),hackerone.com/reports/380873,15,0.0,Uncontrolled Resource Consumption,2018-10-30
380878,Node.js third-party modules,Prototype pollution attack (defaults-deep / constructor.prototype),hackerone.com/reports/380878,7,0.0,Uncontrolled Resource Consumption,2018-09-28
380939,Starbucks,Open Redirection in Login - Korean Starbucks,hackerone.com/reports/380939,54,0.0,Open Redirect,2019-03-20
381129,Slack,"SSRF in api.slack.com, using slash commands and bypassing the protections.",hackerone.com/reports/381129,84,0.0,Server-Side Request Forgery (SSRF),2019-02-22
381185,Node.js third-party modules,Prototype pollution attack (extend),hackerone.com/reports/381185,5,0.0,Uncontrolled Resource Consumption,2018-08-22
381192,Shopify,Preview bar: Incomplete message origin validation results in XSS,hackerone.com/reports/381192,26,0.0,Cross-site Scripting (XSS) - DOM,2018-07-26
381194,Node.js third-party modules,Prototype pollution attack (merge.recursive),hackerone.com/reports/381194,9,0.0,Uncontrolled Resource Consumption,2018-09-28
381237,Valve,CSRF | Ban or unban users in broadcast's chat,hackerone.com/reports/381237,10,0.0,Cross-Site Request Forgery (CSRF),2019-01-07
381356,HackerOne,"Client-Side Race Condition using Marketo, allows sending user to data-protocol in Safari when form without onSuccess is submitted on www.hackerone.com",hackerone.com/reports/381356,154,0.0,Business Logic Errors,2019-04-05
381758,U.S. Dept Of Defense,sql injection on  /messagecenter/messagingcenter at https://www.███████/,hackerone.com/reports/381758,5,0.0,SQL Injection,2019-10-08
381771,U.S. Dept Of Defense,████████ SQL,hackerone.com/reports/381771,3,0.0,SQL Injection,2019-10-08
382048,U.S. Dept Of Defense,Server-Side Request Forgery (SSRF),hackerone.com/reports/382048,10,0.0,Server-Side Request Forgery (SSRF),2019-12-02
382321,Khan Academy,POST XSS  in https://www.khanacademy.org.tr/ via page_search_query parameter,hackerone.com/reports/382321,15,0.0,Cross-site Scripting (XSS) - Generic,2018-09-18
382612,Shopify,Potential SSRF and disclosure of sensitive site on *shopifycloud.com,hackerone.com/reports/382612,9,0.0,Server-Side Request Forgery (SSRF),2018-07-19
382625,Semrush,Stored XSS in '' Section and WAF Bypass,hackerone.com/reports/382625,50,0.0,Cross-site Scripting (XSS) - Stored,2018-12-07
382666,Rocket.Chat,Blind XSS in the rocket.chat registration email,hackerone.com/reports/382666,18,0.0,Cross-site Scripting (XSS) - Stored,2018-09-26
382667,Semrush,Improper authentication on registration,hackerone.com/reports/382667,7,0.0,Improper Authentication - Generic,2018-08-24
382678,Snapchat,"Client IP Spoofing using ""X-Forwarded-For: 127.0.0.1"" on ""studio-app.snapchat.com"" exposing bucket details",hackerone.com/reports/382678,40,500.0,Improper Access Control - Generic,2021-08-12
383112,Node.js third-party modules,[ponse] Path traversal in ponse module allows to read any file on server,hackerone.com/reports/383112,4,0.0,Path Traversal,2018-07-20
383117,Nextcloud,HTML injection with AutoComplete suggestions,hackerone.com/reports/383117,5,0.0,Cross-site Scripting (XSS) - Generic,2018-08-10
383127,Valve,SQL Injection in report_xml.php through countryFilter[] parameter,hackerone.com/reports/383127,406,25000.0,SQL Injection,2018-07-27
383564,Starbucks,Subdomain takeover on svcgatewaydevus.starbucks.com and svcgatewayloadus.starbucks.com,hackerone.com/reports/383564,35,0.0,Privilege Escalation,2018-07-23
384029,Node.js third-party modules,url-parse package return wrong hostname ,hackerone.com/reports/384029,8,0.0,Open Redirect,2018-07-30
384101,Imgur,Go.imgur.com can be used to phish for account information,hackerone.com/reports/384101,18,0.0,Phishing,2018-09-21
384112,WordPress,xss - reflected,hackerone.com/reports/384112,10,0.0,Cross-site Scripting (XSS) - Reflected,2018-07-24
384214,Internet Bug Bounty,heap-buffer-overflow (READ of size 48) in exif_read_data(),hackerone.com/reports/384214,13,0.0,Heap Overflow,2018-09-01
384255,GitLab,Stored XSS on Issue details page,hackerone.com/reports/384255,16,0.0,Cross-site Scripting (XSS) - Stored,2018-10-30
384257,Eternal,"Phishing user to download malicious app could lead to leakage of User Access Token, Email, Name and Profile photo via exported RemoteService",hackerone.com/reports/384257,15,300.0,Information Disclosure,2018-09-11
384289,GSA Bounty,Redirect on authorization allows account compromise,hackerone.com/reports/384289,14,0.0,Improper Authentication - Generic,2018-11-06
384397,U.S. Dept Of Defense,SQL Injection vulnerability located at ████████,hackerone.com/reports/384397,45,0.0,SQL Injection,2019-08-15
384477,Internet Bug Bounty,Int Overflow lead to Heap OverFlow in exif_thumbnail_extract of exif.c,hackerone.com/reports/384477,42,0.0,Integer Overflow,2019-10-21
384517,Rocket.Chat,XSS (stored) Wizard is saving executable code,hackerone.com/reports/384517,7,0.0,Cross-site Scripting (XSS) - Stored,2018-09-27
384719,Internet Bug Bounty,linkinfo - openbasedir bypass on Windows PHP,hackerone.com/reports/384719,7,500.0,Improper Access Control - Generic,2018-10-15
384814,Chaturbate,Stored XSS against all Chaturbate users using an application name,hackerone.com/reports/384814,10,0.0,Cross-site Scripting (XSS) - Stored,2018-09-19
384839,Internet Bug Bounty,DoS for HTTP/2 connections by crafted requests (CVE-2018-1333),hackerone.com/reports/384839,15,0.0,Uncontrolled Resource Consumption,2018-10-28
384939,Node.js third-party modules,http-live-simulator npm module is prone to path traversal attacks,hackerone.com/reports/384939,5,0.0,Path Traversal,2018-09-18
385037,Nextcloud,Missing SPF flags for customerupdates.nextcloud.com,hackerone.com/reports/385037,6,0.0,,2020-03-01
385145,Chaturbate,Homograph attack on redirect URL (https://chaturbate.com/external_link/?url),hackerone.com/reports/385145,11,0.0,Violation of Secure Design Principles,2018-09-20
385178,Chaturbate,Blind SSRF on image proxy camo.stream.highwebmedia.com,hackerone.com/reports/385178,10,0.0,Server-Side Request Forgery (SSRF),2018-09-20
385239,Chaturbate,Add non-existent room moderator,hackerone.com/reports/385239,11,0.0,Improper Input Validation,2018-10-19
385322,WordPress,Open API For Username enumeration,hackerone.com/reports/385322,25,0.0,,2018-07-23
385372,Chaturbate,Homograph attack on redirect URL ,hackerone.com/reports/385372,9,0.0,Violation of Secure Design Principles,2018-10-19
385381,Chaturbate,Rate limit missing at room login,hackerone.com/reports/385381,27,500.0,Improper Restriction of Authentication Attempts,2018-09-30
386116,Chaturbate,CSV Injection with the CSV export feature,hackerone.com/reports/386116,14,0.0,OS Command Injection,2018-09-20
386144,VK.com,Bypass User Interaction to initiate a VoIP call to Another User,hackerone.com/reports/386144,41,500.01,Privilege Escalation,2018-11-12
386160,MariaDB,xmlrpc.php on mariadb.org can lead to DDOS and brute force attacks,hackerone.com/reports/386160,10,0.0,Uncontrolled Resource Consumption,2018-10-12
386292,Slack,Bypass of the SSRF protection in Event Subscriptions parameter.,hackerone.com/reports/386292,52,0.0,Server-Side Request Forgery (SSRF),2019-02-22
386334,Chaturbate,CSS Injection on /embed/ via bgcolor parameter leaks user's CSRF token and allows for XSS ,hackerone.com/reports/386334,43,0.0,Cross-site Scripting (XSS) - DOM,2018-09-19
386340,Chaturbate,Reflected XSS on ssl-ccstatic.highwebmedia.com  via player.swf,hackerone.com/reports/386340,7,0.0,Cross-site Scripting (XSS) - Reflected,2018-09-19
386351,Chaturbate,Users may still able to view chat room panel of password protected rooms,hackerone.com/reports/386351,13,0.0,Improper Access Control - Generic,2018-09-20
386570,Ubiquiti Inc.,Reflected XSS in Nanostation Loco M2 - AirOS ver=6.1.7,hackerone.com/reports/386570,10,0.0,Cross-site Scripting (XSS) - Reflected,2020-06-01
386596,Semmle,Email Not Completely Deleted after Deleting an account,hackerone.com/reports/386596,18,0.0,Privacy Violation,2019-03-25
386614,Rocket.Chat,Slack Token exposed over internet (Github),hackerone.com/reports/386614,14,0.0,Cleartext Storage of Sensitive Information,2019-07-11
386735,Chaturbate,Login form on non-HTTPS page on http://stream.highwebmedia.com/auth/login/,hackerone.com/reports/386735,15,0.0,Cleartext Transmission of Sensitive Information,2018-09-20
386807,Node.js third-party modules,[flintcms] Account takeover due to blind MongoDB injection in password reset,hackerone.com/reports/386807,12,0.0,Privilege Escalation,2018-08-15
386997,HackerOne,Private program policy page still accessible after user left the program,hackerone.com/reports/386997,57,2500.0,Information Disclosure,2018-08-12
387007,GSA Bounty,[idp.fr.cloud.gov] Open Redirect,hackerone.com/reports/387007,25,150.0,Open Redirect,2018-11-01
387250,Ruby,"OpenSSL::X509::Name Equality Check Does Not Work, Patch included",hackerone.com/reports/387250,11,0.0,Improper Certificate Validation,2018-10-19
387279,Shopify,App messaging can be hijacked by third-party websites,hackerone.com/reports/387279,39,0.0,Violation of Secure Design Principles,2018-11-07
387307,Vimeo,Domain pointing to vimeo portfolio are prone to takeover using on-demand.,hackerone.com/reports/387307,77,0.0,Business Logic Errors,2018-08-27
387544,Shopify,Admin bar: Incomplete message origin validation results in XSS,hackerone.com/reports/387544,23,0.0,Cross-site Scripting (XSS) - DOM,2018-11-07
388143,VK.com,Злом (virus).. Смотрим кто голосовал в анонимном опросе!!,hackerone.com/reports/388143,14,200.0,Information Disclosure,2021-11-05
388215,Chaturbate,"Internal loop going to infinite for cb.setTimeout(func, msecs) for broadcast app.",hackerone.com/reports/388215,1,0.0,Business Logic Errors,2018-10-01
388236,VK.com,Проверяем принадлеженость email и номера телефона к определенному юзеру / CSRF на смену номера для некоторых пользователей,hackerone.com/reports/388236,16,300.0,Cross-Site Request Forgery (CSRF),2019-01-28
388254,WordPress,Account takeover vulnerability by editor role privileged users/attackers via clickjacking,hackerone.com/reports/388254,8,0.0,UI Redressing (Clickjacking),2018-09-03
388515,Nextcloud,Access control issue -- [Allow file system access not validated when using session auth],hackerone.com/reports/388515,17,100.0,Improper Access Control - Generic,2018-09-25
388527,Nextcloud,Self xss,hackerone.com/reports/388527,11,0.0,Cross-site Scripting (XSS) - Generic,2020-04-05
388554,U.S. Dept Of Defense,████ █████ exposes highly sensitive information to public,hackerone.com/reports/388554,8,0.0,Insecure Direct Object Reference (IDOR),2020-05-11
388622,Starbucks,Subdomain takeover on wfmnarptpc.starbucks.com,hackerone.com/reports/388622,89,0.0,Privilege Escalation,2018-08-09
388740,Homebrew,GitHub API Key for BrewTestBot is publicly exposed,hackerone.com/reports/388740,27,0.0,Information Disclosure,2018-08-11
388936,Node.js third-party modules,[egg-scripts] Command injection,hackerone.com/reports/388936,7,0.0,Command Injection - Generic,2018-08-19
389076,Superhuman (formerly Grammarly),`open-url` command allows opening unlimited number of tabs pointing to arbitrary URLs,hackerone.com/reports/389076,37,0.0,,2019-04-23
389078,Uber,"[experience.uber.com] Node.js source code disclosure & anonymous access to internal Uber documents, templates and tools",hackerone.com/reports/389078,5,0.0,Information Disclosure,2021-02-23
389108,Superhuman (formerly Grammarly),Handling of `tracking` command allows making arbitrary blind requests with user's cookies from Grammarly Extension's origin,hackerone.com/reports/389108,202,0.0,,2019-08-01
389116,U.S. Dept Of Defense,███ exposes sensitive shipment information to public web,hackerone.com/reports/389116,19,0.0,Information Disclosure,2019-04-08
389250,U.S. Dept Of Defense,IDOR,hackerone.com/reports/389250,19,0.0,Insecure Direct Object Reference (IDOR),2022-02-14
389454,Starbucks,Backup Source Code Detected,hackerone.com/reports/389454,15,0.0,,2018-09-21
389561,Node.js third-party modules,Command Injection Vulnerability in kill-port Package,hackerone.com/reports/389561,10,0.0,Command Injection - Generic,2019-01-06
389592,Upserve ,[theacademy.upserve.com] Reflected XSS Query-String,hackerone.com/reports/389592,11,250.0,Cross-site Scripting (XSS) - Reflected,2018-10-19
389600,HackerOne,TeamProfile exposes partially sensitive information through GraphQL,hackerone.com/reports/389600,60,0.0,Information Disclosure,2018-08-08
390013,Brave Software,Local files reading from the web using `brave://`,hackerone.com/reports/390013,74,0.0,,2018-09-25
390126,VK.com,"Узнаем несколько цифр номера телефона юзера (можно флудить смс), всего раз узнав его remixsid и его ид юзера, и установка оффлайна юзерам.",hackerone.com/reports/390126,10,300.0,Insufficient Session Expiration,2019-05-10
390181,Uber,Reflected XSS on Partners Subdomain,hackerone.com/reports/390181,31,2000.0,,2018-09-16
390359,U.S. Dept Of Defense,SOAP WSDL Parser SQL Code Execution,hackerone.com/reports/390359,30,0.0,SQL Injection,2019-01-16
390362,Brave Software,"Local files reading from the ""file://"" origin through `brave://`",hackerone.com/reports/390362,24,0.0,,2018-09-29
390386,Uber,Reflected XSS on https://www.uber.com ,hackerone.com/reports/390386,114,0.0,,2021-03-15
390429,Valve,Reflected XSS on help.steampowered.com,hackerone.com/reports/390429,14,0.0,Cross-site Scripting (XSS) - Reflected,2019-01-07
390499,Monero,Stack Overflow in JSON RPC Server,hackerone.com/reports/390499,10,0.0,Stack Overflow,2018-09-28
390631,Node.js third-party modules,[ascii-art] Command injection,hackerone.com/reports/390631,14,0.0,Command Injection - Generic,2018-09-08
390663,Revive Adserver,Open redirect in switch account functionality,hackerone.com/reports/390663,3,0.0,Open Redirect,2019-04-23
390728,Nextcloud,Stored XSS on scan.nextcloud.com,hackerone.com/reports/390728,4,0.0,Cross-site Scripting (XSS) - Stored,2020-03-01
390847,Node.js third-party modules,Prototype Pollution Vulnerability in cached-path-relative Package,hackerone.com/reports/390847,1,0.0,Uncontrolled Resource Consumption,2018-11-02
390848,Node.js third-party modules,Command Injection is ps Package,hackerone.com/reports/390848,8,0.0,Command Injection - Generic,2018-09-07
390857,Node.js third-party modules,Prototype Pollution Vulnerability in noble Package,hackerone.com/reports/390857,4,0.0,,2021-06-28
390860,Node.js third-party modules,Prototype Pollution Vulnerability in mpath Package,hackerone.com/reports/390860,6,0.0,,2018-11-30
390865,Node.js third-party modules,Command Injection Vulnerability in libnmap Package,hackerone.com/reports/390865,9,0.0,Command Injection - Generic,2018-10-14
390871,Node.js third-party modules,Command Injection Vulnerability in win-fork/win-spawn Packages,hackerone.com/reports/390871,1,0.0,Command Injection - Generic,2018-08-10
390879,U.S. Dept Of Defense,SQL Injection on www.██████████ on countID parameter,hackerone.com/reports/390879,80,0.0,SQL Injection,2019-10-08
390881,Node.js third-party modules,Code Injection Vulnerability in morgan Package,hackerone.com/reports/390881,13,0.0,Code Injection,2018-10-28
390929,Node.js third-party modules,Code Injection Vulnerability in dot Package,hackerone.com/reports/390929,5,0.0,Code Injection,2019-04-03
391092,Yelp,"I.D.O.R To Order,Book,Buy,reserve On YELP FOR FREE (UNAUTHORIZED USE OF OTHER USER'S CREDIT CARD)",hackerone.com/reports/391092,213,0.0,Insecure Direct Object Reference (IDOR),2020-08-19
391217,Valve,Getting all the CD keys of any game,hackerone.com/reports/391217,635,20000.0,Improper Access Control - Generic,2018-10-31
391385,Yelp,Unauthorized Use of Victim Credit Card,hackerone.com/reports/391385,6,0.0,Privacy Violation,2020-08-21
391390,Shopify,Stored XSS on activity,hackerone.com/reports/391390,55,2000.0,Cross-site Scripting (XSS) - Stored,2018-08-14
391611,Monero,Malicious get_random_rct_outs.bin rpc can cause a near-infinite loop,hackerone.com/reports/391611,12,0.0,Uncontrolled Resource Consumption,2018-09-28
392106,Uber,[First 30] Stored XSS on login.uber.com/oauth/v2/authorize via redirect_uri parameter,hackerone.com/reports/392106,130,3000.0,Cross-site Scripting (XSS) - Stored,2021-02-25
392311,RubyGems,Malware in `active-support` gem,hackerone.com/reports/392311,8,0.0,Command Injection - Generic,2018-08-09
392701,MariaDB,Vulnerability Report - Missing Certificate Authority Authorization rule,hackerone.com/reports/392701,16,0.0,Cryptographic Issues - Generic,2018-11-11
392728,Slack,Possibility to freeze/crash the host system of all Slack Desktop users easily,hackerone.com/reports/392728,9,0.0,Violation of Secure Design Principles,2020-11-10
392761,MariaDB,vulnerable to Cross-site Request Forgery | Jira,hackerone.com/reports/392761,9,0.0,Cross-Site Request Forgery (CSRF),2018-10-12
392785,Snapchat,Domain Takeover in [obviousengine.com] a snapchat acquisitions,hackerone.com/reports/392785,32,0.0,Privilege Escalation,2018-10-07
393615,Ed,Physical Laptop Takeover,hackerone.com/reports/393615,379,0.0,Privacy Violation,2018-08-12
394016,Discourse,Web Cache Deception Attack (XSS),hackerone.com/reports/394016,51,256.0,Cross-site Scripting (XSS) - Stored,2018-11-18
394253,Ruby on Rails,Validation bypass for queries generated for PostgreSQL,hackerone.com/reports/394253,21,1500.0,,2018-11-19
394294,Node.js third-party modules,[samsung-remote] Command injection,hackerone.com/reports/394294,10,0.0,Command Injection - Generic,2018-09-02
394329,Chaturbate,Account Takeover via billing,hackerone.com/reports/394329,55,8000.0,Improper Authorization,2018-09-19
394332,VK.com,[Клевер/Android] Небезопасный BroadcastReceiver позволяет создавать окно диалога в приложении посредством другого неавторизованного приложения,hackerone.com/reports/394332,18,0.0,Improper Access Control - Generic,2018-10-26
394516,Chaturbate,Stats Token doesn't expire after deactivating account,hackerone.com/reports/394516,8,250.0,Improper Access Control - Generic,2018-09-27
394861,MariaDB,Incorrect Permission Assignment for Critical Resource,hackerone.com/reports/394861,6,0.0,Privilege Escalation,2018-11-14
395246,U.S. Dept Of Defense,███████ Site Exposes █████████ forms,hackerone.com/reports/395246,21,0.0,Insecure Direct Object Reference (IDOR),2019-04-05
395351,Chaturbate,Bypass subdomain limits using race condition,hackerone.com/reports/395351,13,100.0,Time-of-check Time-of-use (TOCTOU) Race Condition,2018-09-27
395518,HackerOne,Internal usage of AdBlockPlus may expose PoC URLs to unknown third-parties,hackerone.com/reports/395518,32,0.0,Information Disclosure,2018-08-17
395521,DuckDuckGo,SSRF vulnerability on proxy.duckduckgo.com (access to metadata server on AWS),hackerone.com/reports/395521,24,0.0,,2018-10-31
395531,Kaspersky,test report,hackerone.com/reports/395531,9,0.0,Heap Overflow,2018-08-15
395729,Superhuman (formerly Grammarly),`socket` command allows sending data over WebSockets to arbitrary origins from Grammarly Extension,hackerone.com/reports/395729,140,0.0,,2019-07-15
395731,Chaturbate,CSRF in REPORT EMOTICON feature,hackerone.com/reports/395731,10,250.0,Cross-Site Request Forgery (CSRF),2018-09-27
395734,DuckDuckGo,XSS in Subdomain of DuckDuckGo,hackerone.com/reports/395734,3,0.0,Cross-site Scripting (XSS) - Reflected,2024-02-01
395737,Brave Software,"`chrome://brave` available for navigation in Release build [-> RCE] + navigation to `chrome://*` using tab_helper [""Open in new tab""]",hackerone.com/reports/395737,46,0.0,,2018-09-25
395845,Node.js,url.parse() hostname spoofing via javascript: URIs,hackerone.com/reports/395845,11,0.0,Cross-site Scripting (XSS) - Generic,2020-01-15
395944,Node.js third-party modules,Reflected XSS  in the npm module express-cart.,hackerone.com/reports/395944,16,0.0,Cross-site Scripting (XSS) - Reflected,2019-02-15
396338,Chaturbate,CSRF in cancel group and private show requests,hackerone.com/reports/396338,7,300.0,Cross-Site Request Forgery (CSRF),2018-09-21
396467,Snapchat,Github Token Leaked publicly for https://github.sc-corp.net,hackerone.com/reports/396467,581,0.0,Cleartext Storage of Sensitive Information,2018-10-08
396493,Starbucks,Reflected DOM XSS on www.starbucks.co.uk,hackerone.com/reports/396493,14,0.0,Cross-site Scripting (XSS) - Reflected,2020-06-16
396802,Chaturbate,"CSRF in ""send them an email and browser notification"" feature",hackerone.com/reports/396802,6,150.0,Cross-Site Request Forgery (CSRF),2018-09-27
396954,Rootstock Labs,Attacker can add arbitrary data to the blockchain without paying gas,hackerone.com/reports/396954,258,0.0,Deserialization of Untrusted Data,2019-09-18
397031,HackerOne,Disclosure of top 10 vulnerability types for programs that haven't enabled the Insights feature,hackerone.com/reports/397031,42,0.0,Information Disclosure,2018-11-07
397088,Shopify,Stored XSS on buy button,hackerone.com/reports/397088,39,500.0,Cross-site Scripting (XSS) - Stored,2018-09-29
397130,Shopify,Unauthenticated access to Zendesk tickets through athena-flex-production.shopifycloud.com Okta bypass,hackerone.com/reports/397130,61,0.0,Improper Authentication - Generic,2018-09-19
397402,MariaDB,SSRF on jira.mariadb.org,hackerone.com/reports/397402,21,0.0,Server-Side Request Forgery (SSRF),2018-10-13
397445,Node.js third-party modules,[express-cart] Customer and admin email enumeration through MongoDB injection,hackerone.com/reports/397445,6,0.0,SQL Injection,2018-09-10
397497,Uber,Stored XSS on auth.uber.com/oauth/v2/authorize via redirect_uri parameter leads to Account Takeover,hackerone.com/reports/397497,52,3000.0,Cross-site Scripting (XSS) - Stored,2021-02-25
397508,Chaturbate,Web cache deception attack - expose token information,hackerone.com/reports/397508,28,0.0,Information Disclosure,2018-09-20
397527,Grab,Leaking sensitive information on Github lead full access to all Grab Slack channels ,hackerone.com/reports/397527,143,0.0,Information Disclosure,2018-09-11
397545,Valve,Malformed .BMP file in Counter-Strike 1.6 may cause shellcode injection,hackerone.com/reports/397545,321,0.0,Classic Buffer Overflow,2020-02-27
397792,HackerOne,@wearehackerone.com is vulnerable to namespace attacks due to hackerone.com not being RFC2142 compliant.,hackerone.com/reports/397792,117,0.0,Business Logic Errors,2019-01-02
398054,HackerOne,DOM Based XSS in www.hackerone.com via PostMessage,hackerone.com/reports/398054,208,500.0,Cross-site Scripting (XSS) - DOM,2019-02-21
398285,Node.js third-party modules,[serve] XSS via HTML tag injection in directory lisiting page,hackerone.com/reports/398285,4,0.0,Cross-site Scripting (XSS) - Stored,2018-10-19
398641,DuckDuckGo,SSRF on duckduckgo.com/iu/,hackerone.com/reports/398641,164,0.0,Server-Side Request Forgery (SSRF),2018-09-09
398797,Starbucks,DVR default username and password,hackerone.com/reports/398797,21,0.0,,2018-10-15
398799,GitLab,Unauthenticated blind SSRF in OAuth Jira authorization controller,hackerone.com/reports/398799,237,4000.0,Server-Side Request Forgery (SSRF),2019-03-14
399165,Khan Academy,Possible Subdomain Takeover,hackerone.com/reports/399165,8,0.0,,2018-08-31
399166,Rocket.Chat,Remote code execution by hijacking an unclaimed S3 bucket in Rocket.Chat's installation script.,hackerone.com/reports/399166,35,0.0,Code Injection,2018-08-28
399174,X / xAI,Access MoPub Reports Data even after Company removed you from their MoPub Account.,hackerone.com/reports/399174,11,0.0,Information Disclosure,2019-11-05
400781,Weblate,Browser Self XSS Protection not implemented,hackerone.com/reports/400781,7,0.0,Information Disclosure,2018-09-26
400785,PortSwigger Web Security,Browser Self XSS Protection not implemented,hackerone.com/reports/400785,5,0.0,Information Disclosure,2018-09-26
400826,Weblate,Broken Authentication – Session Token bug,hackerone.com/reports/400826,18,0.0,,2018-09-26
400982,Chaturbate,Open redirect in securegatewayaccess.com / secure.chaturbate.com via prejoin_data parameter,hackerone.com/reports/400982,10,250.0,Open Redirect,2018-09-19
401098,Starbucks,[mena.starbucks.com] Laravel App Log & Configuration Disclosure.,hackerone.com/reports/401098,63,0.0,Information Disclosure,2019-09-30
401483,Chaturbate,[chaturbate.com] - CSRF Vulnerability on image upload,hackerone.com/reports/401483,17,300.0,,2018-09-19
401793,Grab,[Grab Android/iOS] Insecure deeplink leads to sensitive information disclosure,hackerone.com/reports/401793,548,0.0,Cross-site Scripting (XSS) - Generic,2019-03-15
401940,PayPal,[Venmo Android] Remote theft of user session,hackerone.com/reports/401940,151,0.0,Open Redirect,2019-02-07
402362,pixiv,RCE due to ImageTragick v2,hackerone.com/reports/402362,44,2000.0,Code Injection,2021-03-16
402410,Bumble,Расшифровка всех типов шифрованных ID,hackerone.com/reports/402410,32,0.0,Information Disclosure,2018-11-01
402473,Automattic,Arbitrary File Download as Shopmanager,hackerone.com/reports/402473,15,0.0,Path Traversal,2019-12-19
402566,Valve,[Half-Life 1] Malformed map name leads to memory corruption and code execution,hackerone.com/reports/402566,163,1500.0,Classic Buffer Overflow,2020-09-22
402658,GitLab,XSS in request approvals,hackerone.com/reports/402658,96,3000.0,Cross-site Scripting (XSS) - Stored,2021-04-23
402671,X / xAI,HTTPS is not validating TLS mac codes,hackerone.com/reports/402671,11,0.0,Use of a Broken or Risky Cryptographic Algorithm,2019-05-25
402753,Automattic,Stored XSS in Jetpack's Simple Payment Module by Contributors / Authors,hackerone.com/reports/402753,41,0.0,Cross-site Scripting (XSS) - Stored,2019-12-19
403039,Automattic,WooCommerce Blacklist in 'map_meta_cap' leads to Privilege Escalation of Shopmanagers,hackerone.com/reports/403039,28,0.0,Privilege Escalation,2019-12-19
403083,Automattic,Authenticated Code Execution through Phar deserialization in CSV Importer as Shop manager in WooCommerce,hackerone.com/reports/403083,84,0.0,Deserialization of Untrusted Data,2019-12-19
403402,Ubiquiti Inc.,Public Jenkins instance with /script enabled,hackerone.com/reports/403402,74,0.0,Code Injection,2018-09-10
403417,Semrush,Remote Code Execution on www.semrush.com/my_reports on Logo upload,hackerone.com/reports/403417,823,0.0,Command Injection - Generic,2019-06-24
403602,Basecamp,Attachments may be hijacked via AppCache+CookieBombing trick (bc3_production_blobs bucket),hackerone.com/reports/403602,57,0.0,Business Logic Errors,2020-11-26
403603,Chaturbate,Private and group tokens per minute endpoint active for disabled users,hackerone.com/reports/403603,11,150.0,Improper Access Control - Generic,2018-09-27
403616,Eternal,[www.zomato.com] SQLi - /php/██████████ - item_id,hackerone.com/reports/403616,325,4500.0,SQL Injection,2018-09-11
403692,Node.js third-party modules,[tianma-static] Stored xss on filename,hackerone.com/reports/403692,6,0.0,Cross-site Scripting (XSS) - Stored,2018-11-02
403703,Node.js third-party modules,List any file in the folder by using path traversal,hackerone.com/reports/403703,15,0.0,Path Traversal,2018-11-23
403707,Node.js third-party modules,[knightjs] Path Traversal allows to read content of arbitrary files,hackerone.com/reports/403707,8,0.0,Path Traversal,2018-11-02
403736,Node.js third-party modules,[takeapeek] Path traversal allow to expose directory and files,hackerone.com/reports/403736,6,0.0,Path Traversal,2018-11-02
403783,Eternal,"[www.zomato.com] Tampering with Order Quantity and paying less amount then actual amount, leads to business loss",hackerone.com/reports/403783,78,0.0,Business Logic Errors,2018-09-17
403793,Khan Academy,Stored 'undefined' Cross-site Scripting,hackerone.com/reports/403793,7,0.0,Cross-site Scripting (XSS) - Stored,2018-09-05
403803,Khan Academy,SignUp With Fake Email,hackerone.com/reports/403803,6,0.0,Business Logic Errors,2018-09-05
403822,Khan Academy,Possible Take Over Subdomain For Inbound Emails ,hackerone.com/reports/403822,9,0.0,,2018-11-08
403891,Weblate,Tab nabbing via window.opener,hackerone.com/reports/403891,5,0.0,,2018-09-01
403909,Nextcloud,Information Exposure Through Directory Listing - https://apps.nextcloud.com/static/,hackerone.com/reports/403909,1,0.0,Information Exposure Through Directory Listing,2019-01-07
404035,Weblate,flood of comment no rate  limit on commnets >>  by using different user agent ,hackerone.com/reports/404035,11,0.0,Violation of Secure Design Principles,2018-09-28
404126,Node.js third-party modules,[buttle] Unsafe rendering of Markdown files,hackerone.com/reports/404126,16,0.0,Cross-site Scripting (XSS) - Generic,2019-01-06
404323,WordPress,Logic flaw in the Post creation process allows creating posts with arbitrary types without needing the corresponding nonce,hackerone.com/reports/404323,38,0.0,Business Logic Errors,2019-02-14
404713,Weblate,2nd issue>>> flood of email  no rate limit on delete account confirmation email >> ,hackerone.com/reports/404713,6,0.0,Violation of Secure Design Principles,2018-09-28
404797,Eternal,IDOR to delete images from other stores,hackerone.com/reports/404797,67,600.0,Insecure Direct Object Reference (IDOR),2018-09-05
404822,Slack,AWS bucket leading to iOS test build code and configuration exposure,hackerone.com/reports/404822,321,1500.0,Information Disclosure,2019-02-23
404864,Superhuman (formerly Grammarly),Emails from Grammarly missing sanitization(lack of validation?) -> HTML injection in emails,hackerone.com/reports/404864,22,0.0,Violation of Secure Design Principles,2019-04-30
405100,BOHEMIA INTERACTIVE a.s.,Stealing Users OAUTH Tokens via redirect_uri ,hackerone.com/reports/405100,44,0.0,Improper Authentication - Generic,2018-09-14
405191,DuckDuckGo,DOM XSS on 50x.html page,hackerone.com/reports/405191,16,0.0,Cross-site Scripting (XSS) - DOM,2018-10-16
405342,BOHEMIA INTERACTIVE a.s.,Clickjacking at ylands.com,hackerone.com/reports/405342,22,80.0,UI Redressing (Clickjacking),2019-03-21
405694,Node.js third-party modules,[apex-publish-static-files] Command Injection on connectString,hackerone.com/reports/405694,10,0.0,Command Injection - Generic,2018-10-18
405697,Shopify,Open redirection in OAuth,hackerone.com/reports/405697,12,0.0,Open Redirect,2018-09-24
406289,WordPress,Stored XSS on Broken Themes via filename,hackerone.com/reports/406289,23,0.0,Cross-site Scripting (XSS) - Stored,2020-08-25
406387,U.S. Dept Of Defense,SSRF on ████████,hackerone.com/reports/406387,8,0.0,Server-Side Request Forgery (SSRF),2019-10-08
406388,BOHEMIA INTERACTIVE a.s.,Apache Server Version Disclousure,hackerone.com/reports/406388,7,0.0,Information Disclosure,2020-03-30
406486,Starbucks,Thailand – a small number of alarm system portals accessible with the default credentials,hackerone.com/reports/406486,23,0.0,Improper Authentication - Generic,2019-11-18
406587,HackerOne,Self DOM-Based XSS in www.hackerone.com,hackerone.com/reports/406587,23,0.0,Cross-site Scripting (XSS) - DOM,2018-11-08
406614,Ubiquiti Inc.,Resource Consumption DOS on Edgemax v1.10.6,hackerone.com/reports/406614,15,0.0,Uncontrolled Resource Consumption,2019-08-04
406704,Valve,XSS @ store.steampowered.com via agecheck path name,hackerone.com/reports/406704,12,750.0,Cross-site Scripting (XSS) - Reflected,2019-01-07
407319,Ruby on Rails,ActiveStorage service's signed URLs can be hijacked via AppCache+Cookie stuffing trick when using GCS or DiskService,hackerone.com/reports/407319,7,0.0,Information Disclosure,2018-12-27
407355,Greenhouse.io,Subdomain Takeover on demo.greenhouse.io pointing to unbouncepages,hackerone.com/reports/407355,76,0.0,Phishing,2020-03-05
407763,GitLab,Unauthorized users may be able to view almost all informations related to Private projects.,hackerone.com/reports/407763,24,0.0,Information Disclosure,2018-12-03
407971,Valve,[help.steampowered.com] Account takeover bruteforcing SteamGuard,hackerone.com/reports/407971,111,2500.0,Business Logic Errors,2019-01-23
407973,BOHEMIA INTERACTIVE a.s.,Weak Password Policy on Signup at https://accounts.bistudio.com/auth,hackerone.com/reports/407973,6,0.0,Violation of Secure Design Principles,2018-09-18
409230,U.S. Dept Of Defense,Cross Site Scripting (XSS) – Reflected,hackerone.com/reports/409230,8,0.0,Cross-site Scripting (XSS) - Reflected,2020-09-29
409237,U.S. Dept Of Defense,Broken Authentication,hackerone.com/reports/409237,16,0.0,Improper Access Control - Generic,2022-02-14
409370,HackerOne,Denial of service via cache poisoning,hackerone.com/reports/409370,253,2500.0,Uncontrolled Resource Consumption,2018-12-22
409380,GitLab,Stored XSS in merge request pages,hackerone.com/reports/409380,18,0.0,Cross-site Scripting (XSS) - Stored,2018-12-03
409395,GitLab,Bypass of GitLab CI runner slash fix in YAML validation,hackerone.com/reports/409395,363,0.0,Improper Input Validation,2019-04-10
409512,Internet Bug Bounty,mod_userdir CRLF injection (CVE-2016-4975),hackerone.com/reports/409512,17,500.0,CRLF Injection,2018-10-02
409518,Superhuman (formerly Grammarly),"""More on Wikipedia"" link disclose ""Referrer"" and leak `window.opener` reference for arbitrary websites",hackerone.com/reports/409518,29,0.0,Violation of Secure Design Principles,2019-04-30
409701,Shopify,SSRF in hatchful.shopify.com,hackerone.com/reports/409701,56,500.0,Server-Side Request Forgery (SSRF),2019-04-04
409850,Valve,XSS in steam react chat client,hackerone.com/reports/409850,493,7500.0,Cross-site Scripting (XSS) - Stored,2019-01-07
409943,Node.js,Http request splitting,hackerone.com/reports/409943,45,0.0,HTTP Response Splitting,2020-01-15
409973,Shopify,"Some store settings/data are accessible to ""No Access"" permission users on GraphQL LiveView operation",hackerone.com/reports/409973,4,0.0,Information Disclosure,2020-08-18
409986,Internet Bug Bounty,Improper handling of Chunked data request in sapi_apache2.c leads to Reflected XSS,hackerone.com/reports/409986,10,500.0,Cross-site Scripting (XSS) - Reflected,2018-10-02
410015,HackerOne,Discrepancy in hacker profile report count may reveal existence of a private program by publishing a report,hackerone.com/reports/410015,147,3000.0,Information Disclosure,2019-04-24
410087,Tor,Expose user IP if TOR crashs,hackerone.com/reports/410087,11,0.0,,2018-09-21
410099,U.S. Dept Of Defense,"Account takeover due to CSRF in ""Account details"" option on █████████",hackerone.com/reports/410099,7,0.0,Cross-Site Request Forgery (CSRF),2019-01-11
410187,Uber,Full Path and internal information disclosure+ SQLNet.log file disclose internal network information,hackerone.com/reports/410187,34,0.0,,2020-04-23
410221,Valve,unlock self-lock by brute force ,hackerone.com/reports/410221,26,900.0,Improper Restriction of Authentication Attempts,2019-01-23
410245,HackerOne,Missing Certificate Authority Authorization rule,hackerone.com/reports/410245,17,0.0,Cryptographic Issues - Generic,2019-04-11
410334,IBM,Reflected XSS and Blind out of band command injection at subdomain dstuid-ww.dst.ibm.com,hackerone.com/reports/410334,42,0.0,OS Command Injection,2022-02-04
410451,HackerOne,User login page doesn't implement any form of rate limiting,hackerone.com/reports/410451,42,0.0,Improper Restriction of Authentication Attempts,2019-01-04
410475,Starbucks,Unauthorized access to a system used for CI/CD processes,hackerone.com/reports/410475,22,0.0,Improper Authentication - Generic,2018-11-01
411063,ExpressionEngine,Persistent XSS via malicious license file,hackerone.com/reports/411063,9,0.0,Cross-site Scripting (XSS) - Stored,2018-09-28
411068,ExpressionEngine,License verification mechanism can be bypassed,hackerone.com/reports/411068,11,0.0,Use of a Broken or Risky Cryptographic Algorithm,2018-09-28
411270,Informatica,Cisco RCE,hackerone.com/reports/411270,8,0.0,Command Injection - Generic,2018-09-21
411329,Valve,"code injection, steam chat client",hackerone.com/reports/411329,27,750.0,Code Injection,2019-01-07
411337,Chaturbate,Forget password link not expiring after email change.,hackerone.com/reports/411337,46,0.0,Improper Authorization,2018-09-20
411364,Linux Foundation Decentralized Trust,Brute Force of fabric-ca server admin account,hackerone.com/reports/411364,61,0.0,Improper Restriction of Authentication Attempts,2022-08-06
411405,Node.js third-party modules,[http-live-simulator] Path traversal vulnerability,hackerone.com/reports/411405,2,0.0,Path Traversal,2018-12-28
411519,RubyGems,DNS SRV lookup of file:// sources enables local hijacking of gems,hackerone.com/reports/411519,22,500.0,Path Traversal,2018-12-11
411620,Chaturbate,Form Replay in customer information form,hackerone.com/reports/411620,16,0.0,Insufficiently Protected Credentials,2019-01-11
411679,Chaturbate,View Failed Approval and Pending videos other users,hackerone.com/reports/411679,28,200.0,,2018-10-21
411690,Alliance of American Football ,Stored xss in address field in billing activity at https://shop.aaf.com/Order/step1/index.cfm,hackerone.com/reports/411690,244,0.0,Cross-site Scripting (XSS) - Stored,2019-05-25
411723,Chaturbate,Open redirection at https://chaturbate.com/auth/login/,hackerone.com/reports/411723,55,0.0,Open Redirect,2018-10-22
411822,Chaturbate,Password protected rooms total number of viewers disclosure to unauthorized members,hackerone.com/reports/411822,11,0.0,Information Disclosure,2018-09-24
411865,Chaturbate,Blind SSRF at https://chaturbate.com/notifications/update_push/,hackerone.com/reports/411865,54,0.0,Server-Side Request Forgery (SSRF),2018-10-21
411920,Chaturbate,"Leaking Username and Password in the URLs via Virustotal, can leads to account takeover",hackerone.com/reports/411920,11,0.0,Information Exposure Through Sent Data,2018-09-21
411930,HackerOne,User with privilege to maintain External Programs can update certain churned HackerOne programs,hackerone.com/reports/411930,41,500.0,Improper Authorization,2018-10-25
412481,Starbucks,China - ecjobsdc.starbucks.com.cn html/shtml file upload vulnerability,hackerone.com/reports/412481,46,0.0,Privilege Escalation,2020-01-29
412490,Superhuman (formerly Grammarly),Permissive CORS policy trusting arbitrary extensions origin,hackerone.com/reports/412490,33,500.0,Improper Access Control - Generic,2019-11-06
412526,Chaturbate,No rate limit in stats api token endpoint,hackerone.com/reports/412526,15,0.0,Improper Restriction of Authentication Attempts,2018-10-19
412673,Internet Bug Bounty,XML hash collision DoS vulnerability in Python's xml.etree module,hackerone.com/reports/412673,9,0.0,Uncontrolled Resource Consumption,2018-10-31
412677,Khan Academy,Creating Unlimited Fake Accounts.,hackerone.com/reports/412677,26,0.0,,2019-01-02
412754,8x8,XSS (Cross site scripting) on https://apimgr.8x8.com,hackerone.com/reports/412754,4,0.0,Cross-site Scripting (XSS) - Reflected,2020-06-09
412772,8x8,Hardcoded credentials in Android App,hackerone.com/reports/412772,17,0.0,Information Disclosure,2020-06-22
412988,HackerOne,Hacker can request mediation for published reports,hackerone.com/reports/412988,23,500.0,Improper Authorization,2018-11-27
413077,8x8,Stored Cross Site Scripting.,hackerone.com/reports/413077,20,0.0,Cross-site Scripting (XSS) - Stored,2020-07-21
413115,8x8,CRLF injection agentcrm.8x8.com,hackerone.com/reports/413115,12,0.0,CRLF Injection,2020-06-26
413388,Ruby on Rails,Untrusted strings that are cache fetched with raw option are automatically marshal loaded,hackerone.com/reports/413388,2,0.0,Deserialization of Untrusted Data,2020-05-26
413412,Chaturbate,Reflected XSS on secure.chaturbate.com,hackerone.com/reports/413412,69,800.0,Cross-site Scripting (XSS) - Reflected,2018-10-18
413426,Chaturbate,Open redirect on chaturbate.com (tipping/purchase_success),hackerone.com/reports/413426,26,250.0,Open Redirect,2018-10-25
413442,Chaturbate,[chatws25.stream.highwebmedia.com] - Reflected XSS in c parameter,hackerone.com/reports/413442,13,350.0,Cross-site Scripting (XSS) - Reflected,2018-09-26
413505,Chaturbate,No rate limit in affiliate statsapi endpoint,hackerone.com/reports/413505,14,0.0,Improper Restriction of Authentication Attempts,2018-10-19
413655,Semmle,Server side includes in https://lgtm-com.pentesting.semmle.net/internal_api/v0.2/savePublicInformation leads to 500 server error and  D-DOS,hackerone.com/reports/413655,3,0.0,Command Injection - Generic,2019-07-18
413759,Shopify,Race condition at create new Location,hackerone.com/reports/413759,36,500.0,Business Logic Errors,2018-10-05
415081,PayPal,IDOR to add secondary users in www.paypal.com/businessmanage/users/api/v1/users,hackerone.com/reports/415081,790,10500.0,Insecure Direct Object Reference (IDOR),2019-07-30
415092,h1-5411-CTF,flag{cha1n1ng_bugs_f0r_fun_4nd_pr0f1t?_or_rep0rt_an_LF1},hackerone.com/reports/415092,13,0.0,,2018-10-22
415137,h1-5411-CTF,H1-5411 CTF Write-up by erbbysam and ziot,hackerone.com/reports/415137,17,0.0,Resource Injection,2018-10-22
415139,Upserve ,Reflected xss on theacademy.upserve.com,hackerone.com/reports/415139,20,0.0,Cross-site Scripting (XSS) - Reflected,2018-09-28
415178,Brave Software,"chrome://brave can still be navigated to, leading to RCE",hackerone.com/reports/415178,12,0.0,Code Injection,2018-10-23
415202,h1-5411-CTF,Flag WriteUp,hackerone.com/reports/415202,15,0.0,XML External Entities (XXE),2018-10-22
415222,h1-5411-CTF,Solution for h15411's CTF challenge,hackerone.com/reports/415222,20,0.0,Code Injection,2018-10-22
415233,h1-5411-CTF,"h1-5411-CTF report: LFI / Deserialization / XXE vulnerability, ",hackerone.com/reports/415233,8,0.0,Command Injection - Generic,2018-10-22
415238,GitLab,[Admin Panel] CSRF to resume/pause runner,hackerone.com/reports/415238,60,0.0,Cross-Site Request Forgery (CSRF),2020-12-01
415258,Brave Software,RCE: DnDing shortcut files to chrome://brave allows loading HTML files in Muon's context,hackerone.com/reports/415258,16,0.0,,2018-10-22
415272,Slack,Linux Desktop application slack executable does not use pie / no ASLR,hackerone.com/reports/415272,47,100.0,Violation of Secure Design Principles,2019-11-17
415275,h1-5411-CTF,CTF Writeup flag{cha1n1ng_bugs_f0r_fun_4nd_pr0f1t?_or_rep0rt_an_LF1},hackerone.com/reports/415275,21,0.0,Deserialization of Untrusted Data,2018-11-21
415329,Node.js,Pull Request #12949 - Security Implications without CVE assignment,hackerone.com/reports/415329,5,0.0,Command Injection - Generic,2020-02-13
415350,Chaturbate,Missing CSRF Protection in  /stats EndPoint.,hackerone.com/reports/415350,4,0.0,Cross-Site Request Forgery (CSRF),2018-10-09
415398,Chaturbate,"Chaturbate ""/chat_ignore_list/"" endpoint does not check for Account status: Disabled  before adding Ignore via POST",hackerone.com/reports/415398,16,0.0,Business Logic Errors,2018-10-31
415484,Shopify,Stored xss,hackerone.com/reports/415484,52,1000.0,Cross-site Scripting (XSS) - Stored,2018-11-07
415501,h1-5411-CTF,RCE via Local File Read -> php unserialization-> XXE -> unpickling,hackerone.com/reports/415501,46,0.0,Code Injection,2018-10-22
415622,Shopify,PII disclosure -- Past team members & their email ID(personal email) can be viewed by Staff member with no permissions on Partner Dashboard,hackerone.com/reports/415622,17,500.0,Information Disclosure,2018-11-08
415682,h1-5411-CTF,Remote Command Execution in a internal server to get the flag file,hackerone.com/reports/415682,17,0.0,OS Command Injection,2018-10-22
415967,Brave Software,chrome://brave navigation from web,hackerone.com/reports/415967,21,0.0,Code Injection,2018-10-23
416004,h1-5411-CTF,H1-5411 CTF Writeup,hackerone.com/reports/416004,11,0.0,,2018-10-22
416040,Brave Software,Field Day With Protocol Handlers,hackerone.com/reports/416040,8,0.0,,2018-12-17
416123,h1-5411-CTF,MemeCTF serial exploitation to local file read to Papertrail access via API-token leakage and more,hackerone.com/reports/416123,15,0.0,Improper Access Control - Generic,2018-10-22
416474,Shopify,subdomain Takeover at blog.exchangemarketplace.com ,hackerone.com/reports/416474,27,0.0,,2018-10-01
416494,Monero,DoS for remote nodes using Slow Loris attack,hackerone.com/reports/416494,9,0.0,Uncontrolled Resource Consumption,2019-02-21
416516,Chaturbate,A 10GB file is reachable,hackerone.com/reports/416516,4,0.0,Information Disclosure,2018-10-01
416682,Chaturbate,CSRF on change video thumbnail at https://chaturbate.com,hackerone.com/reports/416682,14,0.0,Cross-Site Request Forgery (CSRF),2018-10-07
416906,Chaturbate,Missing Rate Limitation at /apps/upload_app/ ,hackerone.com/reports/416906,21,0.0,Business Logic Errors,2018-10-07
416978,Shopify,H1514 CSRF in Domain transfer allows adding your domain to other user's account,hackerone.com/reports/416978,23,0.0,Cross-Site Request Forgery (CSRF),2020-03-30
416983,Shopify,"H1514 Removed Staff members who had ""Apps"" permission can still modify flow app connections",hackerone.com/reports/416983,43,0.0,Improper Authorization,2019-06-14
417170,Shopify,"Using GraphQL, STAFF with NO explicit permissions on Store can retrieve Shopify Payments Balance.",hackerone.com/reports/417170,62,500.0,Information Disclosure,2019-04-04
417360,Starbucks,Thailand - a small number of SMB CCTV footage backup servers were accessible without authentication.,hackerone.com/reports/417360,99,0.0,Improper Access Control - Generic,2019-11-19
417382,HackerOne,Revoking user session in https://hackerone.com/settings/sessions does not revoke the GraphQL query session,hackerone.com/reports/417382,47,500.0,Insufficient Session Expiration,2018-11-30
417453,Chaturbate,Cross-origin resource sharing: arbitrary origin trusted on chatws25.stream.highwebmedia.com,hackerone.com/reports/417453,13,0.0,Improper Access Control - Generic,2018-10-04
417515,Monero,Locked_Transfer functional burning,hackerone.com/reports/417515,5,0.0,,2019-07-09
417839,Shopify,H1514 Lack of access control on edit packing slip template,hackerone.com/reports/417839,12,500.0,Improper Access Control - Generic,2019-04-24
418145,Chaturbate,No rate limiting in changing room subject.,hackerone.com/reports/418145,19,0.0,,2018-10-09
418151,Chaturbate,No rate limiting in starting up a bot.,hackerone.com/reports/418151,15,0.0,,2018-10-09
418248,8x8,Post based XSS (Cross site scripting) on https://apimgr.8x8.com,hackerone.com/reports/418248,8,0.0,Cross-site Scripting (XSS) - Generic,2020-06-22
418254,Chaturbate,Unrestricted POST request size on roomlogin endpoint,hackerone.com/reports/418254,15,200.0,Uncontrolled Resource Consumption,2018-10-07
418267,8x8,Bypass Email activation on http://axa.dxi.eu,hackerone.com/reports/418267,4,0.0,Improper Access Control - Generic,2020-06-09
418271,8x8,Stored XSS agent_status ,hackerone.com/reports/418271,4,0.0,Cross-site Scripting (XSS) - Stored,2020-06-09
418308,8x8,[CRITICAL] Remote code execution on http://axa.dxi.eu,hackerone.com/reports/418308,8,0.0,Code Injection,2020-06-09
418474,HackerOne,Disclosing a private program in an external link if program is paused,hackerone.com/reports/418474,44,500.0,,2019-06-28
418743,Django,Email Spoofing Possible on djangoproject.com Email Domain,hackerone.com/reports/418743,8,0.0,Business Logic Errors,2018-10-05
418767,HackerOne,Hacker can bypass 2FA requirement and reporter blacklist through embedded submission form,hackerone.com/reports/418767,207,10000.0,Improper Authorization,2018-10-31
418823,Eternal,Reflected XSS on developers.zomato.com,hackerone.com/reports/418823,23,100.0,Cross-site Scripting (XSS) - Reflected,2018-10-05
419017,U.S. Dept Of Defense,SQL Injection in ████,hackerone.com/reports/419017,73,0.0,SQL Injection,2019-08-19
419655,Uber,"Client secret, server tokens for developer applications returned by internal API",hackerone.com/reports/419655,125,0.0,Information Disclosure,2019-02-08
419731,Eternal,[www.zomato.com] Blind XSS in one of the Admin Dashboard,hackerone.com/reports/419731,61,0.0,Cross-site Scripting (XSS) - Stored,2018-12-03
419883,Shopify,H1514 [beerify.shopifycloud.com] GraphQL discloses internal beer consumption,hackerone.com/reports/419883,57,802.2,Information Disclosure,2019-05-08
419891,Khan Academy,Cross-Site Request Forgery (CSRF) vulnerability on API endpoint allows account takeovers,hackerone.com/reports/419891,110,0.0,Cross-Site Request Forgery (CSRF),2019-06-22
419896,HackerOne,Unauthenticated user can upload an attachment to the last updated report draft,hackerone.com/reports/419896,85,0.0,Improper Null Termination,2018-10-09
420115,shopify-scripts,Crash in mrb_ary_push,hackerone.com/reports/420115,37,800.0,NULL Pointer Dereference,2019-09-04
420459,Shopify,H1514 Stored XSS in Return Magic App portal content,hackerone.com/reports/420459,21,0.0,Cross-site Scripting (XSS) - Stored,2019-11-08
420583,Infogram,possibility to create account without username,hackerone.com/reports/420583,11,0.0,Violation of Secure Design Principles,2018-10-09
421009,Shopify,H1514 Deanonymizing Exchange Marketplace private listings  ,hackerone.com/reports/421009,30,1000.0,Information Disclosure,2020-03-10
421859,Shopify,H1514 [*.(my)shopify.com] - Viewing Password Protected Content,hackerone.com/reports/421859,192,3000.0,Improper Authentication - Generic,2019-05-22
422043,Shopify,H1514 DOMXSS on Embedded SDK via Shopify.API.setWindowLocation abusing cookie Stuffing,hackerone.com/reports/422043,195,0.0,Cross-site Scripting (XSS) - DOM,2019-04-17
422279,Shopify,H1514 Simple phishing using auto-created modal with weak URL-pattern check in incontext_app_link,hackerone.com/reports/422279,25,0.0,Business Logic Errors,2019-04-10
422331,Alliance of American Football ,attacker can book unlimited tickets in free at https://aaf.com/checkout/order-received/21237/?key=wc_order_5bbef48fa35b2,hackerone.com/reports/422331,68,0.0,Business Logic Errors,2019-04-25
422698,Chaturbate,Update Chat Allowed By Option ( without age verification ),hackerone.com/reports/422698,23,0.0,Business Logic Errors,2018-10-18
422707,Shopify,Reflected XSS on $Any$.myshopify.com/admin,hackerone.com/reports/422707,58,1500.0,Cross-site Scripting (XSS) - Reflected,2018-11-13
422944,Shopify,H1514 Remote Code Execution on kitcrm using bulk customer update of Priority Products,hackerone.com/reports/422944,830,0.0,Command Injection - Generic,2020-02-06
423022,Discourse,Account takeover at https://try.discourse.org due to no CSRF protection in connecting Yahoo account,hackerone.com/reports/423022,88,0.0,Cross-Site Request Forgery (CSRF),2018-12-06
423073,HackerOne,Improper UUID validation results in bypass of #419896,hackerone.com/reports/423073,81,0.0,Improper Input Validation,2018-10-25
423118,U.S. Dept Of Defense,Unencrypted __VIEWSTATE parameter in a DoD website,hackerone.com/reports/423118,2,0.0,Cryptographic Issues - Generic,2020-05-14
423136,Shopify,H1514 Session Fixation on multiple shopify-built apps on *.shopifycloud.com and *.shopifyapps.com,hackerone.com/reports/423136,144,0.0,Session Fixation,2019-04-25
423198,Shopify,H1514 Ability to Edit Packaging Slip Templates and View Product & Shipping Information by a low privileged staff in a Sandbox Store,hackerone.com/reports/423198,8,500.0,Privilege Escalation,2019-04-24
423218,Shopify,H1514 DOM XSS on checkout.shopify.com via postMessage handler on /:id/sandbox/google_maps,hackerone.com/reports/423218,46,500.0,Cross-site Scripting (XSS) - DOM,2019-11-04
423269,Starbucks,China - president-starbucks.com.cn DNS configuration reported as takeover,hackerone.com/reports/423269,71,0.0,Privilege Escalation,2020-03-17
423286,Starbucks,Sidekiq web UI (Ruby background processing) accessible unauthenticated via https://gift-test.starbucks.co.jp/sidekiq/busy,hackerone.com/reports/423286,16,0.0,Improper Access Control - Generic,2018-10-24
423336,Tor,Email Spoofing Possible on torproject.org Email Domain,hackerone.com/reports/423336,3,0.0,Business Logic Errors,2018-10-16
423388,Shopify,H1514 Get access to non public information by pivoting with graphql queries,hackerone.com/reports/423388,14,1500.0,Information Disclosure,2019-11-03
423437,Shopify,"H1514 Shopify API ruby SDK session setup lacks input validation, resulting in SSRF and leakage of client secret",hackerone.com/reports/423437,11,0.0,Improper Input Validation,2019-04-05
423454,Shopify,H1514 Stored XSS on Wholesale sales channel allows cross-organization data leakage,hackerone.com/reports/423454,21,0.0,Cross-site Scripting (XSS) - Stored,2019-11-01
423467,Shopify,H1514 Ability to MiTM Shopify PoS Session to Takeover Communications,hackerone.com/reports/423467,372,0.0,Business Logic Errors,2019-11-04
423496,Shopify,H1514 Bypass Wholesale account signup restrictions,hackerone.com/reports/423496,48,0.0,Improper Access Control - Generic,2019-06-07
423506,Shopify,H1514 Extract information about other sites (new sites) through Affiliate/Referral pages,hackerone.com/reports/423506,24,0.0,Information Disclosure,2019-11-04
423541,Shopify,H1514 Server Side Template Injection in Return Magic email templates?,hackerone.com/reports/423541,409,0.0,Code Injection,2019-04-04
423546,Shopify,H1514 Wholesale customer without checkout permission can complete purchases,hackerone.com/reports/423546,10,0.0,Improper Access Control - Generic,2019-04-10
423602,Rockstar Games,Found CSRF Vulnerability in https://support.rockstargames.com/,hackerone.com/reports/423602,11,150.0,Cross-Site Request Forgery (CSRF),2018-10-16
423797,Chaturbate,Passive stored XSS at broadcast room,hackerone.com/reports/423797,74,0.0,Cross-site Scripting (XSS) - Stored,2018-11-06
424443,PayPal,[PayPal Android] Remote theft of user session using push_notification_webview deeplink,hackerone.com/reports/424443,188,0.0,Open Redirect,2019-02-07
424447,Internet Bug Bounty,Integer overflow leading to buffer overflow,hackerone.com/reports/424447,52,0.0,Integer Overflow,2019-09-25
424669,Shopify,Subdomain Takeover Via unclaimed Heroku Instance tim-exclusive.shopify.com,hackerone.com/reports/424669,68,500.0,Improper Authentication - Generic,2021-02-24
425048,Chaturbate,Stored XSS on chaturbate.com (wish list),hackerone.com/reports/425048,18,100.0,Cross-site Scripting (XSS) - Stored,2018-11-06
425200,PayPal,XSS [flow] - on www.paypal.com/paypalme/my/landing (requires user interaction),hackerone.com/reports/425200,100,0.0,Cross-site Scripting (XSS) - Generic,2018-11-06
425314,Gatecoin,API request signature can be reused with other parameters/data than the original in certain cases,hackerone.com/reports/425314,33,0.0,Improper Access Control - Generic,2019-02-23
425719,Shopify,Disclosure of Github Issues,hackerone.com/reports/425719,41,0.0,Information Disclosure,2018-11-08
426147,X / xAI,CORS misconfig | Account Takeover,hackerone.com/reports/426147,30,0.0,,2018-12-10
426165,Eternal,"[www.zomato.com] CORS Misconfiguration, could lead to disclosure of sensitive information",hackerone.com/reports/426165,246,550.0,,2018-11-28
426275,DuckDuckGo,DOM XSS on 50x.html page on proxy.duckduckgo.com,hackerone.com/reports/426275,14,0.0,Cross-site Scripting (XSS) - DOM,2018-11-07
426547,Chaturbate,Missing Rate Limitation at /photo_videos/photoset/create,hackerone.com/reports/426547,20,0.0,Business Logic Errors,2018-11-24
427502,HackerOne,"Proper verification is not done before sending invitations to researchers for certain private programs with rules e.g. ""Participants must be US-based""",hackerone.com/reports/427502,43,2500.0,Improper Access Control - Generic,2018-11-07
427835,Nextcloud,Server-Side request forgery in New-Subscription feature of the calendar app,hackerone.com/reports/427835,11,100.0,Server-Side Request Forgery (SSRF),2019-12-12
428010,Nextcloud,Talk / spreed: Disclosure of Room names and participants for password protected rooms,hackerone.com/reports/428010,13,50.0,Information Disclosure,2019-04-17
428019,WordPress,CSRF to HTML Injection in Comments,hackerone.com/reports/428019,95,0.0,Cross-Site Request Forgery (CSRF),2019-05-13
428660,Nextcloud,Gallery: No feedback for invalid password,hackerone.com/reports/428660,22,50.0,Business Logic Errors,2019-07-27
428757,U.S. Dept Of Defense,Admin panel take over | User info leakage | Mass Comprimise,hackerone.com/reports/428757,10,0.0,Authentication Bypass Using an Alternate Path or Channel,2019-10-08
429000,U.S. Dept Of Defense,"Access to all █████████ files, including CAC authentication bypass",hackerone.com/reports/429000,25,0.0,Insecure Direct Object Reference (IDOR),2019-04-08
429026,HackerOne,Race condition in performing retest allows duplicated payments,hackerone.com/reports/429026,238,0.0,Concurrent Execution using Shared Resource with Improper Synchronization ('Race Condition'),2018-12-27
429298,Chaturbate,Stored XSS in chat topic due to insecure emoticon parsing on any message type,hackerone.com/reports/429298,33,450.0,Cross-site Scripting (XSS) - Stored,2018-11-01
429617,Shopify,Reverse Proxy misroute leading to steal X-Shopify-Access-Token header,hackerone.com/reports/429617,89,1000.0,Server-Side Request Forgery (SSRF),2019-03-14
429679,Shopify,POST-based XSS on apps.shopify.com,hackerone.com/reports/429679,69,500.0,Cross-site Scripting (XSS) - Generic,2019-03-14
429747,Nextcloud,https://help.nextcloud.com::: Web cache poisoning attack,hackerone.com/reports/429747,25,0.0,,2020-01-31
429873,Ruby on Rails,XSS by MathML at Active Storage,hackerone.com/reports/429873,5,0.0,Cross-site Scripting (XSS) - Stored,2021-06-15
429966,U.S. Dept Of Defense,Padding Oracle ms10-070 in the a DoD website (https://██████/),hackerone.com/reports/429966,2,0.0,Cryptographic Issues - Generic,2020-05-14
430029,Infogram,Stored XSS in infogram.com via language ,hackerone.com/reports/430029,20,0.0,Cross-site Scripting (XSS) - Stored,2019-06-22
430249,Ubiquiti Inc.,CORS Misconfiguration leading to Private Information Disclosure,hackerone.com/reports/430249,57,0.0,Improper Access Control - Generic,2019-06-07
430291,Node.js third-party modules,Prototype pollution attack in just-extend,hackerone.com/reports/430291,4,0.0,Uncontrolled Resource Consumption,2018-11-29
430831,Node.js third-party modules,Prototype pollution attack in node.extend,hackerone.com/reports/430831,3,0.0,Uncontrolled Resource Consumption,2018-11-30
430854,Kaspersky,Kaspersky Password Manager allows websites to access user's address data,hackerone.com/reports/430854,64,0.0,Information Disclosure,2019-11-24
431561,Ruby on Rails,Specially constructed multi-part requests cause multi-second response times; vulnerable to DoS,hackerone.com/reports/431561,17,0.0,,2018-12-05
431633,Shopify,Order Creation Webhooks can be edited/deleted by STAFF with `Settings` only permission,hackerone.com/reports/431633,22,500.0,Improper Access Control - Generic,2019-05-11
432600,Node.js third-party modules,[static-resource-server]  Path Traversal allows to read content of arbitrary file on the server,hackerone.com/reports/432600,6,0.0,Information Exposure Through Directory Listing,2019-01-03
433792,Rocket.Chat,"Blind SQL injection in third-party software, that allows to reveal user statistic from rocket.chat and possibly hack into the rocketchat.agilecrm.com",hackerone.com/reports/433792,61,0.0,SQL Injection,2019-10-17
433904,VK.com,Вставляем свой код в мобильном приложении в разделе помощи сообществам,hackerone.com/reports/433904,44,300.0,Privacy Violation,2019-05-10
434116,Phabricator,Exposing voting results on the Slowvote application without actually voting,hackerone.com/reports/434116,12,300.0,,2018-11-05
434202,X / xAI,Opportunity to post hidden comments,hackerone.com/reports/434202,2,0.0,Business Logic Errors,2018-12-11
434670,Hanno's projects,Text injection at https://media.hboeck.de,hackerone.com/reports/434670,1,0.0,,2019-03-22
434689,X / xAI,Global defaming of any twitter user,hackerone.com/reports/434689,3,0.0,Business Logic Errors,2018-12-06
434763,X / xAI,Incorrect details on OAuth permissions screen allows DMs to be read without permission,hackerone.com/reports/434763,80,2940.0,Privacy Violation,2018-12-14
435066,HackerOne,SQL injection in GraphQL endpoint through embedded_submission_form_uuid parameter,hackerone.com/reports/435066,174,0.0,SQL Injection,2018-11-30
435144,Superhuman (formerly Grammarly),Reflected Cross Site Scripting (XSS),hackerone.com/reports/435144,11,0.0,Cross-site Scripting (XSS) - Reflected,2019-04-30
435457,Imgur,Ability to login to the Nexus Repo Manager from https://nexus.imgur.com/ ,hackerone.com/reports/435457,17,0.0,Path Traversal,2018-12-13
435618,Kaspersky,Kaspersky Password Manager is vulnerable to HTML injection in the browser action pop-up via user name,hackerone.com/reports/435618,32,0.0,Cross-site Scripting (XSS) - Stored,2018-12-24
435648,Phabricator,TOTP Key is shorter than RFC 4226 recommended minimum,hackerone.com/reports/435648,7,300.0,Cryptographic Issues - Generic,2018-12-07
436928,WordPress,RCE as Admin defeats WordPress hardening and file permissions,hackerone.com/reports/436928,164,0.0,Path Traversal,2020-06-09
437142,GitLab,Instant open redirect on Live preview WEB Ide opening,hackerone.com/reports/437142,20,1000.0,Open Redirect,2020-11-04
437800,FanDuel,Passive mixed content issues on the site https://*.fanduel.com,hackerone.com/reports/437800,29,100.0,Man-in-the-Middle,2018-12-21
437863,Concrete CMS,SVG file that HTML Included is able to upload via File Manager,hackerone.com/reports/437863,26,0.0,Cross-site Scripting (XSS) - Stored,2019-04-20
438240,Starbucks,Reflected Cross site Scripting (XSS) on www.starbucks.com,hackerone.com/reports/438240,181,0.0,Cross-site Scripting (XSS) - Reflected,2019-03-08
438274,Node.js third-party modules,Prototype pollution attack (smart-extend),hackerone.com/reports/438274,2,0.0,,2019-04-03
438299,X / xAI,Information Exposure Through Directory Listing vulnerability on 8 vcache**.usw2.snappytv.com websites,hackerone.com/reports/438299,27,0.0,Information Exposure Through Directory Listing,2019-02-11
438306,HackerOne,Accidental Access to Programs Information via SAML Login,hackerone.com/reports/438306,34,0.0,,2018-11-14
438953,Khan Academy,Cross site scripting (content-sniffing),hackerone.com/reports/438953,8,0.0,Cross-site Scripting (XSS) - Generic,2018-12-08
439021,Semrush,Web cache deception attack - expose earning state information,hackerone.com/reports/439021,10,0.0,Improper Access Control - Generic,2019-04-12
439075,HackerOne,Open redirect vulnerability in index.php,hackerone.com/reports/439075,39,0.0,Open Redirect,2019-02-03
439098,Node.js third-party modules,Prototype pollution attack (mergify),hackerone.com/reports/439098,2,0.0,,2018-11-20
439107,Node.js third-party modules,Prototype pollution attack (lutils-merge),hackerone.com/reports/439107,6,0.0,Uncontrolled Resource Consumption,2018-12-17
439120,Node.js third-party modules,Prototype pollution attack (upmerge),hackerone.com/reports/439120,4,0.0,,2019-02-04
439174,HackerOne,Verbose PHP error messages exposed on a blog article,hackerone.com/reports/439174,11,0.0,Information Exposure Through an Error Message,2019-04-10
439223,Uber,Access to SQL server of ubergreen.pt through password disclosure from different domain on same IP,hackerone.com/reports/439223,14,750.0,Password in Configuration File,2021-03-15
439729,GitLab,Add and Access to Labels of any Private Projects/Groups of Gitlab(IDOR),hackerone.com/reports/439729,27,0.0,Insecure Direct Object Reference (IDOR),2019-09-19
439828,Nextcloud,Event privacy level does not work in Thunderbird,hackerone.com/reports/439828,6,0.0,,2020-03-01
439912,Shopify,Stored XSS on demo app link ,hackerone.com/reports/439912,37,0.0,Cross-site Scripting (XSS) - Stored,2020-06-12
440484,Smule,Open Redirect on ███,hackerone.com/reports/440484,19,0.0,Open Redirect,2019-05-29
440495,Smule,Missing Rate Limit in Password Change,hackerone.com/reports/440495,19,0.0,Improper Restriction of Authentication Attempts,2019-07-12
440629,Starbucks,Starbucks China Android app cloud storage service leaks a credential.,hackerone.com/reports/440629,33,0.0,Information Disclosure,2019-09-30
440758,Valve,Potential buffer overflow in demoplayer module of GoldSource Engine,hackerone.com/reports/440758,17,0.0,Classic Buffer Overflow,2020-02-27
440963,PortSwigger Web Security,Privilege Escalation by abusing non-existent path. (Windows),hackerone.com/reports/440963,59,0.0,Privilege Escalation,2019-03-13
441090,GitLab,CRLF injection & SSRF in git:// protocal lead to arbitrary code execution,hackerone.com/reports/441090,22,0.0,Server-Side Request Forgery (SSRF),2020-11-23
441161,Smule,Missing Rate Limit in Forgot Password can Lead to email address leakage of all smule accounts,hackerone.com/reports/441161,31,0.0,Improper Restriction of Authentication Attempts,2019-05-13
442843,HackerOne,"Notifications sent due to ""Transfer report"" functionality may be sent to users who are no longer authorized to see the report",hackerone.com/reports/442843,21,500.0,Improper Access Control - Generic,2018-12-04
442901,Khan Academy,Take over of accounts created using Google or Facebook,hackerone.com/reports/442901,183,0.0,Cross-Site Request Forgery (CSRF),2019-05-17
446238,GitLab,EXIF metadata not stripped from JPG group logos,hackerone.com/reports/446238,54,500.0,Information Disclosure,2020-09-08
446271,X / xAI,CRLF injection,hackerone.com/reports/446271,439,0.0,,2019-12-25
446585,GitLab,Exfiltrate and mutate repository and project data through injected templated service,hackerone.com/reports/446585,759,11000.0,Improper Access Control - Generic,2019-03-05
446593,GitLab,GitLab's GitHub integration is vulnerable to SSRF vulnerability,hackerone.com/reports/446593,29,2000.0,Server-Side Request Forgery (SSRF),2019-08-30
446662,Node.js,Node.js HTTP/2 Large Settings Frame DoS,hackerone.com/reports/446662,2,0.0,Uncontrolled Resource Consumption,2020-07-02
447488,HackerOne,Corrupted Authorization header can cause logs not to be ingested properly in ████████,hackerone.com/reports/447488,19,0.0,,2019-04-04
447494,Nextcloud,Share recipient can modify a share's expiration date,hackerone.com/reports/447494,9,100.0,Improper Access Control - Generic,2020-01-31
447742,U.S. Dept Of Defense,SQL Injection in Login Page: https://█████/█████████/login.php,hackerone.com/reports/447742,12,0.0,SQL Injection,2020-05-14
447930,HackerOne,"Embedded submission form UUIDs can be enumerated through GraphQL node interface, exposing sensitive program details",hackerone.com/reports/447930,54,0.0,Insecure Direct Object Reference (IDOR),2019-01-11
448078,HackerOne,A user can request a report to be retested even though the program has not been verified by HackerOne,hackerone.com/reports/448078,27,0.0,Incorrect Authorization,2018-12-27
448524,FormAssembly,xmlrpc.php file is enable it will used for (DOS) and bruteforce attack,hackerone.com/reports/448524,31,0.0,Uncontrolled Resource Consumption,2018-12-27
448598,Uber,[usuppliers.uber.com] - Server Side Request Forgery via XXE OOB,hackerone.com/reports/448598,11,0.0,Server-Side Request Forgery (SSRF),2021-02-25
448928,ok.ru,Отсутствие CSRF ключа на функции Закрытый Профиль.,hackerone.com/reports/448928,16,0.0,Cross-Site Request Forgery (CSRF),2020-05-15
449351,HackerOne,IE only: stored Cross-Site Scripting (XSS) vulnerability through Program Asset identifier,hackerone.com/reports/449351,156,2500.0,Cross-site Scripting (XSS) - Stored,2018-11-27
449356,RubyGems,"65534 times efficient, Brute-force attack for api_key",hackerone.com/reports/449356,7,0.0,,2018-12-08
449478,Brave Software,Brave allows flash to follow 307 redirects to other origins with arbitrary content-types,hackerone.com/reports/449478,1,0.0,Violation of Secure Design Principles,2018-12-12
449482,Ruby,Command injection in Pathname,hackerone.com/reports/449482,36,0.0,Command Injection - Generic,2019-04-01
449617,Ruby,Null character at fnmatch,hackerone.com/reports/449617,3,0.0,,2019-10-16
449671,Liberapay,Broken Authentication and session management OWASP A2,hackerone.com/reports/449671,24,0.0,Improper Authentication - Generic,2018-11-26
449680,HackerOne,Attacker can claim credentials for private program that has a published external program,hackerone.com/reports/449680,32,0.0,Information Disclosure,2018-11-29
449818,Infogram,Is the 504 Gateway Time-out error ok?,hackerone.com/reports/449818,6,0.0,Uncontrolled Resource Consumption,2018-11-28
450006,Node.js third-party modules,flatmap-stream malicious package (distributed via the popular events-stream),hackerone.com/reports/450006,13,0.0,Embedded Malicious Code,2018-11-26
450315,U.S. Dept Of Defense,XSS on www.██████ alerts and a number of other pages,hackerone.com/reports/450315,15,0.0,Cross-site Scripting (XSS) - Generic,2019-12-02
450796,PayPal,XSSI on refer.xoom.com allows stealing email addresses and posting to Twitter on behalf of victim,hackerone.com/reports/450796,81,3500.0,Cross-Site Request Forgery (CSRF),2019-02-07
450882,Starbucks,Able to bypass information requirements before launching a Chat.,hackerone.com/reports/450882,6,0.0,Insecure Direct Object Reference (IDOR),2018-12-20
451052,Infogram,User account blocking by Internal Server error,hackerone.com/reports/451052,15,0.0,,2018-12-28
452559,Vimeo,Possibility to overwrite any file in the vpe.cdn.vimeo.tv leads to the Stored XSS for the all customers on the embed.vhx.tv,hackerone.com/reports/452559,76,0.0,Improper Access Control - Generic,2019-07-10
452835,VK.com,Уязвимый класс WebView,hackerone.com/reports/452835,24,200.0,,2018-12-31
452854,Nextcloud,Expired reshare links allow access to all files in share,hackerone.com/reports/452854,38,0.0,Improper Access Control - Generic,2019-06-27
452920,Liberapay,Import of repositories from GitHub is tied to username instead of immutable ID,hackerone.com/reports/452920,22,0.0,Improper Access Control - Generic,2018-12-02
452959,HackerOne,"A user can bypass approval step in Hacker Publishing feature, allowing them to publish reports immediately",hackerone.com/reports/452959,90,2500.0,Incorrect Authorization,2018-12-05
452973,HackerOne,Inline banner on Report page discloses whether organization runs a private program,hackerone.com/reports/452973,67,500.0,Information Disclosure,2018-12-11
453307,U.S. Dept Of Defense,HTML Injection + XSS Vulnerability - https://████████/ | Proof of Concept [PoC],hackerone.com/reports/453307,5,0.0,Cross-site Scripting (XSS) - Reflected,2021-03-11
453513,Node.js,Fix for CVE-2018-12122 can be bypassed via keep-alive requests,hackerone.com/reports/453513,3,0.0,Uncontrolled Resource Consumption,2020-02-13
453791,PayPal,Unsafe deserialization leads to token leakage in PayPal & PayPal for Business [Android],hackerone.com/reports/453791,93,0.0,Deserialization of Untrusted Data,2021-04-30
453795,Node.js third-party modules,[harp] Unsafe rendering of Markdown files,hackerone.com/reports/453795,2,0.0,Cross-site Scripting (XSS) - Generic,2019-04-06
453820,Node.js third-party modules,[harp] File access even when they have been set to be ignored.,hackerone.com/reports/453820,4,0.0,Information Exposure Through Directory Listing,2019-04-06
454365,Node.js third-party modules,Prototype pollution attack through jQuery $.extend,hackerone.com/reports/454365,8,0.0,Modification of Assumed-Immutable Data (MAID),2019-04-02
454949,HackerOne,Race Condition in Flag Submission,hackerone.com/reports/454949,94,0.0,Concurrent Execution using Shared Resource with Improper Synchronization ('Race Condition'),2019-07-22
455645,Snapchat,Exposed Kubernetes API - RCE/Exposed Creds,hackerone.com/reports/455645,1187,25000.0,OS Command Injection,2021-07-29
455726,Starbucks,Thailand - SNMP Publicly Accessible,hackerone.com/reports/455726,9,0.0,Improper Access Control - Generic,2020-10-07
456333,Eternal,[auth2.zomato.com] Reflected XSS at `oauth2/fallbacks/error` | ORY Hydra an OAuth 2.0 and OpenID Connect Provider,hackerone.com/reports/456333,51,0.0,Cross-site Scripting (XSS) - Reflected,2019-01-21
456702,Node.js third-party modules,[atlasboard-atlassian-package] Cross-site Scripting (XSS),hackerone.com/reports/456702,8,0.0,Cross-site Scripting (XSS) - Generic,2020-01-04
456727,Internet Bug Bounty,null pointer dereference in imap_mail,hackerone.com/reports/456727,13,0.0,Out-of-bounds Read,2020-11-09
456963,VK.com,Open redirect на мобильной версии в контакте (m.vk.com,hackerone.com/reports/456963,12,300.0,Open Redirect,2021-11-05
456997,Grab,Production secret key leak in config/secrets.yml,hackerone.com/reports/456997,11,0.0,Cleartext Storage of Sensitive Information,2019-01-08
457009,MariaDB,Github wiki is editable by anyone,hackerone.com/reports/457009,9,0.0,Improper Access Control - Generic,2018-12-10
457032,Nextcloud,Github wikis are editable by anyone ,hackerone.com/reports/457032,8,0.0,Improper Access Control - Generic,2018-12-07
457829,MyCrypto,SPF Records (SMTP protection not used),hackerone.com/reports/457829,9,0.0,Violation of Secure Design Principles,2018-12-17
458696,Nextcloud,xmlrpc.php is enabled - Nextcloud,hackerone.com/reports/458696,17,0.0,Improper Access Control - Generic,2020-03-01
458842,Valve,Malformed save files (.sav) allow to write files with arbitrary extensions and content in GoldSrc-based games.,hackerone.com/reports/458842,99,1500.0,Malware,2020-02-24
458929,Valve,Malformed BSP in GoldSrc Engine may cause shellcode injection,hackerone.com/reports/458929,21,0.0,Classic Buffer Overflow,2020-03-25
459084,Ruby,The taint flag is not propagated at JSON.parse,hackerone.com/reports/459084,40,0.0,,2024-01-05
459286,Semrush,protocol & Ports are not shown in third-party site redirect warning page ,hackerone.com/reports/459286,14,0.0,Open Redirect,2019-01-11
459502,Semrush,User Controllable Cookie,hackerone.com/reports/459502,4,0.0,,2018-12-21
459532,Semrush,Persistent CSV injection,hackerone.com/reports/459532,4,0.0,,2019-01-11
459634,HackerOne,GitHub users outside of HackerOne organization can create and update Wiki pages of certain public HackerOne repositories,hackerone.com/reports/459634,12,0.0,Phishing,2018-12-12
460121,Liberapay,Publicly editable GitHub wikis,hackerone.com/reports/460121,2,0.0,Improper Access Control - Generic,2018-12-12
460514,RATELIMITED,Server Header disclose The Os and Web server Version ,hackerone.com/reports/460514,9,0.0,Violation of Secure Design Principles,2018-12-22
460530,RATELIMITED, information disclosure which leak the apache version ,hackerone.com/reports/460530,2,0.0,Information Disclosure,2018-12-11
460545,GitLab,information disclosure of secret_key_base via encoding charcters,hackerone.com/reports/460545,146,3500.0,Information Exposure Through an Error Message,2019-06-13
460556,RATELIMITED,Banner Grabbing - Apache Server Version Disclousure,hackerone.com/reports/460556,9,0.0,Information Disclosure,2018-12-11
460642,RATELIMITED,HTTP PUT method enabled,hackerone.com/reports/460642,8,0.0,Improper Access Control - Generic,2018-12-11
460815,GitLab,Milestones leaked via search API,hackerone.com/reports/460815,43,0.0,Improper Access Control - Generic,2019-07-19
460911,WordPress,[FG-VD-18-165] Wordpress Cross-Site Scripting Vulnerability Notification II,hackerone.com/reports/460911,20,0.0,Cross-site Scripting (XSS) - Stored,2019-10-11
460920,HackerOne,Response program can create bounty table,hackerone.com/reports/460920,45,500.0,Business Logic Errors,2019-01-07
460928,RATELIMITED,Line feed injection in get request leads AWS S3 Bucket information disclosure ,hackerone.com/reports/460928,5,0.0,Information Disclosure,2019-01-14
460956,RATELIMITED,Apache Version Disclosure Through Directory Indexing,hackerone.com/reports/460956,3,0.0,Information Exposure Through an Error Message,2018-12-15
461242,RATELIMITED,Open Directory,hackerone.com/reports/461242,6,0.0,Information Exposure Through Directory Listing,2018-12-24
461272,Eternal,[www.zomato.com] Blind XSS in one of the admin dashboard,hackerone.com/reports/461272,101,500.0,Cross-site Scripting (XSS) - Generic,2019-05-01
461308,Nextcloud,Remote attacker can impersonate Social users via ActivityPub API,hackerone.com/reports/461308,12,0.0,Deserialization of Untrusted Data,2019-02-01
461345,Ian Dunn,Security issue: Github repo's wiki publicly editable,hackerone.com/reports/461345,3,0.0,Improper Access Control - Generic,2018-12-12
461429,Paragon Initiative Enterprises,Github repo's wiki publicly editable,hackerone.com/reports/461429,4,0.0,Improper Access Control - Generic,2018-12-12
461598,RATELIMITED,Information Disclosure on https://theendlessweb.com/,hackerone.com/reports/461598,7,0.0,Information Disclosure,2018-12-15
461780,Kaspersky,Web protection component in Anti-Virus products family ignores HSTS security policy,hackerone.com/reports/461780,41,0.0,Man-in-the-Middle,2019-09-05
462416,Superhuman (formerly Grammarly),Grammarly Keyboard for Android <4.1  leaks user input through logs (except for sensitive input fields),hackerone.com/reports/462416,84,0.0,Information Exposure Through Debug Information,2019-06-03
462441,Nextcloud,Retrieval and alteration of exposed media on Android Oreo ,hackerone.com/reports/462441,3,0.0,Information Disclosure,2019-06-26
462442,Monero,Unauthorized access of Monero wallet by an unprivileged process,hackerone.com/reports/462442,10,0.0,Improper Access Control - Generic,2019-04-03
462503,GitLab,Claiming package names in GitLab's automatic package referencer.,hackerone.com/reports/462503,26,1000.0,Business Logic Errors,2019-04-05
463123,RATELIMITED,Exposure of tinyMCE js source code with plugin version disclosure which can leads to exploit further attacks.,hackerone.com/reports/463123,18,0.0,Information Disclosure,2018-12-29
463177,RATELIMITED,Information Disclosure PHPpgAdmin,hackerone.com/reports/463177,0,0.0,Information Disclosure,2020-02-29
463286,Valve,Specially Crafted Closed Captions File can lead to Remote Code Execution in CS:GO and other Source Games,hackerone.com/reports/463286,109,7500.0,Classic Buffer Overflow,2021-05-05
463330,Rockstar Games,Account Takeover using Linked Accounts due to lack of CSRF protection,hackerone.com/reports/463330,238,0.0,Cross-Site Request Forgery (CSRF),2019-02-20
463380,Node.js third-party modules,[webpack-bundle-analyzer] Cross-site Scripting,hackerone.com/reports/463380,9,0.0,Cross-site Scripting (XSS) - Generic,2019-12-30
463481,arkadiyt-projects,Feature-Policy Header is Missing and Pastebin files,hackerone.com/reports/463481,6,0.0,,2019-08-05
463604,RATELIMITED,Unrestricted File Upload on https://auth.ratelimited.me,hackerone.com/reports/463604,23,0.0,,2019-05-18
463657,RATELIMITED,Editable Wiki repo by anyone ,hackerone.com/reports/463657,3,0.0,Violation of Secure Design Principles,2018-12-20
463695,Kaspersky,Certificate warnings and similar UI elements in Web protection of Anti-Virus products family are susceptible to clickjacking,hackerone.com/reports/463695,11,0.0,UI Redressing (Clickjacking),2019-08-28
463828,HackerOne,Submitting report through Embedded Submission form gives user indefinite access to a profile,hackerone.com/reports/463828,29,500.0,Business Logic Errors,2019-01-03
463902,VK.com,Просмотр новых фотографии со стены частной/закрытой группы или закрытого профиля.,hackerone.com/reports/463902,5,300.0,Information Disclosure,2021-11-05
463915,Kaspersky,URL Advisor component in KIS products family is vulnerable to Universal XSS,hackerone.com/reports/463915,65,0.0,Cross-site Scripting (XSS) - Generic,2019-08-28
469372,Kaspersky,Web protection component in Anti-Virus products family uses predictable links for certificate warnings,hackerone.com/reports/469372,65,0.0,Insecure Direct Object Reference (IDOR),2019-11-25
469668,Nextcloud,Passwords being stored as plain text in logging,hackerone.com/reports/469668,30,0.0,Cleartext Storage of Sensitive Information,2019-08-31
469730,U.S. Dept Of Defense,"[Urgent] Critical Vulnerability [RCE] on ███ vulnerable to Remote Code Execution by exploiting MS15-034, CVE-2015-1635",hackerone.com/reports/469730,14,0.0,Code Injection,2022-05-26
469803,Upserve ,Open redirect at https://inventory.upserve.com/http://google.com/,hackerone.com/reports/469803,178,1200.0,Open Redirect,2019-06-07
469841,Upserve ,Reflected XSS on https://inventory.upserve.com/ (affects IE users only),hackerone.com/reports/469841,120,1200.0,Cross-site Scripting (XSS) - Reflected,2019-08-06
469997,Nintendo,NEX: Stack overflow in UnicodeToUtf8,hackerone.com/reports/469997,23,0.0,Stack Overflow,2025-06-27
470067,GitLab,DoS on the Issue page by exploiting Mermaid.,hackerone.com/reports/470067,145,3000.0,Uncontrolled Resource Consumption,2019-05-13
470206,Shopify,Reflected XSS in *.myshopify.com/account/register,hackerone.com/reports/470206,104,0.0,Cross-site Scripting (XSS) - Reflected,2019-03-12
470298,U.S. Dept Of Defense,[██████] Cross-origin resource sharing misconfiguration (CORS),hackerone.com/reports/470298,34,0.0,Improper Access Control - Generic,2019-01-28
470519,Kaspersky,Kaspersky Protection extension for Google Chrome is vulnerable to abuse its features,hackerone.com/reports/470519,21,0.0,Command Injection - Generic,2019-11-25
470520,Valve,RCE on Steam Client via buffer overflow in Server Info,hackerone.com/reports/470520,1288,0.0,Classic Buffer Overflow,2019-03-15
470544,Kaspersky,Unauthorized command execution in Web protection component of Anti-Virus products family,hackerone.com/reports/470544,13,0.0,Command Injection - Generic,2019-11-24
470547,Kaspersky,Unauthorized command execution in Web protection component of Anti-Virus products family [IE],hackerone.com/reports/470547,22,0.0,Command Injection - Generic,2019-11-24
470553,Kaspersky,"Unauthorized command execution in Web protection component of Anti-Virus products family [FF, Chrome]",hackerone.com/reports/470553,7,0.0,Command Injection - Generic,2019-11-24
470637,Slack,User-assisted RCE in Slack for macOS (from official site) due to improper quarantine meta-attribute handling for downloaded files,hackerone.com/reports/470637,97,0.0,,2019-09-14
470749,X / xAI,"Ability to perform actions (Tweet, Retweet, DM) and other actions, unauthenticated, on any account with SMS enabled.",hackerone.com/reports/470749,106,0.0,Business Logic Errors,2019-09-26
471087,RATELIMITED,Hackerone1,hackerone.com/reports/471087,11,0.0,HTTP Request Smuggling,2018-12-21
471265,Starbucks,unuse domain still in using at wechat by Starbucks East China,hackerone.com/reports/471265,22,0.0,Improper Access Control - Generic,2019-01-22
471520,Nutanix,Local file disclosure through SSRF at next.nutanix.com,hackerone.com/reports/471520,7,0.0,Server-Side Request Forgery (SSRF),2022-04-25
472013,X / xAI,"Changing email address on Twitter for Android unsets ""Protect your Tweets""",hackerone.com/reports/472013,119,2940.0,Privacy Violation,2019-01-18
472026,Chaturbate,The auto login link does not expire on changing email id,hackerone.com/reports/472026,45,0.0,Improper Access Control - Generic,2019-05-16
472391,Weblate,Stored XSS @ /engage/<project_slug>,hackerone.com/reports/472391,7,0.0,Cross-site Scripting (XSS) - Stored,2019-07-02
472470,Uber,[manage.jumpbikes.com] Blind XSS on Jump admin panel via user name,hackerone.com/reports/472470,54,0.0,Cross-site Scripting (XSS) - Stored,2021-02-23
472543,Python Cryptographic Authority,Reflected Xss bypass Content-Type: text/plain ,hackerone.com/reports/472543,3,0.0,Cross-site Scripting (XSS) - Reflected,2018-12-28
473064,Eternal,Open Redirect On Your Login Panel,hackerone.com/reports/473064,11,0.0,Open Redirect,2019-02-14
473144,Nextcloud,Content spoofing on https://surveyserver.nextcloud.com,hackerone.com/reports/473144,2,0.0,Resource Injection,2021-02-14
473690,VK.com,"доступ к com.vk.usersstore.UsersContentProvider, возможна утечка exchange_token на android < 21",hackerone.com/reports/473690,9,0.0,Improper Access Control - Generic,2019-11-18
473742,Starbucks,Bug in GraphQL and API integration leads to limited user address disclosure,hackerone.com/reports/473742,144,0.0,Improper Access Control - Generic,2019-03-08
473798,RATELIMITED,Cross Site Request Forgery in auth in https://auth.ratelimited.me/,hackerone.com/reports/473798,7,0.0,Cross-Site Request Forgery (CSRF),2020-02-21
473811,Node.js third-party modules,[bower] Arbitrary File Write through improper validation of symlinks while package extraction,hackerone.com/reports/473811,15,0.0,Path Traversal,2019-01-26
473888,Ruby on Rails,RCE which may occur due to `ActiveSupport::MessageVerifier` or `ActiveSupport::MessageEncryptor` (especially Active storage),hackerone.com/reports/473888,41,1500.0,Command Injection - Generic,2019-03-13
474021,Rockstar Games,"Race condition vulnerability on ""This Rocks"" button.",hackerone.com/reports/474021,23,0.0,Concurrent Execution using Shared Resource with Improper Synchronization ('Race Condition'),2020-06-12
474262,Ruby on Rails,XSS due to incomplete JS escaping,hackerone.com/reports/474262,13,0.0,Cross-site Scripting (XSS) - Generic,2020-05-14
474397,CFP Time,Error Page Content Spoofing or Text Injection,hackerone.com/reports/474397,19,0.0,Violation of Secure Design Principles,2019-01-07
474656,HackerOne,Cross-site Scripting (XSS) on HackerOne careers page,hackerone.com/reports/474656,237,500.0,Cross-site Scripting (XSS) - DOM,2019-02-17
474688,CFP Time,Content spoofing on error pages or text injection,hackerone.com/reports/474688,3,0.0,,2019-01-08
474798,Khan Academy,Subdomain takeover on healthyhackathon.khanacademy.org and hackweek.khanacademy.org,hackerone.com/reports/474798,29,0.0,Improper Access Control - Generic,2019-08-25
474833,Rockstar Games,CSRF Vulnerability on https://signin.rockstargames.com/tpa/facebook/link/,hackerone.com/reports/474833,104,0.0,Cross-Site Request Forgery (CSRF),2020-06-12
474899,Liberapay,User Enumeration ,hackerone.com/reports/474899,9,0.0,,2019-01-05
474963,CFP Time,Missing Two Factor Authentication in /admin/login,hackerone.com/reports/474963,5,0.0,Violation of Secure Design Principles,2019-01-07
475098,GitLab,A profile page of a user can be denied from loading by appending .html to the username,hackerone.com/reports/475098,26,200.0,Violation of Secure Design Principles,2021-08-30
475114,Nextcloud,Github repo's wiki publicly editable,hackerone.com/reports/475114,3,0.0,Improper Access Control - Generic,2020-01-31
475167,RATELIMITED,Apache mod_negotiation filename bruteforcing https://api.ratelimited.me,hackerone.com/reports/475167,28,0.0,,2023-08-01
475177,VK.com,Логирование ответов запросов VK API в приложении Клевер,hackerone.com/reports/475177,3,0.0,Insecure Storage of Sensitive Information,2019-04-11
475442,Rockstar Games,DOM Based xss on https://www.rockstargames.com/ ( 1 ),hackerone.com/reports/475442,34,0.0,Cross-site Scripting (XSS) - DOM,2020-06-12
475499,Internet Bug Bounty,heap buffer overflow in phar_detect_phar_fname_ext,hackerone.com/reports/475499,7,0.0,Buffer Over-read,2020-10-10
475660,HackerOne,"Response program can display ""eligible for bounty"" in scope area in program policy",hackerone.com/reports/475660,47,500.0,Business Logic Errors,2019-01-30
476150,Uber,SQLI on desafio5estrelas.com ,hackerone.com/reports/476150,29,2500.0,SQL Injection,2021-03-29
476168,Internet Bug Bounty,Heap overflow in utf32be_mbc_to_code,hackerone.com/reports/476168,3,1500.0,Heap Overflow,2020-11-09
476178,Internet Bug Bounty,Negative size parameter in mb_split,hackerone.com/reports/476178,2,1500.0,Buffer Underflow,2020-11-09
476179,Internet Bug Bounty,Buffer over-write in finfo_open with malformed magic file.,hackerone.com/reports/476179,2,1500.0,Heap Overflow,2020-11-09
476257,MariaDB,CRLF injection at https://mariadb.org/.,hackerone.com/reports/476257,16,0.0,CRLF Injection,2019-02-21
476439,Nextcloud,Password authentication at newsletter.nextcloud.com discloses username list,hackerone.com/reports/476439,3,0.0,Information Disclosure,2020-03-01
476526,Nextcloud,WordPress vulnerable to multiple attacks at https://nextcloud.com,hackerone.com/reports/476526,11,0.0,Violation of Secure Design Principles,2020-03-01
476615,Nextcloud,Private/confidential setting of calendar events is ignored on activity stream,hackerone.com/reports/476615,7,0.0,Information Disclosure,2019-06-27
477073,Internet Bug Bounty,ZeroMQ libzmq remote code execution,hackerone.com/reports/477073,29,0.0,Memory Corruption - Generic,2019-09-12
477222,GitLab,Last build status and coverage leaked to unauthorized users,hackerone.com/reports/477222,24,0.0,Information Disclosure,2019-09-01
477344,Internet Bug Bounty,Heap Buffer Overflow (READ: 4) in phar_parse_pharfile,hackerone.com/reports/477344,72,0.0,Buffer Over-read,2020-10-10
477896,Internet Bug Bounty,Use after free and out of bounds read in xmlrpc_decode(),hackerone.com/reports/477896,8,1500.0,Use After Free,2020-11-09
477897,Internet Bug Bounty,buffer overread in base64 code of the xmlrpc module,hackerone.com/reports/477897,2,500.0,Buffer Over-read,2020-11-09
478367,Internet Bug Bounty,efree() on uninitialized Heap data in imagescale leads to use-after-free,hackerone.com/reports/478367,16,1500.0,Use After Free,2020-10-10
478368,Internet Bug Bounty,imagecolormatch Out Of Bounds Write on Heap ,hackerone.com/reports/478368,4,1500.0,Memory Corruption - Generic,2020-10-10
478621,ok.ru,Privilege Escalation удаляем все созданные ссылки с okl.lt,hackerone.com/reports/478621,44,0.0,Privilege Escalation,2019-07-23
478957,Nextcloud,Stored XSS/HTML injection in autocomplete suggestions for sharing,hackerone.com/reports/478957,6,0.0,Cross-site Scripting (XSS) - Stored,2019-06-27
479021,Weblate,No Rate Limit  On Add new word,hackerone.com/reports/479021,5,0.0,Business Logic Errors,2019-01-14
479612,Rockstar Games,DOM BASED XSS ON https://www.rockstargames.com/GTAOnline/features ,hackerone.com/reports/479612,13,0.0,Cross-site Scripting (XSS) - DOM,2020-06-12
480778,Internet Bug Bounty,Heap-buffer-overflow in Perl__byte_dump_string (utf8.c) could lead to memory leak,hackerone.com/reports/480778,4,0.0,Buffer Over-read,2019-10-24
480883,Notepad++,Stack overflow in XML Parsing,hackerone.com/reports/480883,99,0.0,Stack Overflow,2019-08-25
480984,Notepad++,"Stack overflow affecting ""ext"" field on stylers.xml configuration file",hackerone.com/reports/480984,51,0.0,Stack Overflow,2019-08-25
481164,Monero,Monero can leak unitialized memory,hackerone.com/reports/481164,5,0.0,Information Disclosure,2019-07-02
481335,Notepad++,Security check failure or stack buffer overrun (crash),hackerone.com/reports/481335,18,0.0,Buffer Over-read,2019-05-06
481472,Slack,URL link spoofing,hackerone.com/reports/481472,362,250.0,Phishing,2020-04-26
481512,MariaDB,CRLF injection on https://buildbot.mariadb.org,hackerone.com/reports/481512,7,0.0,CRLF Injection,2019-02-04
481518,Shopify,Bypass GraphQL rate limit by abusing negative cost queries,hackerone.com/reports/481518,24,0.0,Business Logic Errors,2019-01-24
481532,PuTTY (European Commission - DIGIT),heap-use-after-free (READ of size 8) in main(),hackerone.com/reports/481532,22,0.0,Use After Free,2019-11-03
481632,U.S. Dept Of Defense,Website vulnerable to POODLE (SSLv3) with expired certificate,hackerone.com/reports/481632,6,0.0,Inadequate Encryption Strength,2021-04-02
481654,Weblate,No Rate On Add Suggest,hackerone.com/reports/481654,11,0.0,Concurrent Execution using Shared Resource with Improper Synchronization ('Race Condition'),2019-01-22
482170,Semrush,Ports are not shown in third-party site redirect warning page.,hackerone.com/reports/482170,0,0.0,,2019-04-12
482200,PuTTY (European Commission - DIGIT),puttygen: heap-buffer-overflow in mp_get_decimal(),hackerone.com/reports/482200,19,0.0,Heap Overflow,2019-11-03
482634,U.S. Dept Of Defense,https://████████ Impacted by DNN ImageHandler SSRF,hackerone.com/reports/482634,4,0.0,Server-Side Request Forgery (SSRF),2019-10-08
482707,Starbucks,Information Exposure Through an Error Message at news.starbucks.com,hackerone.com/reports/482707,5,0.0,Information Exposure Through an Error Message,2019-01-31
482743,Rockstar Games,Facebook OAuth Code Theft through referer leakage on support.rockstargames.com,hackerone.com/reports/482743,71,0.0,Cross-Site Request Forgery (CSRF),2019-02-19
483774,DuckDuckGo,XXE on https://duckduckgo.com,hackerone.com/reports/483774,218,0.0,XML External Entities (XXE),2019-01-31
484377,U.S. Dept Of Defense,Information Disclosure (can access all ███s) within ███████ view █████████ Portal,hackerone.com/reports/484377,7,0.0,Information Disclosure,2019-10-08
484398,VLC (European Commission - DIGIT),Buffer overflow in libavi_plugin memmove() call,hackerone.com/reports/484398,25,1126.91,Classic Buffer Overflow,2019-06-12
484420,Ford,Subdomain takeover on usclsapipma.cv.ford.com,hackerone.com/reports/484420,105,0.0,Privilege Escalation,2019-03-24
484434,Imgur,Stored XSS on imgur profile,hackerone.com/reports/484434,612,0.0,Cross-site Scripting (XSS) - Stored,2019-03-02
484745,Valve,GoldSrc: Buffer Overflow in DELTA_ParseDelta function leads to RCE,hackerone.com/reports/484745,26,3000.0,Stack Overflow,2021-05-04
484801,U.S. Dept Of Defense,[███]  SQL injection & Reflected XSS,hackerone.com/reports/484801,8,0.0,SQL Injection,2019-12-02
484905,U.S. Dept Of Defense,XSS Reflected ,hackerone.com/reports/484905,3,0.0,Cross-site Scripting (XSS) - Reflected,2020-05-27
484930,PuTTY (European Commission - DIGIT),puttygen: 160MB memory leak while trying to extract openssh public key from crafted key file,hackerone.com/reports/484930,46,0.0,Memory Corruption - Generic,2019-11-03
485382,Rockstar Games,Flash injection vulnerability on /IV/imgPlayer/imageEmbed.swf,hackerone.com/reports/485382,11,0.0,Cross-site Scripting (XSS) - Generic,2020-06-24
485684,U.S. Dept Of Defense,Self XSS combine CSRF at https://████████/index.php,hackerone.com/reports/485684,17,0.0,Cross-site Scripting (XSS) - Reflected,2020-05-27
485748,X / xAI,Stored XSS on reports.,hackerone.com/reports/485748,230,700.0,Cross-site Scripting (XSS) - Stored,2019-04-01
486629,Eternal,Improper validation allows user to unlock Zomato Gold multiple times at the same restaurant within one day,hackerone.com/reports/486629,22,0.0,Business Logic Errors,2019-01-28
486667,RATELIMITED,Missing Protection Mechanism in Mail Servers allows malicious user to use staff.ratelimited.me email could lead to identity theft.,hackerone.com/reports/486667,28,0.0,Violation of Secure Design Principles,2019-02-02
486693,Nextcloud,2FA Session not expires after the password reset,hackerone.com/reports/486693,35,50.0,Session Fixation,2021-01-18
486732,DuckDuckGo,Partial bypass of #483774 with Blind XXE on https://duckduckgo.com,hackerone.com/reports/486732,159,0.0,XML External Entities (XXE),2019-02-25
486837,Urban Dictionary,Users able to set video url for unpublished words and able to see the name of unpublished words,hackerone.com/reports/486837,44,0.0,Information Disclosure,2019-03-02
486933,Node.js third-party modules,[serve] Access unlisted internal files/folders revealing sensitive information,hackerone.com/reports/486933,13,0.0,Information Exposure Through Directory Listing,2019-02-07
487008,Flickr,Arbitrary file read via ffmpeg HLS parser at https://www.flickr.com/photos/upload,hackerone.com/reports/487008,340,0.0,Code Injection,2020-01-25
487081,WordPress,Stored XSS in Private Message component (BuddyPress),hackerone.com/reports/487081,337,0.0,Cross-site Scripting (XSS) - Stored,2019-03-08
487378,Rockstar Games,CSRF Vulnerability on post creation page /community/create-post.json,hackerone.com/reports/487378,29,0.0,Cross-Site Request Forgery (CSRF),2020-07-07
487656,RATELIMITED,HTTP PUT method is enabled ratelimited.me,hackerone.com/reports/487656,19,0.0,,2019-01-29
488108,Rockstar Games,Dom based xss on /reddeadredemption2/br/videos,hackerone.com/reports/488108,16,0.0,Cross-site Scripting (XSS) - DOM,2020-06-24
488147,PayPal,Stored XSS on https://paypal.com/signin via cache poisoning,hackerone.com/reports/488147,684,18900.0,HTTP Request Smuggling,2019-08-07
488269,Rockstar Games,Stealing Facebook OAuth Code Through Screenshot viewer,hackerone.com/reports/488269,200,0.0,Information Disclosure,2019-03-05
488643,HackerOne,Disclosure of h1 challenges name through the calendar,hackerone.com/reports/488643,29,0.0,Information Disclosure,2019-01-30
488795,U.S. Dept Of Defense,SQL injection on the https://████/,hackerone.com/reports/488795,23,0.0,SQL Injection,2019-10-04
488923,Automattic,No Rate Limit on CrowdSignal Polls when Adding Comment,hackerone.com/reports/488923,16,0.0,Business Logic Errors,2019-04-13
488985,HackerOne,Race condition in claiming program credentials ,hackerone.com/reports/488985,54,0.0,Time-of-check Time-of-use (TOCTOU) Race Condition,2019-05-19
489102,VLC (European Commission - DIGIT),VLC 4.0.0 - Stack Buffer Overflow (SEH),hackerone.com/reports/489102,62,2817.28,Stack Overflow,2020-02-10
489146,HackerOne,Confidential data of users and limited metadata of programs and reports accessible via GraphQL,hackerone.com/reports/489146,1032,0.0,Information Disclosure,2019-02-03
489284,Shopify,Access to Employee calendar disclosing internal presentation and meetings,hackerone.com/reports/489284,111,1000.0,Improper Access Control - Generic,2019-03-08
489483,U.S. Dept Of Defense,SQL Injection in the get_publications.php on the https://█████,hackerone.com/reports/489483,6,0.0,SQL Injection,2019-10-04
490379,Node.js third-party modules,[glance] Access unlisted internal files/folders revealing sensitive information,hackerone.com/reports/490379,19,0.0,Information Exposure Through Directory Listing,2019-02-28
490728,Node.js third-party modules,[takeapeek] XSS via HTML tag injection in directory lisiting page,hackerone.com/reports/490728,21,0.0,Cross-site Scripting (XSS) - Stored,2019-07-01
490782,WordPress,Mssing Authorization on Private Message replies (BuddyPress),hackerone.com/reports/490782,66,0.0,Improper Access Control - Generic,2019-03-08
490899,RATELIMITED,Credientals Over GET method in plain Text,hackerone.com/reports/490899,13,0.0,Unprotected Transport of Credentials,2019-02-17
490946,Nextcloud,Bypassing lock protection,hackerone.com/reports/490946,13,50.0,Improper Authentication - Generic,2019-07-26
490997,MariaDB,[downloads.mariadb.org] CRLF injection in case of encoded query mark,hackerone.com/reports/490997,6,0.0,CRLF Injection,2019-02-14
491023,Semrush,XSS Reflected on my_report,hackerone.com/reports/491023,25,0.0,Cross-site Scripting (XSS) - Reflected,2019-06-21
491191,U.S. Dept Of Defense,SQL Injection in the `move_papers.php` on the https://██████████,hackerone.com/reports/491191,26,0.0,SQL Injection,2020-06-25
491319,GitLab,Guests Will Disclose the Private Project Full Activity Via Project Activity Feeds,hackerone.com/reports/491319,5,0.0,Information Disclosure,2019-02-08
491473,X / xAI,Protected tweets exposure through the URL,hackerone.com/reports/491473,66,560.0,Information Disclosure,2019-04-19
491654,Rockstar Games,Image Injection vulnerability affecting www.rockstargames.com/careers may lead to Facebook OAuth Theft,hackerone.com/reports/491654,7,0.0,Information Disclosure,2020-06-24
491668,U.S. Dept Of Defense,RCE on https://█████/ Using CVE-2017-9248,hackerone.com/reports/491668,12,0.0,Cryptographic Issues - Generic,2019-10-10
491753,Brave Software,DMARC RECORD MISSING,hackerone.com/reports/491753,20,0.0,,2019-02-13
491892,Rocket.Chat,Broken access control on apps ,hackerone.com/reports/491892,9,0.0,Improper Access Control - Generic,2019-06-22
492512,Internet Bug Bounty,[bower] Arbitrary File Write through improper validation of symlinks while package extraction,hackerone.com/reports/492512,7,500.0,Path Traversal,2019-09-10
492767,U.S. Dept Of Defense,[https://███] Local File Inclusion via graph.php,hackerone.com/reports/492767,1,0.0,Path Traversal,2020-05-14
493176,HackerOne,Partial report contents leakage - via HTTP/2 concurrent stream handling,hackerone.com/reports/493176,64,2500.0,Information Disclosure,2021-08-05
493324,GitLab,Privilege escalation from any user (including external) to gitlab admin when admin impersonates you,hackerone.com/reports/493324,256,0.0,Privilege Escalation,2020-08-26
493484,HackerOne,report id is exposed for undisclosed reports in Hacktivity,hackerone.com/reports/493484,24,0.0,Information Disclosure,2019-02-16
493535,X / xAI,CSRF and probable account takeover on https://www.niche.co,hackerone.com/reports/493535,24,0.0,Cross-Site Request Forgery (CSRF),2019-02-28
493552,X / xAI,"CSRF on https://www.niche.co leads to ""account disconnection""",hackerone.com/reports/493552,35,0.0,Cross-Site Request Forgery (CSRF),2019-03-02
493791,GitLab,Inadequate cache control in gitter allows to view private chat room,hackerone.com/reports/493791,13,0.0,Improper Authentication - Generic,2019-03-08
494979,Notepad++,Insufficient sanitizing can lead to arbitrary commands execution,hackerone.com/reports/494979,50,0.0,Command Injection - Generic,2019-06-06
495382,Notepad++,No SearchEngine sanatizing can lead to command injection,hackerone.com/reports/495382,99,0.0,Command Injection - Generic,2019-06-06
495495,Internet Bug Bounty,CVE-2019-5736: Escape from Docker and Kubernetes containers to root on host,hackerone.com/reports/495495,14,0.0,Privilege Escalation,2019-09-26
495497,GitLab,Know whether private project name exists or not within a group using link comments,hackerone.com/reports/495497,57,0.0,Information Disclosure,2019-10-07
495508,PuTTY (European Commission - DIGIT)," Assertion `len == 1' failed, process aborted while streaming ouput from remote server",hackerone.com/reports/495508,5,0.0,Uncontrolled Resource Consumption,2019-11-03
495515,WordPress,Reflected XSS: Taxonomy Converter via tax parameter,hackerone.com/reports/495515,15,0.0,Cross-site Scripting (XSS) - Reflected,2019-08-28
495525,Ian Dunn,XSSI: Quick Navigation Interface - leak of private page/post titles,hackerone.com/reports/495525,14,50.0,Information Disclosure,2019-02-15
495583,Automattic,[FG-VD-19-022] Wordpress WooCommerce Cross-Site Scripting Vulnerability Notification,hackerone.com/reports/495583,30,0.0,Cross-site Scripting (XSS) - Stored,2019-04-06
495789,Valve,Malformed .WAV triggers an Access Violation on GoldSRC (hl.exe),hackerone.com/reports/495789,14,0.0,Memory Corruption - Generic,2020-02-27
495793,Valve,Malformed .MDL triggers an Access Violation on GoldSRC (hl.exe),hackerone.com/reports/495793,90,0.0,Memory Corruption - Generic,2019-10-09
496113,Notepad++,Crash,hackerone.com/reports/496113,26,0.0,,2019-05-06
496219,U.S. Dept Of Defense,█████ - Pre-generation of VIEWSTATE allows CAC bypass,hackerone.com/reports/496219,2,0.0,Improper Authentication - Generic,2020-05-11
496285,Internet Bug Bounty,Ubuntu Linux privilege escalation (dirty_sock),hackerone.com/reports/496285,103,0.0,Privilege Escalation,2019-08-28
496293,Node.js third-party modules,[url-parse] Improper Validation and Sanitization,hackerone.com/reports/496293,6,0.0,Improper Input Validation,2020-01-27
496326,U.S. Dept Of Defense,"█████████ - Insecure download cookie generation allows bypass of CAC authentication, access to deleted and locked files",hackerone.com/reports/496326,4,0.0,Cryptographic Issues - Generic,2020-05-11
496360,Khan Academy,EMAIL SPOOFING,hackerone.com/reports/496360,20,0.0,Privilege Escalation,2022-01-02
496375,Starbucks,Reflected XSS in https://www.starbucks.co.jp/store/search/,hackerone.com/reports/496375,72,0.0,Cross-site Scripting (XSS) - Reflected,2019-05-22
496937,Superhuman (formerly Grammarly),Employee's GitHub Token Found In Travis CI Build Logs,hackerone.com/reports/496937,405,5000.0,Information Disclosure,2019-05-22
496973,GitLab,Persistent XSS via e-mail when creating merge requests,hackerone.com/reports/496973,24,0.0,Cross-site Scripting (XSS) - Generic,2019-08-30
497047,GitLab,Blocked user Git access through CI/CD token,hackerone.com/reports/497047,11,1500.0,Improper Access Control - Generic,2019-12-13
497255,Notepad++,A stack buffer overflow in BabyGrid.cpp can lead to program crashes via a malicious localization file,hackerone.com/reports/497255,8,0.0,Stack Overflow,2019-05-07
497312,Notepad++,Command injection by setting a custom search engine,hackerone.com/reports/497312,50,0.0,Command Injection - Generic,2019-05-07
497655,Rockstar Games,Image Injection on www.rockstargames.com/screenshot-viewer/responsive/image may allow facebook oauth token theft.,hackerone.com/reports/497655,14,0.0,Information Disclosure,2020-06-12
497664,Upserve ,Open redirect on https://hq-api.upserve.com/,hackerone.com/reports/497664,44,0.0,Open Redirect,2019-06-07
497724,WordPress,Stored XSS in Post Preview as Contributor,hackerone.com/reports/497724,14,0.0,Cross-site Scripting (XSS) - Stored,2020-08-18
497771,U.S. Dept Of Defense,[Critical] Full local fylesystem access (LFI/LFD) as admin via Path Traversal in the misconfigured Java servlet on the https://███/,hackerone.com/reports/497771,14,0.0,Path Traversal,2019-10-04
498351,U.S. Dept Of Defense,[█████] Get all tickets (IDOR),hackerone.com/reports/498351,10,0.0,Insecure Direct Object Reference (IDOR),2019-12-02
498358,Rockstar Games,Image Injection on /bully/anniversaryedition may lead to OAuth token theft.,hackerone.com/reports/498358,8,0.0,Information Disclosure,2020-06-24
498562,Smule,Error Page Content Spoofing or Text Injection ,hackerone.com/reports/498562,74,0.0,Violation of Secure Design Principles,2020-06-03
498845,HackerOne,A small set of users were assigned someone else's payout preference,hackerone.com/reports/498845,30,0.0,Privacy Violation,2019-02-20
498852,Nextcloud,XSS On Nextcloud Integrated with zimbra drive,hackerone.com/reports/498852,3,0.0,Cross-site Scripting (XSS) - Stored,2019-11-11
498865,Liberapay,Session Cookie without HttpOnly and secure flag set,hackerone.com/reports/498865,2,0.0,Violation of Secure Design Principles,2019-02-21
498878,Nextcloud,User Editable nextcloud Wiki pages of Public Repositories,hackerone.com/reports/498878,11,0.0,,2019-08-31
498964,GitLab,"Full access to internal Gitlab instances at redash.gitlab.com, dashboards.gitlab.com, prometheus.gitlab.com",hackerone.com/reports/498964,306,0.0,Incorrect Authorization,2019-04-19
499030,HackerOne,DOM Based XSS in www.hackerone.com via PostMessage (bypass of #398054),hackerone.com/reports/499030,106,0.0,Cross-site Scripting (XSS) - DOM,2019-05-04
499041,U.S. Dept Of Defense,[████████] Reflected XSS,hackerone.com/reports/499041,6,0.0,Business Logic Errors,2019-12-02
499348,X / xAI,"Twitter lite(Android): Vulnerable to local file steal, Javascript injection, Open redirect ",hackerone.com/reports/499348,95,0.0,Improper Access Control - Generic,2019-04-29
500348,Slack,URL filter bypass in Enterprise Grid,hackerone.com/reports/500348,32,100.0,Phishing,2020-02-14
500436,Superhuman (formerly Grammarly),DOM based CSS Injection on grammarly.com,hackerone.com/reports/500436,63,250.0,Cross-site Scripting (XSS) - DOM,2019-05-06
500468,Starbucks,SSRF at ideas.starbucks.com,hackerone.com/reports/500468,33,0.0,Server-Side Request Forgery (SSRF),2019-04-03
500515,Starbucks,XXE at ecjobs.starbucks.com.cn/retail/hxpublic_v6/hxdynamicpage6.aspx,hackerone.com/reports/500515,318,0.0,XML External Entities (XXE),2019-11-13
500588,JamieWeb,Security headers missed on https://acme-validation.jamieweb.net/,hackerone.com/reports/500588,48,0.0,Violation of Secure Design Principles,2019-03-28
500686,X / xAI,url that twitter mobile site can not load,hackerone.com/reports/500686,142,1120.0,Uncontrolled Resource Consumption,2019-03-19
501077,Rocket.Chat,Online Status of arbitrary users can be changed,hackerone.com/reports/501077,33,0.0,Improper Access Control - Generic,2024-08-10
501081,Rocket.Chat,Guest Privilege Escalation to admin group,hackerone.com/reports/501081,59,0.0,Improper Access Control - Generic,2024-08-10
501084,Rocket.Chat,Upload of Avatars for other Users,hackerone.com/reports/501084,47,0.0,Improper Access Control - Generic,2024-08-10
501585,Monero,Zero-amount miner TX + RingCT allows monero wallet to receive arbitrary amount of monero,hackerone.com/reports/501585,9,0.0,Resource Injection,2019-07-03
502207,Rootstock Labs,Traffic amplification attack via discovery protocol,hackerone.com/reports/502207,24,2000.0,Improper Authentication - Generic,2023-03-13
502593,GitLab,Attacker is able to access commit title and team member comments which are supposed to be private,hackerone.com/reports/502593,350,0.0,Improper Access Control - Generic,2019-07-03
502753,Semmle,Email addresses exposed in getPersonBySlug API,hackerone.com/reports/502753,60,500.0,,2019-03-25
502758,Starbucks,RCE and Complete Server Takeover of http://www.█████.starbucks.com.sg/,hackerone.com/reports/502758,571,0.0,Code Injection,2019-04-10
502816,VLC (European Commission - DIGIT),Access Violation Reading in libfaad_plugin,hackerone.com/reports/502816,106,1120.81,Integer Underflow,2019-07-24
502819,VK.com,[0.vk.com] Reflected XSS на странице подтверждения.,hackerone.com/reports/502819,4,200.0,Cross-site Scripting (XSS) - Reflected,2019-05-10
502926,X / xAI,Html Injection and Possible XSS via MathML,hackerone.com/reports/502926,13,0.0,Cross-site Scripting (XSS) - Generic,2019-09-03
503208,VLC (European Commission - DIGIT),Access Violation Reading EXPLOITABLE_0228,hackerone.com/reports/503208,77,1135.32,Double Free,2019-07-24
503283,Slack,Real Time Error Logs Through Debug Information,hackerone.com/reports/503283,100,0.0,Information Exposure Through Debug Information,2019-04-11
503298,X / xAI,Multiple XSS on account settings that can hijack any users in the company. ,hackerone.com/reports/503298,73,700.0,Cross-site Scripting (XSS) - Stored,2019-04-01
503300,Unikrn,█████████ on CRM server without authorization,hackerone.com/reports/503300,15,0.0,,2019-03-14
503804,Unikrn,Path Disclosure Vulnerability http://crm.******.com,hackerone.com/reports/503804,12,0.0,,2019-04-05
503821,PuTTY (European Commission - DIGIT),"Assertion `col >= 0 && col < line->cols' failed, process aborted while streaming ouput from remote server",hackerone.com/reports/503821,3,0.0,Memory Corruption - Generic,2019-11-03
503922,Hanno's projects,Open redirect on the https://tt.hboeck.de,hackerone.com/reports/503922,25,0.0,Open Redirect,2019-03-03
503988,8x8,Cross-site Scripting (XSS) - Reflected,hackerone.com/reports/503988,10,0.0,Cross-site Scripting (XSS) - Reflected,2020-07-07
504122,8x8,Sensitive information disclosure,hackerone.com/reports/504122,2,0.0,Information Disclosure,2020-02-12
504162,VK.com,Делаем плейлист от любого(почти) пользователя/группы/артиста.,hackerone.com/reports/504162,3,100.0,,2021-11-05
504261,Algolia,Web Cache Deception Attack (XSS),hackerone.com/reports/504261,26,0.0,Cross-site Scripting (XSS) - Reflected,2019-03-22
504362,Semmle,the login blocking mechanism does not work correctly,hackerone.com/reports/504362,6,0.0,Improper Restriction of Authentication Attempts,2019-03-19
504507,Urban Dictionary,Domain does not Match SSL Certificate,hackerone.com/reports/504507,11,0.0,Man-in-the-Middle,2019-05-29
504509,Hanno's projects,Bypassing the fix of #503922,hackerone.com/reports/504509,18,0.0,Open Redirect,2019-03-04
504514,Smule,Web cache poisoning leads to disclosure of CSRF token and sensitive information,hackerone.com/reports/504514,39,0.0,Violation of Secure Design Principles,2019-07-21
504731,Nextcloud, Predictable Random Number Generator,hackerone.com/reports/504731,12,0.0,Use of Cryptographically Weak Pseudo-Random Number Generator (PRNG),2019-06-26
504751,Omise,Open Redirect,hackerone.com/reports/504751,72,100.0,Open Redirect,2019-03-25
504759,Nextcloud,Uploading large avatar images cause excessive CPU usage,hackerone.com/reports/504759,8,0.0,Uncontrolled Resource Consumption,2019-06-27
504761,Internet Bug Bounty,phar_tar_writeheaders_int() buffer overflow,hackerone.com/reports/504761,2,1500.0,Classic Buffer Overflow,2020-11-09
504951,Valve,Malformed playlist.txt in GoldSrc games leads to Access Violation & arbitrary code execution,hackerone.com/reports/504951,62,1000.0,Stack Overflow,2019-09-17
505007,X / xAI,[Twitter Open Source] Releases were & are built/executed/tested/released in the context of insecure/untrusted code,hackerone.com/reports/505007,9,280.0,Cryptographic Issues - Generic,2019-12-13
505157,Rockstar Games,Dom based xss on https://www.rockstargames.com/ via `returnUrl` parameter,hackerone.com/reports/505157,17,0.0,Cross-site Scripting (XSS) - DOM,2020-06-12
505173,Valve,Malformed map detailed texture files in GoldSrc games lead to Remote Code Execution,hackerone.com/reports/505173,30,350.0,Stack Overflow,2019-09-17
505259,Rockstar Games,Image injection on /screenshot-viewer/responsive/image ( FIX BYPASS),hackerone.com/reports/505259,6,0.0,Information Disclosure,2020-06-24
505278,Internet Bug Bounty,DOS in stream filters,hackerone.com/reports/505278,44,0.0,Uncontrolled Resource Consumption,2020-10-12
505336,VK.com,Просмотр аттачей удаленного сообщения.....,hackerone.com/reports/505336,8,200.0,Information Disclosure,2021-12-01
505347,VK.com,Просмотр инфы на странице пользователя или группы который тебя добавил в ЧС,hackerone.com/reports/505347,5,200.0,Information Disclosure,2019-05-10
505424,X / xAI,Twitter ID exposure via error-based side-channel attack,hackerone.com/reports/505424,154,1470.0,Privacy Violation,2019-05-16
505595,Semmle,Authenticated Cross-Site-Request-Forgery,hackerone.com/reports/505595,8,0.0,Cross-Site Request Forgery (CSRF),2019-03-19
506040,Internet Bug Bounty,ChaCha20-Poly1305 with long nonces,hackerone.com/reports/506040,8,0.0,Missing Encryption of Sensitive Data,2019-09-30
506126,Rockstar Games,image injection /screenshot-viewer/responsive/image (ANOTHER FIX BYPASS),hackerone.com/reports/506126,6,0.0,Information Disclosure,2020-06-24
506161,PortSwigger Web Security,Build fetches jars over HTTP,hackerone.com/reports/506161,134,1000.0,Man-in-the-Middle,2019-06-10
506412,Linux Foundation Decentralized Trust,Enrolling to a CA that returns an empty response crashes the node process,hackerone.com/reports/506412,6,500.0,Uncontrolled Resource Consumption,2022-08-06
506496,Monero,RingCT malformed tx prevents target from being able to sweep balance,hackerone.com/reports/506496,9,0.0,Business Logic Errors,2019-04-20
506498,Monero,(remote) exabyte allocation via load_from_binary() (DoS),hackerone.com/reports/506498,2,0.0,Uncontrolled Resource Consumption,2019-07-03
506595,Monero,CryptoNote: remote node DoS,hackerone.com/reports/506595,30,0.0,Uncontrolled Resource Consumption,2019-07-03
506644,Node.js third-party modules,[@azhou/basemodel] SQL injection,hackerone.com/reports/506644,2,0.0,SQL Injection,2020-02-02
506646,Starbucks,Webshell via File Upload on ecjobs.starbucks.com.cn,hackerone.com/reports/506646,688,0.0,OS Command Injection,2019-11-13
506654,Node.js third-party modules,[typeorm] SQL Injection,hackerone.com/reports/506654,15,0.0,SQL Injection,2019-04-02
506791,Central Security Project,Pippo XML Entity Expansion (Billion Laughs Attack),hackerone.com/reports/506791,1,0.0,XML Entity Expansion,2019-06-10
507012,Unikrn,bypass Claudflare access crm.mautic.com,hackerone.com/reports/507012,7,0.0,,2019-04-05
507097,Eternal,Open AWS S3 bucket leaks all Images uploaded to Zomato chat,hackerone.com/reports/507097,57,0.0,Improper Authentication - Generic,2019-05-01
507139,Automattic,DOM based XSS in the WooCommerce plugin,hackerone.com/reports/507139,37,0.0,Cross-site Scripting (XSS) - DOM,2019-05-05
507159,Node.js third-party modules,[fileview] Inadequate Output Encoding and Escaping ,hackerone.com/reports/507159,11,0.0,Cross-site Scripting (XSS) - Stored,2019-12-28
507172,Nextcloud,"Able to bypass ""Device credentials"" Lock",hackerone.com/reports/507172,12,0.0,Improper Access Control - Generic,2019-07-26
507222,Node.js third-party modules,[untitled-model] sql injection,hackerone.com/reports/507222,14,0.0,SQL Injection,2019-06-18
507303,Node.js third-party modules,[file-browser] Inadequate Output Encoding and Escaping ,hackerone.com/reports/507303,1,0.0,Cross-site Scripting (XSS) - Stored,2020-01-29
507310,Node.js third-party modules,[deliver-or-else] Path Traversal,hackerone.com/reports/507310,1,0.0,Path Traversal,2020-01-29
507494,Rockstar Games,xss on https://www.rockstargames.com/GTAOnline/jp/screens/ ,hackerone.com/reports/507494,159,0.0,Cross-site Scripting (XSS) - Generic,2020-06-12
507525,Chaturbate,DoS attacks utilizing camo.stream.highwebmedia.com,hackerone.com/reports/507525,41,400.0,Uncontrolled Resource Consumption,2019-05-01
507957,Starbucks,Stored XSS on www.starbucks.com.sg/careers/career-center/career-landing-*,hackerone.com/reports/507957,37,0.0,Cross-site Scripting (XSS) - Stored,2019-04-10
507972,VK.com,Просмотр удаленного сообщения из лс группы + возможность его переслать.,hackerone.com/reports/507972,5,100.0,Information Disclosure,2021-11-05
508024,Omise,Public and secret api key leaked via omise github repo(owned by omise),hackerone.com/reports/508024,6,0.0,Information Disclosure,2019-03-25
508184,GitLab,Persistent XSS in Note objects,hackerone.com/reports/508184,138,4500.0,Cross-site Scripting (XSS) - Stored,2019-07-19
508256,Ubiquiti Inc.,EdgeSwitch Command Injection,hackerone.com/reports/508256,15,0.0,Command Injection - Generic,2019-03-31
508346,Node.js third-party modules,[increments] sql injection,hackerone.com/reports/508346,1,0.0,SQL Injection,2020-02-02
508446,Node.js third-party modules,XSS in Bootbox,hackerone.com/reports/508446,4,0.0,Cross-site Scripting (XSS) - Generic,2019-05-04
508459,Omise,SSRF in webhooks leads to AWS private keys disclosure,hackerone.com/reports/508459,212,0.0,Server-Side Request Forgery (SSRF),2019-06-28
508475,Rockstar Games,"DOM based XSS on /GTAOnline/de/news/article via ""returnUrl"" parameter",hackerone.com/reports/508475,6,0.0,Cross-site Scripting (XSS) - DOM,2020-06-24
508487,Nextcloud,Arbitrary SQL command injection,hackerone.com/reports/508487,77,0.0,SQL Injection,2019-07-21
508490,Nextcloud,Nextcloud domain and name of every user leaked to lookup server,hackerone.com/reports/508490,14,0.0,Privacy Violation,2019-11-26
508493,Nextcloud,"Group admins can remove arbitrary data from ""data"" directory (including admin data)",hackerone.com/reports/508493,32,0.0,Privilege Escalation,2019-08-12
508506,VK.com,Загружаем видеозаписи в основной альбом любой открытой группе/паблику.,hackerone.com/reports/508506,2,300.0,,2021-11-05
508517,Rockstar Games,DOM based XSS on /GTAOnline/tw/starterpack/,hackerone.com/reports/508517,46,0.0,Cross-site Scripting (XSS) - DOM,2020-06-24
508894,Valve,Vulnerability in GoldSource Engine allows to upload and run an arbitrary DLL on client,hackerone.com/reports/508894,11,0.0,Malware,2020-03-25
509315,Central Security Project,c3p0 may be exploited by a Billion Laughs Attack when loading XML configuration,hackerone.com/reports/509315,5,0.0,XML Entity Expansion,2019-04-16
509390,Nextcloud,Missing DNSSEC,hackerone.com/reports/509390,5,0.0,Man-in-the-Middle,2019-08-29
509574,HackerOne,Invited team member can disclosure slack channels,hackerone.com/reports/509574,16,500.0,Information Disclosure,2019-04-05
509697,Node.js third-party modules,[md-fileserver] Path Traversal,hackerone.com/reports/509697,1,0.0,Path Traversal,2020-01-29
509924,GitLab,JSON serialization of any Project model results in all Runner tokens being exposed through Quick Actions,hackerone.com/reports/509924,365,12000.0,Information Disclosure,2019-04-20
509930,WordPress,Potential unprivileged Stored XSS through wp_targeted_link_rel,hackerone.com/reports/509930,80,0.0,Cross-site Scripting (XSS) - Stored,2020-01-08
510025,Internet Bug Bounty,Invalid Read on exif_process_SOFn,hackerone.com/reports/510025,6,0.0,Buffer Over-read,2020-10-10
510152,PayPal,Bypass for #488147 enables stored XSS on https://paypal.com/signin again,hackerone.com/reports/510152,2682,20000.0,HTTP Request Smuggling,2019-08-07
510336,Internet Bug Bounty,Uninitialized read in exif_process_IFD_in_TIFF,hackerone.com/reports/510336,0,0.0,Classic Buffer Overflow,2020-10-10
510388,Rockstar Games,Image injection /br/games/info may lead to phishing attacks or FB OAuth theft.,hackerone.com/reports/510388,5,0.0,Information Disclosure,2020-06-24
510759,HackerOne,IDOR in Report CSV export discloses the IDs of Custom Field Attributes of Programs,hackerone.com/reports/510759,67,0.0,Insecure Direct Object Reference (IDOR),2019-09-06
510887,Internet Bug Bounty,[CVE-2018-18312] regcomp: heap-buffer-overflow write / reg_node overrun,hackerone.com/reports/510887,18,0.0,Heap Overflow,2019-09-25
510888,Internet Bug Bounty,[CVE-2018-18313] regcomp: heap-buffer-overflow read in S_grok_bslash_N,hackerone.com/reports/510888,7,0.0,Heap Overflow,2019-09-25
511025,Ubiquiti Inc.,Privilege-0 to Root Privilege Escalation on EdgeSwitch,hackerone.com/reports/511025,82,0.0,Privilege Escalation,2019-03-31
511044,Eternal,[www.zomato.com] Availing Zomato Gold membership for free by tampering plan id(s) ,hackerone.com/reports/511044,229,0.0,Business Logic Errors,2019-03-18
511317,Monero,Potential use-after-free due to struct array_entry_t lacking an explicit copy constructor,hackerone.com/reports/511317,9,0.0,Use After Free,2019-05-10
511381,GitLab,All functions that allow users to specify color code are vulnerable to ReDoS,hackerone.com/reports/511381,53,1000.0,Uncontrolled Resource Consumption,2019-08-21
511440,Eternal, credentials leakage in public lead to view dev websites ,hackerone.com/reports/511440,78,0.0,Information Disclosure,2019-03-18
511459,Node.js third-party modules,[listening-processes] Command Injection,hackerone.com/reports/511459,0,0.0,OS Command Injection,2020-02-02
511536,Semmle,Unprotected Api EndPoints,hackerone.com/reports/511536,3,0.0,Violation of Secure Design Principles,2019-03-21
511779,HackerOne,Moving a report to a different program doesn't reassign the Custom Field Values,hackerone.com/reports/511779,15,0.0,Insecure Direct Object Reference (IDOR),2019-04-25
512076,Revive Adserver,Deserialization of Untrusted Data in www/delivery/adxmlrpc.php,hackerone.com/reports/512076,4,0.0,Deserialization of Untrusted Data,2019-04-23
512958,Ubiquiti Inc.,Login as root without password on EdgeSwitchX,hackerone.com/reports/512958,56,0.0,Improper Authentication - Generic,2019-03-31
512968,Eternal,[api.zomato.com] Able to manipulate order amount,hackerone.com/reports/512968,135,0.0,Business Logic Errors,2019-04-16
513105,Semmle,CSP : Inline scripts can be inserted,hackerone.com/reports/513105,9,0.0,Cross-site Scripting (XSS) - Generic,2019-03-21
513134,Phabricator,Issue:Form does not contain an anti-CSRF token,hackerone.com/reports/513134,8,0.0,Cross-Site Request Forgery (CSRF),2019-03-22
513137,Phabricator,Request vulnerable to CSRF,hackerone.com/reports/513137,5,0.0,Cross-Site Request Forgery (CSRF),2019-03-22
513154,Valve,Unchecked weapon id in WeaponList message parser on client leads to RCE,hackerone.com/reports/513154,229,3000.0,Array Index Underflow,2019-09-17
513172,Semmle,All Burp Suite Scan report,hackerone.com/reports/513172,5,0.0,Security Through Obscurity,2019-03-22
514224,GSA Bounty,SSRF in Search.gov via ?url= parameter,hackerone.com/reports/514224,42,150.0,Server-Side Request Forgery (SSRF),2019-08-26
514293,Chaturbate,Unrestricted POST request size on /customer_support/information_form/ endpoint,hackerone.com/reports/514293,8,0.0,Violation of Secure Design Principles,2019-05-01
514421,MariaDB,smtp service vulnerable to POODLE SSLv3,hackerone.com/reports/514421,8,0.0,Cryptographic Issues - Generic,2019-05-11
514451,HackerOne,Deprecated Hacker101 coursework repository mentions Heroku App that is susceptible to takeover,hackerone.com/reports/514451,68,500.0,Externally Controlled Reference to a Resource in Another Sphere,2019-04-04
514577,Omise,Failure to Invalid Session after Password Change,hackerone.com/reports/514577,18,0.0,Insufficient Session Expiration,2019-12-08
514897,Eternal,Possible to enumerate Addresses of users using AddressId and guessing the delivery_subzone,hackerone.com/reports/514897,29,1500.0,Insecure Direct Object Reference (IDOR),2020-07-15
515484,Nextcloud,[Reflected XSS] In Request URL,hackerone.com/reports/515484,37,0.0,Cross-site Scripting (XSS) - Reflected,2020-03-01
515574,GSA Bounty,Unclaimed Github Repository Takeover on https://www.data.gov/labs,hackerone.com/reports/515574,19,0.0,Phishing,2019-07-29
516237,Internet Bug Bounty,Uninitialized read in exif_process_IFD_in_MAKERNOTE,hackerone.com/reports/516237,1,0.0,Information Disclosure,2020-10-10
517711,Eternal,Bypassing the SMS sending limit for download app link.,hackerone.com/reports/517711,7,0.0,Improper Restriction of Authentication Attempts,2019-04-16
518097,curl,libcurl: SMTP end-of-response out-of-bounds read - CVE-2019-3823,hackerone.com/reports/518097,1,0.0,Heap Overflow,2021-01-08
518348,Valve,RCE on partner.steampowered.com,hackerone.com/reports/518348,18,0.0,Command Injection - Generic,2024-07-30
518669,Nextcloud,SQLi allow query restriction bypass on exposed FileContentProvider,hackerone.com/reports/518669,19,100.0,SQL Injection,2019-07-29
518837,PortSwigger Web Security,DLL Hijacking in Burp Suite Pro 2.0.19 Installer,hackerone.com/reports/518837,17,0.0,Privilege Escalation,2019-04-01
518928,Eternal,Sending Unlimited Emails to anyone from zomato mail server.,hackerone.com/reports/518928,11,0.0,Improper Restriction of Authentication Attempts,2019-04-16
519044,Uber,Publicly exposed HashiCorp Vault (Secrets management) at usec-gcp-staging.uberinternal.com & usec-gcp.uberinternal.com,hackerone.com/reports/519044,43,0.0,,2021-08-27
519059,X / xAI,Protected Tweets setting overridden by Android app,hackerone.com/reports/519059,17,560.0,,2019-05-17
519061,Ruby,Ruby is shipping a vulnerable jQuery,hackerone.com/reports/519061,8,0.0,,2019-10-03
519120,Monero,Computing hash of crafted block leads to crash in tree_hash(),hackerone.com/reports/519120,7,0.0,Uncontrolled Resource Consumption,2019-07-03
519220,Ruby on Rails,File writing by Directory traversal at actionpack-page_caching and RCE by it,hackerone.com/reports/519220,80,1000.0,Path Traversal,2020-07-13
519367,Midpoint (European Commission - DIGIT),Attacker can read password from log data,hackerone.com/reports/519367,35,168.68,Plaintext Storage of a Password,2019-06-15
519418,U.S. Dept Of Defense,Trace.axd page leaks sensitive information,hackerone.com/reports/519418,29,0.0,Information Exposure Through Debug Information,2019-08-19
519582,Ubiquiti Inc.,Catch mails sent to an SMTP Server over SSL using an Evil SMTP Server,hackerone.com/reports/519582,13,0.0,Man-in-the-Middle,2019-08-22
519631,U.S. Dept Of Defense,SQL Injection in ████,hackerone.com/reports/519631,49,0.0,SQL Injection,2019-08-19
520842,U.S. Dept Of Defense,Email PII disclosure due to Insecure Password Reset field,hackerone.com/reports/520842,6,0.0,Privacy Violation,2019-12-02
520903,Internet Bug Bounty,Apache HTTP [2.4.17-2.4.38] Local Root Privilege Escalation,hackerone.com/reports/520903,121,1500.0,Privilege Escalation,2019-09-11
522214,VK.com,Обход фильтра на ссылки в загрузке историй..,hackerone.com/reports/522214,6,100.0,,2021-11-05
522876,Nextcloud,"In Dockerized Environments, Failing to Read config.php Grants Any Anonymous User Full Admin Access",hackerone.com/reports/522876,11,0.0,Improper Access Control - Generic,2019-07-27
526258,Node.js third-party modules,environment variable leakage in error reporting,hackerone.com/reports/526258,4,0.0,Information Exposure Through an Error Message,2019-09-03
526265,Starbucks,DOM XSS on app.starbucks.com via ReturnUrl,hackerone.com/reports/526265,27,0.0,Cross-site Scripting (XSS) - DOM,2020-03-17
526325,GitLab,Stored XSS in Wiki pages,hackerone.com/reports/526325,627,0.0,Cross-site Scripting (XSS) - Stored,2019-09-02
526570,GitLab,Bypassing push rules via MRs created by Email,hackerone.com/reports/526570,36,0.0,Improper Access Control - Generic,2019-10-01
526880,U.S. Dept Of Defense,Request smuggling on ████████,hackerone.com/reports/526880,25,0.0,HTTP Request Smuggling,2019-10-08
527042,Internet Bug Bounty,CVE-2019-0196: mod_http2 with scoreboard Use-After-Free (Read),hackerone.com/reports/527042,4,0.0,Use After Free,2019-09-10
528940,Shopify,STAFF member with NO Explicit permissions can view `ActivityFeed` via GraphQL,hackerone.com/reports/528940,23,500.0,Improper Access Control - Generic,2019-06-18
529367,VK.com,"Узнаем новые email приглашенного нами пользователя после смены, и так же часть номера телефона",hackerone.com/reports/529367,9,300.0,Privacy Violation,2019-10-17
530289,Node.js third-party modules,[harp] Path traversal using symlink,hackerone.com/reports/530289,4,0.0,Path Traversal,2019-04-09
530292,Internet Bug Bounty,Local Privilege Escalation during execution of VeraCryptExpander.exe (UAC bypass),hackerone.com/reports/530292,28,1250.0,Privilege Escalation,2021-08-22
530441,Uber,Unauthorized access to █████████.com allows access to Uber Brazil tax documents and system.,hackerone.com/reports/530441,209,4500.0,Improper Access Control - Generic,2021-03-06
530499,Automattic,WooCommerce: Persistent XSS via customer address (state/county),hackerone.com/reports/530499,40,0.0,Cross-site Scripting (XSS) - Stored,2019-05-26
530967,Ubiquiti Inc.,UniFi Video v3.10.1 (Windows) Local Privileges Escalation to SYSTEM from arbitrary filedelete and DLL hijack vulnerabilities.,hackerone.com/reports/530967,9,0.0,Privilege Escalation,2020-04-01
530974,Snapchat,Server-Side Request Forgery using Javascript allows to exfill data from Google Metadata,hackerone.com/reports/530974,419,0.0,Server-Side Request Forgery (SSRF),2020-11-30
531032,Slack,"Slack DTLS uses a private key that is in the public domain, which may lead to SRTP stream hijack",hackerone.com/reports/531032,169,2000.0,Use of Hard-coded Cryptographic Key,2020-03-12
531042,Starbucks,"Reflected XSS in https://www.starbucks.com/account/create/redeem/MCP131XSR via xtl_amount, xtl_coupon_code, xtl_amount_type parameters",hackerone.com/reports/531042,43,0.0,Cross-site Scripting (XSS) - Reflected,2019-11-13
531051,Starbucks,"SQL Injection Extracts Starbucks Enterprise Accounting, Financial, Payroll Database",hackerone.com/reports/531051,797,0.0,SQL Injection,2019-08-06
531146,VK.com,Information Disclosure (phpinfo()),hackerone.com/reports/531146,3,0.0,,2019-09-18
531890,X / xAI,Subdomain takeover on dev-admin.periscope.tv,hackerone.com/reports/531890,55,0.0,Privilege Escalation,2019-05-28
532225,Eternal,[Zomato Order] Insecure deeplink leads to sensitive information disclosure,hackerone.com/reports/532225,113,750.0,,2021-09-23
532643,Shopify,Stored - XSS,hackerone.com/reports/532643,27,0.0,Cross-site Scripting (XSS) - Stored,2019-05-28
532667,Node.js third-party modules,Server Side JavaScript Code Injection,hackerone.com/reports/532667,10,0.0,Code Injection,2019-10-03
532836,EXNESS,[com.exness.android.pa Android] Universal XSS in webview. Lead to steal user cookies,hackerone.com/reports/532836,26,400.0,Improper Access Control - Generic,2022-05-24
534450,Superhuman (formerly Grammarly),Account takeover through the combination of cookie manipulation and XSS,hackerone.com/reports/534450,290,0.0,Cross-site Scripting (XSS) - Stored,2019-12-03
534541,Nextcloud,Combination of content provider allows private data disclosure,hackerone.com/reports/534541,14,100.0,Improper Access Control - Generic,2019-07-26
534554,Shopify,Unpublished Product Images can be disclosed,hackerone.com/reports/534554,20,500.0,Improper Access Control - Generic,2019-06-12
534630,U.S. Dept Of Defense,Remote Code Execution - Unauthenticated Remote Command Injection (via Microsoft SharePoint CVE-2019-0604),hackerone.com/reports/534630,13,0.0,OS Command Injection,2020-05-11
534794,GitLab,Importing GitLab project archives can replace uploads of other users,hackerone.com/reports/534794,148,0.0,Insecure Direct Object Reference (IDOR),2019-12-11
534887,Rocket.Chat,Custom crafted message object in Meteor.Call allows remote code execution and impersonation,hackerone.com/reports/534887,5,0.0,Code Injection,2021-10-11
534908,pixiv,CSRF at https://chatstory.pixiv.net/imported,hackerone.com/reports/534908,31,500.0,Cross-Site Request Forgery (CSRF),2020-07-02
535436,Superhuman (formerly Grammarly),Lack or Origin check leads to Cross-Site Websocket Hijacking (CSWSH),hackerone.com/reports/535436,134,800.0,Improper Access Control - Generic,2020-01-04
535827,shopify-scripts,Buffer overflow in yywarning_s,hackerone.com/reports/535827,33,1000.0,Classic Buffer Overflow,2019-09-04
536134,Starbucks,Store Development Resource Center was vulnerable to a Remote Code Execution - Unauthenticated Remote Command Injection (CVE-2019-0604),hackerone.com/reports/536134,57,0.0,OS Command Injection,2019-12-12
536853,HackerOne,Unreleased CTF Levels are Revealed on /group/user/ID1?user=USERID endpoint,hackerone.com/reports/536853,161,0.0,Insecure Direct Object Reference (IDOR),2019-04-23
536954,Node.js,Vulnerability in http-parser & embedded NULL header handling,hackerone.com/reports/536954,1,0.0,Improper Null Termination,2020-02-13
537047,Lyst,[https://█████████/]&&[https://█████████/] Open Redirection,hackerone.com/reports/537047,18,0.0,Open Redirect,2022-03-22
537670,Eternal,[Zomato for Business Android] Vulnerability in exported activity WebView,hackerone.com/reports/537670,52,0.0,,2021-09-23
538008,WordPress,Add users to groups who have restricted group invites,hackerone.com/reports/538008,32,0.0,Improper Access Control - Generic,2019-07-27
538651,Ed,securitytemplate.site domain hijack,hackerone.com/reports/538651,16,0.0,Improper Access Control - Generic,2019-04-15
538771,U.S. Dept Of Defense,LFI with potential to RCE on ██████ using CVE-2019-3396,hackerone.com/reports/538771,58,0.0,Remote File Inclusion,2019-10-04
538800,Khan Academy,Account takeover by changing email,hackerone.com/reports/538800,79,0.0,Cross-Site Request Forgery (CSRF),2019-05-17
538938,Node.js third-party modules,[domokeeper] Unintended Require,hackerone.com/reports/538938,6,0.0,Path Traversal,2019-07-04
540242,Uber,Pre-auth Remote Code Execution on multiple Uber SSL VPN servers,hackerone.com/reports/540242,80,2000.0,Command Injection - Generic,2021-02-24
540301,Automattic,Wordpress VIP leaks email of the test a/c,hackerone.com/reports/540301,52,0.0,Information Disclosure,2019-05-28
540399,Starbucks,Reflected XSS on card.starbucks.com.sg/unsub.php via the 'ct' Parameter,hackerone.com/reports/540399,7,0.0,Cross-site Scripting (XSS) - Reflected,2019-12-12
540711,GitLab,Access Projects And create projects in gitlab pre production server,hackerone.com/reports/540711,28,0.0,Improper Access Control - Generic,2019-08-28
541020,Valve,GetGlobalAchievementPercentagesForApp is missing the same release checks as GetSchemaForGame,hackerone.com/reports/541020,22,0.0,Information Disclosure,2020-02-19
541169,GitLab,GitLab::UrlBlocker validation bypass leading to full Server Side Request Forgery,hackerone.com/reports/541169,71,0.0,Server-Side Request Forgery (SSRF),2019-12-12
541199,Starbucks,Reflected XSS on card.starbucks.com.sg/unsubRevert.php via the 'ct' Parameter,hackerone.com/reports/541199,4,0.0,Cross-site Scripting (XSS) - Reflected,2019-12-12
541354,Node.js third-party modules,A specifically malformed MQTT Subscribe packet crashes MQTT Brokers using the mqtt-packet module for decoding  ,hackerone.com/reports/541354,3,0.0,Buffer Over-read,2019-04-28
541502,Node.js third-party modules,"[https-proxy-agent] Socket returned without TLS upgrade on non-200 CONNECT response, allowing request data to be sent over unencrypted connection",hackerone.com/reports/541502,4,0.0,Man-in-the-Middle,2019-09-25
541606,Shopify,[Privilege Escalation] Shopify Admin -- Permission from Settings to Customer,hackerone.com/reports/541606,33,0.0,,2019-07-05
541760,Hiro,"Blockstack Browser For Mac leaks ""Core API Password"" to 3rd parties",hackerone.com/reports/541760,8,0.0,Information Disclosure,2025-10-31
541862,pixiv,Open redirect protection (https://www.pixiv.net/jump.php) is broken for novels,hackerone.com/reports/541862,42,200.0,Open Redirect,2019-10-01
542180,Valve,Malformed NAV file leads to buffer overflow and code execution in Left4Dead2.exe,hackerone.com/reports/542180,268,10000.0,Classic Buffer Overflow,2020-03-25
542258,Shopify,Cross Site Scripting at https://app.oberlo.com/,hackerone.com/reports/542258,16,0.0,Cross-site Scripting (XSS) - Stored,2019-05-26
542340,Uber,Sensitive user information disclosure at bonjour.uber.com/marketplace/_rpc via the 'userUuid' parameter,hackerone.com/reports/542340,642,0.0,Information Disclosure,2019-09-09
542670,Revive Adserver,Deserialization of Untrusted Data in www/delivery/dxmlrpc.php,hackerone.com/reports/542670,11,0.0,Deserialization of Untrusted Data,2019-04-23
543775,8x8,Sensitive data disclosure via exposed phpunit file,hackerone.com/reports/543775,1,0.0,Information Disclosure,2020-06-09
543782,Monero,Excessive Resource Usage,hackerone.com/reports/543782,9,0.0,Uncontrolled Resource Consumption,2019-07-03
544096,Valve,[Source Engine] Material path truncation leads to Remote Code Execution,hackerone.com/reports/544096,60,2500.0,Improper Input Validation,2021-05-06
544329,X / xAI,IDOR and statistics leakage in Orders ,hackerone.com/reports/544329,141,289.0,Insecure Direct Object Reference (IDOR),2019-06-14
544334,U.S. Dept Of Defense,[Critical] Possibility to takeover any user account #2 without interaction on the https://██████████,hackerone.com/reports/544334,8,0.0,Privilege Escalation,2019-10-04
544928,Ubiquiti Inc.,Privilege Escalation From user to SYSTEM via unauthenticated command execution ,hackerone.com/reports/544928,553,0.0,Command Injection - Generic,2019-11-08
545052,curl,Github wikis are editable by anyone #Githubwikistakeover,hackerone.com/reports/545052,6,0.0,Improper Access Control - Generic,2019-05-25
545136,RATELIMITED,HTTP PUT method is enabled downloader.ratelimited.me,hackerone.com/reports/545136,40,0.0,,2022-08-07
546753,Nextcloud,Remote Code Execution via Extract App Plugin,hackerone.com/reports/546753,124,0.0,OS Command Injection,2019-05-30
547145,ok.ru,[okl.lt] Раскрытие администраторских функций в .js + Возможность использования этих функций.,hackerone.com/reports/547145,12,0.0,Privilege Escalation,2019-07-23
547630,curl,CVE-2019-5435: An integer overflow found in /lib/urlapi.c,hackerone.com/reports/547630,24,0.0,Incorrect Calculation of Buffer Size,2020-12-05
547663,Trint Ltd,IDOR in changing shared file name,hackerone.com/reports/547663,36,0.0,Insecure Direct Object Reference (IDOR),2019-06-22
548094,Ping Identity,Internal Hostname disclosure from multiple Apache servers via blank host header method,hackerone.com/reports/548094,21,150.0,Information Disclosure,2020-03-12
548587,Khan Academy,Users can make accounts with a fake email address.,hackerone.com/reports/548587,10,0.0,,2019-04-25
549040,GitLab,Clientside resource Exhausting by exploiting gitlab math rendering ,hackerone.com/reports/549040,50,0.0,Uncontrolled Resource Consumption,2019-10-01
549355,Starbucks,Blind SQL Injection on starbucks.com.gt and WAF Bypass  :*,hackerone.com/reports/549355,210,0.0,SQL Injection,2019-06-19
549364,HackerOne,Account recovery text message is sending a wrong domain to users.,hackerone.com/reports/549364,117,0.0,Business Logic Errors,2019-05-31
549831,Nextcloud,External Storage - WebDAV - New user has access to storage from deleted user (same user-ID),hackerone.com/reports/549831,2,0.0,Insecure Storage of Sensitive Information,2021-02-14
549882,Vimeo,"SSRF  leaking internal google cloud data through upload function [SSH Keys, etc..]",hackerone.com/reports/549882,276,0.0,Server-Side Request Forgery (SSRF),2019-12-13
550266,ok.ru,[okmedia.insideok.ru] Web Cache Poisoing & XSS,hackerone.com/reports/550266,14,0.0,Cross-site Scripting (XSS) - Stored,2019-07-23
550625,Valve,[CS:GO] Unchecked texture file name with TEXTUREFLAGS_DEPTHRENDERTARGET can lead to Remote Code Execution,hackerone.com/reports/550625,47,2500.0,Stack Overflow,2021-05-06
550696,curl,CVE-2019-5436: Heap Buffer Overflow at lib/tftp.c,hackerone.com/reports/550696,16,0.0,Heap Overflow,2019-05-31
550937,Automattic,Insufficient DKIM record with RSA 512-bit key used on WordPress.com,hackerone.com/reports/550937,27,0.0,Inadequate Encryption Strength,2019-05-30
557154,GitLab,DoS attack via comment on Issue,hackerone.com/reports/557154,84,1000.0,Uncontrolled Resource Consumption,2019-11-21
560668,LinkedIn,Access to resumes applied through LinkedIn Jobs,hackerone.com/reports/560668,79,0.0,Information Disclosure,2023-09-22
561805,Nextcloud,W3 Total Cache plugin multiple vulnerabilities,hackerone.com/reports/561805,3,0.0,,2019-07-28
562335,ownCloud,Remote Code Execution through Deserialization Attack in OwnBackup app.,hackerone.com/reports/562335,16,0.0,Deserialization of Untrusted Data,2019-07-01
562417,HackerOne,Open Redirection in [https://www.hackerone.com/index.php],hackerone.com/reports/562417,33,0.0,Open Redirect,2019-05-08
564196,Shopify,help.shopify.com Cross Site Scripting,hackerone.com/reports/564196,71,0.0,Cross-site Scripting (XSS) - Stored,2019-05-12
565736,HackerOne,View HackerOne challenge scope before challenge begins,hackerone.com/reports/565736,48,0.0,Forced Browsing,2019-07-11
565883,GitLab,Bypass Email Verification -- Able to Access Internal Gitlab Services that use Login with Gitlab and Perform Check on email domain,hackerone.com/reports/565883,249,0.0,Reliance on Untrusted Inputs in a Security Decision,2019-08-30
566056,Node.js third-party modules,[larvitbase-api] Unintended Require,hackerone.com/reports/566056,7,0.0,Remote File Inclusion,2019-08-20
566811,U.S. Dept Of Defense,████ - Complete account takeover,hackerone.com/reports/566811,26,0.0,Improper Authentication - Generic,2020-05-11
568832,Automattic,No rate limit on app.crowdsignal.com (Finish quiz),hackerone.com/reports/568832,21,0.0,Business Logic Errors,2019-07-27
569241,Shopify,Reflected XSS ,hackerone.com/reports/569241,48,0.0,Cross-site Scripting (XSS) - Reflected,2019-05-28
569891,Node.js third-party modules,[min-http-server] List any file in the folder by using path traversal.,hackerone.com/reports/569891,8,0.0,Path Traversal,2020-08-26
569966,Node.js third-party modules,[serve-here.js] List any file in the folder by using path traversal.,hackerone.com/reports/569966,8,0.0,Path Traversal,2019-06-24
570035,Node.js third-party modules,[statichttpserver] List any file in the folder by using path traversal.,hackerone.com/reports/570035,5,0.0,Path Traversal,2019-08-25
570133,Node.js third-party modules,[http-file-server] List any files and sub folders in the folder by using path traversal.,hackerone.com/reports/570133,7,0.0,Path Traversal,2019-07-10
570563,Node.js third-party modules,[http-file-server] Stored XSS in the filename when directories listing,hackerone.com/reports/570563,10,0.0,Cross-site Scripting (XSS) - Stored,2019-07-24
570568,Node.js third-party modules,[min-http-server] Stored XSS in the filename when directories listing,hackerone.com/reports/570568,3,0.0,,2019-07-24
570651,Starbucks,Subdomain takeover of mydailydev.starbucks.com,hackerone.com/reports/570651,122,0.0,Externally Controlled Reference to a Resource in Another Sphere,2019-05-22
574638,Uber,Lack of proper paymentProfileUUID validation allows any number of free rides without any outstanding balance,hackerone.com/reports/574638,82,0.0,Business Logic Errors,2019-07-18
574639,X / xAI,Reports Modal in app.mopub.com Disclose by any user,hackerone.com/reports/574639,9,280.0,Information Disclosure,2019-10-02
574962,X / xAI,Verify any unused email address,hackerone.com/reports/574962,197,560.0,Improper Access Control - Generic,2019-06-24
575562,Nextcloud,Blind Stored XSS on iOS App due to Unsanitized Webview,hackerone.com/reports/575562,28,100.0,Cross-site Scripting (XSS) - Stored,2020-03-07
576288,Chainlink,Testnet address being sent in cleartext as http://rinkeby.chain.link/ is missing SSL certificate,hackerone.com/reports/576288,19,0.0,Cleartext Transmission of Sensitive Information,2019-07-17
576504,Revive Adserver,Authentication Bypass by abusing Insecure crypto tokens in /lib/OA/Dal/PasswordRecovery.php:,hackerone.com/reports/576504,31,0.0,Improper Authentication - Generic,2019-05-21
576532,Shopify,DOM XSS via Shopify.API.remoteRedirect,hackerone.com/reports/576532,16,0.0,Cross-site Scripting (XSS) - DOM,2019-06-05
576887,U.S. Dept Of Defense,RCE on █████ via CVE-2017-10271,hackerone.com/reports/576887,68,0.0,Code Injection,2019-07-01
577584,Valve,ISteamAssets gives partners control over unrelated community market transactions,hackerone.com/reports/577584,109,0.0,Improper Access Control - Generic,2019-05-23
577612,U.S. Dept Of Defense,MSSQL injection via param Customwho in https://█████/News/Transcripts/Search/Sort/ and WAF bypass,hackerone.com/reports/577612,11,0.0,SQL Injection,2019-10-10
577920,X / xAI,login csrf in analytics.mopub.com,hackerone.com/reports/577920,12,280.0,Cross-Site Request Forgery (CSRF),2019-10-02
578119,GitLab,Privilege escalation due to insecure use of logrotate,hackerone.com/reports/578119,32,0.0,Privilege Escalation,2019-10-01
578138,Node.js third-party modules,[http_server] Stored XSS in the filename when directories listing,hackerone.com/reports/578138,61,0.0,Cross-site Scripting (XSS) - Stored,2019-09-13
579116,Nextcloud,Vulnerable W3 Total Cache plugin version in use on nextcloud.com,hackerone.com/reports/579116,5,0.0,Cross-Site Request Forgery (CSRF),2019-06-21
579517,Node.js third-party modules,[hnzserver] Path Traversal allowing to read any files on the server,hackerone.com/reports/579517,4,0.0,Path Traversal,2020-09-24
579523,Node.js third-party modules,[http_server] Path Traversal allowing to read any files on the server,hackerone.com/reports/579523,2,0.0,Path Traversal,2020-09-24
579560,Node.js third-party modules,[larvitbase-www] Unintended Require,hackerone.com/reports/579560,6,0.0,Remote File Inclusion,2019-09-03
579760,Django,Jenkins Unauthenticated RCE on https://djangoci.com/,hackerone.com/reports/579760,22,0.0,OS Command Injection,2019-05-16
580268,Uber,"API on campus-vtc.com allows access to ~100 Uber users full names, email addresses and telephone numbers.",hackerone.com/reports/580268,34,750.0,Information Disclosure,2021-07-08
581939,Node.js third-party modules,[static-server-gx] Path Traversal allowing to read any files on the server,hackerone.com/reports/581939,2,0.0,Path Traversal,2020-09-03
582349,GitLab,Last pipeline status for MR leaked ,hackerone.com/reports/582349,10,0.0,Improper Authentication - Generic,2019-10-01
583184,Valve,Arbitrary File Write as SYSTEM from unprivileged user,hackerone.com/reports/583184,71,1250.0,Privilege Escalation,2020-01-15
583710,Imgur,"BUG XSS IN ""ADD IMAGES""",hackerone.com/reports/583710,19,0.0,Cross-site Scripting (XSS) - Stored,2019-07-18
583819,X / xAI,cookie injection allow dos attack to periscope.tv,hackerone.com/reports/583819,26,560.0,Uncontrolled Resource Consumption,2019-07-03
583987,X / xAI,Periscope android app deeplink leads to CSRF in follow action,hackerone.com/reports/583987,224,1540.0,Cross-Site Request Forgery (CSRF),2020-02-21
584582,VK.com,Просмотр закрытых фотографий,hackerone.com/reports/584582,24,500.0,Information Disclosure,2021-12-15
584603,Valve,RCE on CS:GO client using unsanitized entity ID in EntityMsg message,hackerone.com/reports/584603,208,9000.0,Out-of-bounds Read,2021-05-27
584757,Internet Bug Bounty,Null Pointer Dereference in phar_create_or_parse_filename,hackerone.com/reports/584757,3,0.0,NULL Pointer Dereference,2020-10-10
586251,Homebrew,Homebrew installed LaunchDaemons create simple root esclations,hackerone.com/reports/586251,8,0.0,Privilege Escalation,2019-05-24
587214,U.S. Dept Of Defense,██████ Authenticated User Data Disclosure,hackerone.com/reports/587214,7,0.0,Information Disclosure,2019-10-04
587687,Trint Ltd,IDOR to update folder name of other user,hackerone.com/reports/587687,26,0.0,Insecure Direct Object Reference (IDOR),2019-07-03
587727,phpBB,"CSS injection via BB code tag ""█████""",hackerone.com/reports/587727,28,0.0,Resource Injection,2019-09-26
587733,Flickr,"Improper access control in place for ""member only"" groups via root.YUI_config.flickr.api.site_key",hackerone.com/reports/587733,15,0.0,Improper Access Control - Generic,2021-05-03
587854,GitLab,"Local files could be overwritten in GitLab, leading to remote command execution",hackerone.com/reports/587854,542,12000.0,Command Injection - Generic,2019-07-17
587910,HackerOne,Password not checked when disabling 2FA on HackerOne,hackerone.com/reports/587910,95,0.0,Violation of Secure Design Principles,2019-06-07
588239,Tor,Detect Tor Browser's language,hackerone.com/reports/588239,11,0.0,Privacy Violation,2019-05-29
588562,Nextcloud,Memory Leak in OCUtil.dll library in Desktop client can lead to DoS,hackerone.com/reports/588562,40,100.0,Uncontrolled Resource Consumption,2020-08-06
589400,VK.com,Просмотр любых статей по их айди.,hackerone.com/reports/589400,10,200.0,Information Disclosure,2019-07-11
589739,Node.js,Multiple HTTP/2 DOS Issues,hackerone.com/reports/589739,9,0.0,Uncontrolled Resource Consumption,2019-08-16
590020,Internet Bug Bounty,CRLF Injection in urllib,hackerone.com/reports/590020,341,1000.0,CRLF Injection,2020-05-06
590279,Valve,[CS 1.6] Map cycle abuse allows arbitrary file read/write,hackerone.com/reports/590279,22,750.0,Improper Access Control - Generic,2021-02-22
590319,Nextcloud,Linux client is vulnerable to directory traversal when downloading files,hackerone.com/reports/590319,14,250.0,Path Traversal,2020-08-17
591002,Unikrn,Full Path Disclosure,hackerone.com/reports/591002,5,0.0,,2019-05-29
591295,X / xAI,Potential pre-auth RCE on Twitter VPN,hackerone.com/reports/591295,1241,20160.0,OS Command Injection,2019-08-10
591302,Automattic,Denial of service to WP-JSON API by cache poisoning the CORS allow origin header,hackerone.com/reports/591302,405,0.0,Uncontrolled Resource Consumption,2020-04-16
591432,X / xAI,Twitter Periscope Clickjacking Vulnerability,hackerone.com/reports/591432,143,1120.0,UI Redressing (Clickjacking),2019-07-10
591770,curl,Signed integer overflow in tool_progress_cb(),hackerone.com/reports/591770,4,0.0,Integer Overflow,2019-10-04
591786,Shopify,XSS on services.shopify.com,hackerone.com/reports/591786,43,500.0,Cross-site Scripting (XSS) - Stored,2019-06-14
591813,Uber,[Pre-Submission][H1-4420-2019] API access to Phabricator on code.uberinternal.com from leaked certificate in git repo,hackerone.com/reports/591813,449,39999.99,Insecure Storage of Sensitive Information,2021-02-25
592094,Monero,Remote Daemon RPC Attack,hackerone.com/reports/592094,4,0.0,,2019-07-03
592200,Monero,Remote P2P DoS,hackerone.com/reports/592200,6,0.0,,2019-07-03
592316,WordPress,Stored XSS on byddypress Plug-in via groups name,hackerone.com/reports/592316,132,0.0,Cross-site Scripting (XSS) - Stored,2019-07-27
592400,Starbucks,"Blind SQLi leading to RCE, from Unauthenticated access to a test API Webservice",hackerone.com/reports/592400,236,0.0,SQL Injection,2019-07-22
592525,Node.js third-party modules,Lack of input validation and sanitization in react-autolinker-wrapper library causes XSS ,hackerone.com/reports/592525,5,0.0,Cross-site Scripting (XSS) - Generic,2019-12-15
592803,Automattic,Gaining unlimited bonus points on websites with WooCommerce Points and Rewards,hackerone.com/reports/592803,23,0.0,Business Logic Errors,2019-07-05
592864,Nextcloud,Non-admin users can trigger writes to memcached by entering a malicious server as a share URL,hackerone.com/reports/592864,15,100.0,CRLF Injection,2020-07-09
592885,Unikrn,multiple vulnerabilities on your mautic server,hackerone.com/reports/592885,7,0.0,,2019-07-10
593229,Internet Bug Bounty,Out-of-bounds read in iconv.c:_php_iconv_mime_decode() due to integer overflow,hackerone.com/reports/593229,58,1500.0,Buffer Over-read,2020-10-12
593893,Magic,CSRF in generating developer api_key,hackerone.com/reports/593893,17,500.0,Cross-Site Request Forgery (CSRF),2019-11-01
593911,Node.js third-party modules,[public] Path traversal using symlink,hackerone.com/reports/593911,3,0.0,Path Traversal,2019-08-28
593926,Homebrew,Homebrew privilege escalation vulnerability,hackerone.com/reports/593926,10,0.0,Privilege Escalation,2019-06-27
594080,Infogram,Privilege escalation allows to use iframe functionality w/o upgrade,hackerone.com/reports/594080,35,0.0,Privilege Escalation,2019-06-05
596363,VK.com,Бесконечный доступ к аккаунту если мы смогли хотя бы раз зайти на аккаунт.,hackerone.com/reports/596363,14,500.0,Privilege Escalation,2019-07-11
600359,curl,Integer overflow in the source code tool_cb_prg.c,hackerone.com/reports/600359,3,0.0,Integer Overflow,2021-02-08
